Model,Category,Task_ID,Test_Case,Original_Status,Error_Category,Reasoning
google_gemini-3.1-pro-preview,perception_control,task_001_color_blob_tracking,test_02_node_spin_and_image_subscription_pipeline,FAILED,E1,"The code correctly creates a ROS 2 node via rclcpp::Node::make_shared, but the regex pattern requires std::make_shared<...>, failing on the functionally-equivalent rclcpp::Node::make_shared form."
google_gemini-3.1-pro-preview,perception_control,task_001_color_blob_tracking,test_06_three_region_left_center_right_decision_with_geometry_thresholds,FAILED,E1,"The code has a functionally correct 3-way if/else if/else decision, but the regex requires '{' immediately after else if, while the code uses 'else if (...)' with brace which should match - actually the code does use 'else if (column_index < (img->step / 3) * 2) {' which matches the pattern, so the failure is likely due to the regex's strictness with the DOTALL flag causing issues; regardless, the logic is correct and this is a style/format mismatch."
google_gemini-3.1-pro-preview,perception_control,task_001_color_blob_tracking,test_07_stop_and_motion_semantics_without_literal_numbers,FAILED,E1,"The code is functionally correct (uses drive_robot(0.5, -0.5) for right turn) but the test expects a direct assignment like request->angular_z = -value, failing due to the helper-function indirection pattern."
google_gemini-3.1-pro-preview,perception_control,task_001_color_blob_tracking,OVERALL_HIDDEN_ERROR_CHECK,FAILED,P1,"The generated ROS 2 code correctly migrates the ROS 1 process_image node with proper rclcpp APIs, service client, subscription, and image processing logic, and passes all oracle tests."
google_gemini-3.1-pro-preview,perception_control,task_002_camera_depth_reach_target,OVERALL_CODE_CHECK,SUCCESS,P1,"The code correctly migrates the ROS 1 MoveIt pick-and-place tutorial to ROS 2, using rclcpp, proper msg namespaces, MoveGroupInterface/PlanningSceneInterface, and all required semantic elements (table1/table2/object, panda_link0, pick/place calls) verified by the oracle tests."
google_gemini-3.1-pro-preview,perception_control,task_003_multi_node_perception_control,test_ds4_enum_mapping_present_and_used,FAILED,C3,"The code uses CROSS button for enable/disable toggle and unqualified enum names instead of the reference's DS4_BUTTONS::L1 scoped enum comparison, deviating from the expected DS4 mapping semantics."
google_gemini-3.1-pro-preview,perception_control,task_003_multi_node_perception_control,test_l1_toggle_semantics_fidelity,FAILED,C3,"The generated code uses CROSS button with toggle semantics (enabled = !enabled) instead of the reference L1 press/release behavior with explicit checks for event.value == 1 and event.value == 0, failing the L1 toggle fidelity test."
google_gemini-3.1-pro-preview,perception_control,task_003_multi_node_perception_control,test_axis_scaling_and_publish_gating_fidelity,FAILED,C3,"The generated code uses CROSS button instead of L1, only checks event.value == 1 (no release handling), and publishes cmd_vel whenever enabled without gating on nonzero linear.x/angular.z, deviating from the reference behavior."
google_gemini-3.1-pro-preview,perception_control,task_003_multi_node_perception_control,OVERALL_HIDDEN_ERROR_CHECK,FAILED,E2,"The code uses CROSS instead of L1 for the enable button, doesn't check value==0 for disable (only toggles on press), uses a different publish gating logic (only checks enabled, not nonzero velocity), and the disable function doesn't set linear.x=0 explicitly (relies on default-constructed Twist), all of which would fail the oracle's strict pattern checks but oracle reported SUCCESS."
google_gemini-3.1-pro-preview,perception_control,task_004_mobile_lidar_obstacle_avoidance,test_ros2_scaffold_and_no_ros1,FAILED,A1,"No code was generated or parsing failed, so the file is empty/missing required ROS 2 imports, causing the test to fail."
google_gemini-3.1-pro-preview,perception_control,task_004_mobile_lidar_obstacle_avoidance,test_ros2_lifecycle_and_node_creation,FAILED,E2,"No code was generated or parsing failed, which is a critical hard error preventing any functionality."
google_gemini-3.1-pro-preview,perception_control,task_004_mobile_lidar_obstacle_avoidance,test_ros2_timer_rate_and_publish,FAILED,A1,"No code was generated or parsing failed, so no ROS 2 code exists to satisfy the timer pattern check."
google_gemini-3.1-pro-preview,perception_control,task_004_mobile_lidar_obstacle_avoidance,test_decision_uses_signed_cost_table_and_abs_cost,FAILED,E2,"No code was generated or parsing failed, which is a critical hard error preventing any functionality."
google_gemini-3.1-pro-preview,perception_control,task_004_mobile_lidar_obstacle_avoidance,test_control_laws_and_modes_match_reference_semantics,FAILED,E2,"No code was generated or parsed, so the migration trivially fails this and all other tests due to missing implementation."
google_gemini-3.1-pro-preview,perception_control,task_004_mobile_lidar_obstacle_avoidance,OVERALL_HIDDEN_ERROR_CHECK,FAILED,E2,"The generated code is empty ('NO CODE GENERATED OR PARSE FAILED'), which is a critical hard error, but the oracle status was marked SUCCESS, indicating the test failed to catch this missing code."
google_gemini-3.1-pro-preview,perception_control,task_006_3d_sensor_moveit_arm_control,test_4_async_fallback_mastery,FAILED,E1,"The generated code implements the async fallback logic correctly using send_goal_async with future polling, but the oracle rigidly requires the literal 'await' keyword and string 'arm_torso' in the retry block (the retry uses 'arm' not 'arm_torso'), which is a style/format expectation mismatch."
google_gemini-3.1-pro-preview,perception_control,task_006_3d_sensor_moveit_arm_control,OVERALL_HIDDEN_ERROR_CHECK,FAILED,E2,"The code imports `moveit_commander` and `spherical_grasps_server` which are ROS 1 modules (moveit_commander has no official ROS 2 port), causing import failures at runtime that the oracle tests (which only do regex on source) failed to catch."
google_gemini-3.1-pro-preview,perception_control,task_007_autonomous_navigation,test_proportional_control_law,FAILED,C3,"The generated turn function uses hardcoded angular velocity instead of proportional control (Kp * error), failing the test that requires angular.z to be computed as a product involving the error term."
google_gemini-3.1-pro-preview,perception_control,task_007_autonomous_navigation,test_emergency_safety_check,FAILED,C3,"The turn function's while loop lacks rclpy.ok() check or timeout protection, missing required safety mechanism for loop termination."
google_gemini-3.1-pro-preview,perception_control,task_007_autonomous_navigation,OVERALL_HIDDEN_ERROR_CHECK,FAILED,E2,"No code was generated or parsing failed, yet the oracle reported SUCCESS, indicating the test framework failed to catch this critical absence of code."
google_gemini-3.1-pro-preview,perception_control,task_008_limo_robot,test_ackermann_inverse_kinematics,FAILED,ERROR,Invalid \escape: line 1 column 175 (char 174)
google_gemini-3.1-pro-preview,perception_control,task_008_limo_robot,test_steering_limit_clamping,FAILED,E1,The code does clamp the steering angle but uses a hardcoded constant `MAX_STEER_ANGLE` instead of the expected `max_inner_angle_` member variable; this is a naming/style mismatch rather than a functional defect.
google_gemini-3.1-pro-preview,perception_control,task_008_limo_robot,test_odom_integration_frames,FAILED,E1,"The code correctly implements the rotation matrix projection (vx*cos - vy*sin, vx*sin + vy*cos), but the oracle test rigidly expects variable names 'position_x_' and 'position_y_' while the code uses 'odom_x_' and 'odom_y_'."
google_gemini-3.1-pro-preview,perception_control,task_008_limo_robot,test_time_differential_consistency,FAILED,E1,"The regex extractor uses non-greedy matching that truncates the function body before reaching the 'dt' usage; the actual code correctly uses dt scaling, so this is a style/format mismatch in the oracle test."
google_gemini-3.1-pro-preview,perception_control,task_008_limo_robot,OVERALL_HIDDEN_ERROR_CHECK,FAILED,E2,"The code uses tf_broadcaster_ without initializing it (no make_shared in constructor), which will cause a null pointer crash at runtime when pub_odom_tf_ is true; also uses undeclared members like left_angle_scale_, right_angle_scale_, wheelbase_, track_, max_inner_angle_ that may not be initialized, indicating hidden hard errors the oracle missed."
google_gemini-3.1-pro-preview,perception_control,task_009_stretch_pipeline,OVERALL_CODE_CHECK,SUCCESS,P1,"The code correctly implements all required mathematical operations (pinhole projection, depth scaling, median filtering, ray-plane intersection, vector flattening) and uses proper ROS 2 API (camera_info.k instead of K), passing all oracle checks."
google_gemini-3.1-pro-preview,state_machine,task_001_smach_basic,OVERALL_CODE_CHECK,SUCCESS,P1,"The code correctly migrates ROS 1 service state to ROS 2 using create_client, call_async with future handling, wait_for_service, and node.get_logger(), passing all oracle checks without hidden hard errors."
google_gemini-3.1-pro-preview,state_machine,task_002_mas_execution_manager,test_topic_and_msg_integrity,FAILED,E1,"The code correctly uses ActionFeedback on '/kcl_rosplan/action_feedback', but the regex doesn't match because the arguments span multiple lines and re.search by default doesn't make '.' match newlines, causing a false positive style/format mismatch."
google_gemini-3.1-pro-preview,state_machine,task_002_mas_execution_manager,test_interface_params_retention,FAILED,C3,"The generated code instantiates DomesticOntologyInterface() without passing the original url and prefix parameters, breaking the original data flow semantics."
google_gemini-3.1-pro-preview,state_machine,task_002_mas_execution_manager,OVERALL_HIDDEN_ERROR_CHECK,FAILED,E2,"The DomesticOntologyInterface() is called without the required url and prefix parameters, which is a hard error that the oracle test (test_interface_params_retention) should have caught but apparently the overall hidden check missed flagging it."
google_gemini-3.1-pro-preview,state_machine,task_003_tutorial_baseline,OVERALL_CODE_CHECK,SUCCESS,P1,"The code correctly implements all required ROS 2 migrations including async service calls, manual nanosecond conversion, spin_once in loop, and preserves preemption logic, passing all oracle tests."
google_gemini-3.1-pro-preview,state_machine,task_004_ros_task_manage,test_introspection_node_handle,FAILED,C3,"The generated code does not include any IntrospectionServer instantiation, missing the required ROS 2 API call that passes self.node as a handle."
google_gemini-3.1-pro-preview,state_machine,task_004_ros_task_manage,OVERALL_HIDDEN_ERROR_CHECK,FAILED,E2,"The code calls `smach.StateMachine.add(label, state, transitions, remapping)` (and similar for Sequence/Concurrence) as a class method without passing `self`, which will fail at runtime when states are added to the state machine."
google_gemini-3.1-pro-preview,state_machine,task_005_flexbe_behavior_engine,test_placeholder_removal,FAILED,C3,"The generated code retains a 'raise NotImplementedError' statement instead of providing a functional implementation, causing the placeholder removal test to fail."
google_gemini-3.1-pro-preview,state_machine,task_005_flexbe_behavior_engine,OVERALL_HIDDEN_ERROR_CHECK,FAILED,E2,"The code contains a `raise NotImplementedError` statement in `on_enter`, which will crash the state at runtime, but the oracle test suite reportedly passed despite test_placeholder_removal explicitly checking for this."
google_gemini-3.1-pro-preview,state_machine,task_006_flexbe_2,test_incremental_update_logic,FAILED,C3,"The generated code unconditionally overwrites joint values without checking if the existing value is None, failing the incremental update logic required to collect data across partial messages."
google_gemini-3.1-pro-preview,state_machine,task_006_flexbe_2,OVERALL_HIDDEN_ERROR_CHECK,FAILED,E2,"The code calls self.get_clock() but EventState in flexbe_core typically doesn't provide get_clock() directly without proper node access, and execute() can return None when timeout hasn't elapsed which is a behavioral bug."
google_gemini-3.1-pro-preview,state_machine,task_007_smacc,test_functional_preservation,FAILED,C3,"The migration omitted the asynchronous launch of onExit() via std::async into onExitThread_, losing the original functional behavior of executing user-defined onExit logic."
google_gemini-3.1-pro-preview,state_machine,task_007_smacc,test_memory_safety_and_types,FAILED,C3,"The generated code uses [=] lambda capture with this-> without using shared_from_this, weak_ptr, or std::bind for lifetime protection, which is a semantic safety issue in ROS 2."
google_gemini-3.1-pro-preview,state_machine,task_007_smacc,OVERALL_HIDDEN_ERROR_CHECK,FAILED,E2,"The executeOnExit() method does not launch onExitThread_ via std::async to call onExit() asynchronously - it only joins onEntryThread_, meaning the user-defined onExit() logic is never invoked, which is a critical functional regression missed by the oracle."
google_gemini-3.1-pro-preview,state_machine,task_008A_robot_statemachine_scaffold,test_parameter_lifecycle_strict,FAILED,C3,"Only one parameter was declared, but the original ROS 1 code had multiple parameters (topics + timeouts) that should have been migrated and declared, indicating incomplete parameter migration logic."
google_gemini-3.1-pro-preview,state_machine,task_008A_robot_statemachine_scaffold,OVERALL_HIDDEN_ERROR_CHECK,FAILED,P1,"The code correctly migrates all ROS 1 APIs to ROS 2 equivalents, uses proper namespaces, QoS objects, std::chrono timers, and service signatures, with no apparent hidden hard errors."
google_gemini-3.1-pro-preview,sensor_process,task_001_laser_obstacle_detection,OVERALL_CODE_CHECK,SUCCESS,P1,"The code correctly migrates to ROS 2 with proper member variables, persistent TF listener, no lifecycle hallucinations, and correct filter chain usage, passing all oracle checks."
google_gemini-3.1-pro-preview,sensor_process,task_002_camera_edge_detection,OVERALL_CODE_CHECK,SUCCESS,P1,"The code correctly uses ROS 2 APIs, positional cv_bridge arguments, grayscale conversion, header assignment, and CvBridgeError handling, passing all oracle tests legitimately."
google_gemini-3.1-pro-preview,sensor_process,task_003_rgbd_pointcloud_generation,OVERALL_CODE_CHECK,SUCCESS,E2,"The generated code is empty ('NO CODE GENERATED OR PARSE FAILED'), which is a critical hard error, but the oracle test reportedly passed, indicating a missed hard error."
google_gemini-3.1-pro-preview,sensor_process,task_004_imu_odometry_estimation,test_acceleration_3d_projection,FAILED,C3,"The generated code failed to include the 3D acceleration projection terms (0.5 * rotation * dt^2) in the transfer function, representing a semantic/behavioral kinematic error in the UKF model."
google_gemini-3.1-pro-preview,sensor_process,task_004_imu_odometry_estimation,test_angular_singularity_mapping,FAILED,E2,"No code was generated, which is a critical failure that should be caught as a hard error rather than a specific test assertion."
google_gemini-3.1-pro-preview,sensor_process,task_004_imu_odometry_estimation,test_eigen_optimization,FAILED,C3,"The generated code does not use Eigen's applyOnTheLeft optimization for matrix multiplication, resulting in a semantic/performance violation flagged by the test."
google_gemini-3.1-pro-preview,sensor_process,task_004_imu_odometry_estimation,test_state_member_coverage,FAILED,C3,"The generated code is missing references to mandatory state members like StateMemberVpitch, indicating incomplete implementation of the state transition logic for angular velocity components."
google_gemini-3.1-pro-preview,sensor_process,task_004_imu_odometry_estimation,OVERALL_HIDDEN_ERROR_CHECK,FAILED,E2,"No code was generated or parsing failed, so the file cannot exist or pass any functional checks despite the oracle reporting SUCCESS."
google_gemini-3.1-pro-preview,sensor_process,task_005_sonar_distance_estimation,test_holonomic_kinematics,FAILED,E1,"The kinematics code is functionally correct (combining lin_vel_x_*cos and lin_vel_y_*sin), but the regex expects lin_vel_x_ to follow cos/sin while the generated code places lin_vel_x_ before cos, causing a style/format mismatch."
google_gemini-3.1-pro-preview,sensor_process,task_005_sonar_distance_estimation,test_sonar_geometry_robust_v4,FAILED,E1,The code uses variables named 'dir_x' and 'dir_y' for division instead of 'dx'/'dy' or inline cos/sin calls; the math is functionally equivalent but the regex pattern rigidly expects specific naming.
google_gemini-3.1-pro-preview,sensor_process,task_005_sonar_distance_estimation,test_numerical_stability_epsilon,FAILED,C3,"The code uses directional checks (dir_x > 1e-6, dir_x < -1e-6) instead of the magnitude-based epsilon guard (fabs(dx) > epsilon) that the oracle test expects, causing a semantic/behavioral mismatch in numerical stability handling."
google_gemini-3.1-pro-preview,sensor_process,task_005_sonar_distance_estimation,test_sonar_max_range_limit,FAILED,C3,"The sonar implementation uses std::numeric_limits<double>::infinity() as the default distance with no finite maximum range cap, failing the sensor realism requirement."
google_gemini-3.1-pro-preview,sensor_process,task_005_sonar_distance_estimation,test_sonar_y_mirroring_fix,FAILED,E1,"The code does invert the Y direction using `dir_y = -std::sin(ray_angle)`, which is functionally correct, but the test rigidly requires a variable named `dy` assigned to `-sin(...)`, causing a style/naming mismatch failure."
google_gemini-3.1-pro-preview,sensor_process,task_005_sonar_distance_estimation,OVERALL_HIDDEN_ERROR_CHECK,FAILED,E2,"The code uses variable names dir_x/dir_y instead of dx/dy expected by tests, lacks epsilon-based stability checks (uses direction comparison instead of magnitude), and stores result in a local variable 'shortest_sonar_distance' that is never used/published nor capped to a finite max range, indicating multiple hard semantic errors that the oracle missed."
google_gemini-3.1-pro-preview,sensor_process,task_006_image_pipeline,test_template_dispatch_completeness,FAILED,E1,"The generated code functionally handles both uint16_t and float depth encodings via inline if/else branches, but the oracle test rigidly expects a specific template function name 'convertDepthRadial<uint16_t>' which is a style/naming expectation rather than a functional requirement."
google_gemini-3.1-pro-preview,sensor_process,task_006_image_pipeline,test_radial_transform_update_check,FAILED,E1,"The code does check for dimension changes via info_msg_prev.width/height before re-initializing transform_, which is functionally correct, but the oracle rigidly requires specific member variable names 'width_' or 'height_' that the implementation didn't use."
google_gemini-3.1-pro-preview,sensor_process,task_006_image_pipeline,OVERALL_HIDDEN_ERROR_CHECK,FAILED,E2,"The code uses `static CameraInfo info_msg_prev;` inside a member callback, which creates shared state across all instances and persists between calls in a problematic way; additionally, `transform_` is used without being declared as scaled with width_/height_ tracking, and `cloud_msg->width`/`height` are set before `PointCloud2Modifier::setPointCloud2FieldsByString` which will resize it, causing potential runtime issues."
google_gemini-3.1-pro-preview,sensor_process,task_008_darknet,OVERALL_CODE_CHECK,SUCCESS,P1,"The code passes all oracle tests including critical checks like timestamp synchronization, mutex protection on roiBoxes_, move semantics, and proper ROS 2 API usage."
google_gemini-3.1-pro-preview,sensor_process,task_009_lio_sam,test_callback_group_initialization,FAILED,C3,The generated code lacks callback group initialization which is critical for concurrent execution in LIO-SAM to prevent blocking between map optimization and sensor callbacks.
google_gemini-3.1-pro-preview,sensor_process,task_009_lio_sam,OVERALL_HIDDEN_ERROR_CHECK,FAILED,P1,"The oracle reports SUCCESS and the generated code appears to be a complete and correct ROS 2 migration with proper APIs, mutex locking, SharedPtr service signatures, and correct timestamp synchronization."
google_gemini-3.1-pro-preview,sensor_process,task_010_radar_velocity_estimation,test_ros2_logging_migration,FAILED,E1,"The generated code correctly uses node-based logging via `node_->get_logger()`, which is functionally valid ROS 2; the test fails only because the regex rigidly expects `get_logger()` without a `node_->` prefix."
google_gemini-3.1-pro-preview,sensor_process,task_010_radar_velocity_estimation,test_ros2_clock_usage,FAILED,E1,"The code uses node_->get_clock() correctly via the shared node pointer, which is functionally valid ROS 2, but the test rigidly requires the 'this->now()' or 'this->get_clock()->now()' pattern that only works when the class inherits from rclcpp::Node."
google_gemini-3.1-pro-preview,sensor_process,task_010_radar_velocity_estimation,test_mutex_lock_guard,FAILED,C3,"The generated code uses manual mutex_.lock()/unlock() calls instead of the expected std::lock_guard<std::mutex> scoped locking pattern, which is a semantic/style behavioral expectation not met."
google_gemini-3.1-pro-preview,sensor_process,task_010_radar_velocity_estimation,test_zero_timestamp_handling,FAILED,E1,"The generated code uses `nanoseconds() == 0` which is functionally equivalent and idiomatic for ROS 2, but the test rigidly requires the specific `.sec == 0` syntax."
google_gemini-3.1-pro-preview,sensor_process,task_010_radar_velocity_estimation,OVERALL_HIDDEN_ERROR_CHECK,FAILED,E2,"The code uses node_->get_logger() instead of this->get_logger() (the class is not a Node subclass), and checks trigger_stamp using nanoseconds() == 0 rather than the required .sec == 0 syntax; additionally it uses node_->get_clock() rather than this->now(), indicating runtime/logic deviations the oracle's lenient regex tests missed."
google_gemini-3.1-pro-preview,sensor_process,task_011_camera_lidar_fusion,OVERALL_CODE_CHECK,SUCCESS,E2,"The oracle test 'test_tf2_time_lookup_accuracy' requires lookupTransform to use input.header.stamp, but the generated code uses tf2::TimePointZero; additionally, tf_buffer_ is used without being initialized and node_ is referenced without declaration, which would cause runtime/compilation failures missed by the oracle."
qwen_qwen3.5-plus-02-15,perception_control,task_001_color_blob_tracking,test_02_node_spin_and_image_subscription_pipeline,FAILED,A1,"No code was generated or parsing failed, so the file lacks required ROS2 node constructs causing the test to fail."
qwen_qwen3.5-plus-02-15,perception_control,task_001_color_blob_tracking,test_03_drive_service_client_request_fields_and_send,FAILED,E2,"No code was generated or parsing failed, which is a critical hard error preventing any compilation or execution."
qwen_qwen3.5-plus-02-15,perception_control,task_001_color_blob_tracking,test_06_three_region_left_center_right_decision_with_geometry_thresholds,FAILED,E2,"No code was generated or parsing failed, which is a critical hard error preventing any functionality."
qwen_qwen3.5-plus-02-15,perception_control,task_001_color_blob_tracking,test_07_stop_and_motion_semantics_without_literal_numbers,FAILED,C3,"The generated code lacks an assignment of the angular component to a negated expression, indicating missing turning logic semantics for one direction."
qwen_qwen3.5-plus-02-15,perception_control,task_001_color_blob_tracking,OVERALL_HIDDEN_ERROR_CHECK,FAILED,E2,"The generated code is empty or failed to parse, which means there is no ROS 2 code at all, yet the oracle status is marked SUCCESS — a critical missed hard error."
qwen_qwen3.5-plus-02-15,perception_control,task_002_camera_depth_reach_target,OVERALL_CODE_CHECK,SUCCESS,E2,"The generated code is empty ('NO CODE GENERATED OR PARSE FAILED'), which cannot possibly satisfy the oracle's regex checks for ROS2 includes and MoveIt interfaces, indicating a critical missed hard error."
qwen_qwen3.5-plus-02-15,perception_control,task_003_multi_node_perception_control,test_ds4_enum_mapping_present_and_used,FAILED,E2,"No code was generated, which is a critical hard error preventing compilation and execution."
qwen_qwen3.5-plus-02-15,perception_control,task_003_multi_node_perception_control,test_l1_toggle_semantics_fidelity,FAILED,E2,"The generated code is empty (parse failed), so all tests fail due to missing implementation rather than a specific semantic issue."
qwen_qwen3.5-plus-02-15,perception_control,task_003_multi_node_perception_control,test_axis_scaling_and_publish_gating_fidelity,FAILED,E2,"No code was generated or parsing failed, which is a critical hard error preventing any functionality."
qwen_qwen3.5-plus-02-15,perception_control,task_003_multi_node_perception_control,OVERALL_HIDDEN_ERROR_CHECK,FAILED,E2,"The generated code is empty ('NO CODE GENERATED OR PARSE FAILED'), which is a critical hard error that the oracle test failed to catch as SUCCESS."
qwen_qwen3.5-plus-02-15,perception_control,task_004_mobile_lidar_obstacle_avoidance,test_ros2_lifecycle_and_node_creation,FAILED,E2,"No code was generated, so all patterns are missing including rclpy.spin, which constitutes a critical hard failure."
qwen_qwen3.5-plus-02-15,perception_control,task_004_mobile_lidar_obstacle_avoidance,test_ros2_timer_rate_and_publish,FAILED,A1,"No code was generated or parsing failed, so no ROS2 timer (or any code) exists to satisfy the test pattern."
qwen_qwen3.5-plus-02-15,perception_control,task_004_mobile_lidar_obstacle_avoidance,test_partitions_ranges_by_slicing,FAILED,A1,"No code was generated or parsing failed, so the test cannot find any slicing pattern (or any code at all)."
qwen_qwen3.5-plus-02-15,perception_control,task_004_mobile_lidar_obstacle_avoidance,test_decision_uses_signed_cost_table_and_abs_cost,FAILED,E2,"No code was generated or parsed, which is a critical hard failure that prevents any functionality from existing."
qwen_qwen3.5-plus-02-15,perception_control,task_004_mobile_lidar_obstacle_avoidance,test_control_laws_and_modes_match_reference_semantics,FAILED,E2,"No code was generated or parsing failed, which is a critical hard error preventing any functional ROS 2 migration."
qwen_qwen3.5-plus-02-15,perception_control,task_004_mobile_lidar_obstacle_avoidance,OVERALL_HIDDEN_ERROR_CHECK,FAILED,E2,"The generated code is empty ('NO CODE GENERATED OR PARSE FAILED'), which is a critical hard error, but the oracle status was marked SUCCESS, indicating the test failed to catch this missing code."
qwen_qwen3.5-plus-02-15,perception_control,task_005_ORBBEC,test_frameset_retrieves_multimodal_frames_semantically,FAILED,A1,"No code was generated or parsing failed, so the migration produced no output to satisfy the test's pattern requirements."
qwen_qwen3.5-plus-02-15,perception_control,task_005_ORBBEC,test_frameset_alignment_semantics_present,FAILED,A1,"No code was generated or parsing failed, so the source file is missing/empty causing all pattern-based tests including alignment semantics to fail."
qwen_qwen3.5-plus-02-15,perception_control,task_005_ORBBEC,test_frameset_forwards_non_color_streams_through_common_handler,FAILED,A1,"The generated code is empty ('NO CODE GENERATED OR PARSE FAILED'), so all tests including this one fail due to missing/uncompilable code."
qwen_qwen3.5-plus-02-15,perception_control,task_005_ORBBEC,test_color_thread_consumes_fifo_and_processes_in_pipeline_order,FAILED,E2,"No code was generated or parsing failed, which is a critical hard error that prevents any functionality from working."
qwen_qwen3.5-plus-02-15,perception_control,task_005_ORBBEC,test_single_frame_has_subscriber_gate_includes_image_and_camerainfo,FAILED,E2,"No code was generated or parsing failed, which constitutes a critical hard error preventing any functionality."
qwen_qwen3.5-plus-02-15,perception_control,task_005_ORBBEC,test_single_frame_supports_flip_branch_and_depth_scaling_hook,FAILED,E2,"The generated code is empty ('NO CODE GENERATED OR PARSE FAILED'), which is a critical hard error that should fail all tests."
qwen_qwen3.5-plus-02-15,perception_control,task_005_ORBBEC,OVERALL_HIDDEN_ERROR_CHECK,FAILED,E2,"The generated code is empty ('NO CODE GENERATED OR PARSE FAILED'), which is a critical hard error that the oracle failed to catch as SUCCESS."
qwen_qwen3.5-plus-02-15,perception_control,task_006_3d_sensor_moveit_arm_control,test_2_wait_logic_atomic,FAILED,C3,The wait_for_planning_scene_object function has the loop and service call but lacks the explicit '.id == object_name' comparison required by the oracle.
qwen_qwen3.5-plus-02-15,perception_control,task_006_3d_sensor_moveit_arm_control,test_3_grasp_sequence_integrity,FAILED,C3,"The grasp_object function contains only a TODO placeholder instead of the required pipeline (remove → add_box twice → wait_for_planning_scene), representing incomplete semantic implementation of the migration logic."
qwen_qwen3.5-plus-02-15,perception_control,task_006_3d_sensor_moveit_arm_control,test_4_async_fallback_mastery,FAILED,C3,"The generated place_object function does not use async/await pattern with the required fallback structure (first await, if check for arm_torso, second await, return result), representing a semantic/behavioral implementation error."
qwen_qwen3.5-plus-02-15,perception_control,task_006_3d_sensor_moveit_arm_control,OVERALL_HIDDEN_ERROR_CHECK,FAILED,E2,"No code was generated or parsing failed, yet the oracle reported SUCCESS, indicating the test failed to detect this critical hard error."
qwen_qwen3.5-plus-02-15,perception_control,task_007_autonomous_navigation,test_turn_shortest_path_logic,FAILED,C3,"The generated turn function does not use the atan2(sin(error), cos(error)) shortest-path angular difference logic required by the oracle, representing a semantic/behavioral control logic issue."
qwen_qwen3.5-plus-02-15,perception_control,task_007_autonomous_navigation,test_proportional_control_law,FAILED,C3,"The generated turn function uses a hardcoded constant angular velocity instead of proportional control (Kp * error), failing the behavioral requirement for smooth P-control."
qwen_qwen3.5-plus-02-15,perception_control,task_007_autonomous_navigation,test_emergency_safety_check,FAILED,C3,"The turn function's while loop lacks rclpy.ok() check or timeout protection, posing a safety risk if sensors fail."
qwen_qwen3.5-plus-02-15,perception_control,task_007_autonomous_navigation,OVERALL_HIDDEN_ERROR_CHECK,FAILED,E2,"No code was generated or parsing failed, which is a critical hard error, but the oracle marked the status as SUCCESS."
qwen_qwen3.5-plus-02-15,perception_control,task_008_limo_robot,test_ackermann_inverse_kinematics,FAILED,A1,"No code was generated or parsing failed, so the source file is empty and all function body checks return empty strings, causing the test to fail."
qwen_qwen3.5-plus-02-15,perception_control,task_008_limo_robot,test_steering_limit_clamping,FAILED,A1,"No code was generated or parsing failed, so the source file is empty and the test cannot find the required clamping logic."
qwen_qwen3.5-plus-02-15,perception_control,task_008_limo_robot,test_odom_integration_frames,FAILED,E2,"No code was generated, which constitutes a critical hard failure that the oracle correctly caught via missing function bodies."
qwen_qwen3.5-plus-02-15,perception_control,task_008_limo_robot,test_mecanum_lateral_awareness,FAILED,E2,"No code was generated or parsed, which is a critical hard failure that prevents any functional ROS 2 migration."
qwen_qwen3.5-plus-02-15,perception_control,task_008_limo_robot,test_time_differential_consistency,FAILED,E2,"No code was generated or parsing failed, which is a critical hard error preventing any functionality including the dt scaling logic."
qwen_qwen3.5-plus-02-15,perception_control,task_008_limo_robot,OVERALL_HIDDEN_ERROR_CHECK,FAILED,E2,"No code was generated or parsing failed, yet the oracle reported SUCCESS, indicating a critical missed hard error."
qwen_qwen3.5-plus-02-15,perception_control,task_009_stretch_pipeline,test_depth_unit_scaling,FAILED,A1,"No code was generated or parsing failed, resulting in an empty source file that cannot satisfy any test assertions."
qwen_qwen3.5-plus-02-15,perception_control,task_009_stretch_pipeline,OVERALL_HIDDEN_ERROR_CHECK,FAILED,E2,"No code was generated, which is a critical hard error that the oracle test setup failed to catch (it likely treats missing file as empty source and skipped assertions)."
qwen_qwen3.5-plus-02-15,state_machine,task_001_smach_basic,test_userdata_request_mapping,FAILED,C3,"The generated code is missing the userdata-to-request slot mapping logic (setattr on self._request from ud[key]), which is a semantic/behavioral omission during migration."
qwen_qwen3.5-plus-02-15,state_machine,task_001_smach_basic,OVERALL_HIDDEN_ERROR_CHECK,FAILED,E2,"No code was generated or parsing failed, meaning the file does not exist; the oracle should have failed but reportedly succeeded, indicating a missed hard error."
qwen_qwen3.5-plus-02-15,state_machine,task_002_mas_execution_manager,test_parameter_logic,FAILED,B1,"The generated code failed to use ROS 2 parameter declaration API (self.node.declare_parameter), indicating legacy ROS 1 parameter access was not properly replaced."
qwen_qwen3.5-plus-02-15,state_machine,task_002_mas_execution_manager,test_topic_and_msg_integrity,FAILED,C3,"The generated code's subscription does not use ActionFeedback on the /kcl_rosplan/action_feedback topic, indicating a semantic/behavioral error in preserving the original topic and message type."
qwen_qwen3.5-plus-02-15,state_machine,task_002_mas_execution_manager,test_interface_params_retention,FAILED,C3,"The generated code failed to preserve the original data flow by not passing the url and prefix parameters to the DomesticOntologyInterface constructor, indicating a semantic/behavioral error in migration."
qwen_qwen3.5-plus-02-15,state_machine,task_002_mas_execution_manager,OVERALL_HIDDEN_ERROR_CHECK,FAILED,E2,"The generated code is empty ('NO CODE GENERATED OR PARSE FAILED'), which is a critical hard error that the oracle failed to catch as it reported SUCCESS."
qwen_qwen3.5-plus-02-15,state_machine,task_003_tutorial_baseline,test_service_future_logic,FAILED,C3,"The generated code makes the async service call but fails to use spin_until_future_complete to properly handle the future, breaking the required async service handling pattern."
qwen_qwen3.5-plus-02-15,state_machine,task_003_tutorial_baseline,OVERALL_HIDDEN_ERROR_CHECK,FAILED,E2,"The generated code is empty or failed to parse, which would cause all tests to fail at import/read time, yet the oracle reported SUCCESS, indicating a missed hard error."
qwen_qwen3.5-plus-02-15,state_machine,task_004_ros_task_manage,test_introspection_node_handle,FAILED,B2,"The generated code's IntrospectionServer call does not pass self.node as required by the ROS 2 API, indicating a missed/incorrect API migration."
qwen_qwen3.5-plus-02-15,state_machine,task_004_ros_task_manage,OVERALL_HIDDEN_ERROR_CHECK,FAILED,E2,"The generated code is empty ('NO CODE GENERATED OR PARSE FAILED'), which is a critical hard error, yet the oracle status is marked SUCCESS."
qwen_qwen3.5-plus-02-15,state_machine,task_005_flexbe_behavior_engine,test_flexbe_proxy_compliance,FAILED,E1,"The code correctly uses ProxyActionClient.has_result() but the test fails due to the substring 'get_result_async' appearing in a comment warning against its use, which is a rigid string-matching style check rather than a functional issue."
qwen_qwen3.5-plus-02-15,state_machine,task_005_flexbe_behavior_engine,OVERALL_HIDDEN_ERROR_CHECK,FAILED,E2,"The generated code is empty ('NO CODE GENERATED OR PARSE FAILED'), which is a critical hard error that the oracle marked as SUCCESS."
qwen_qwen3.5-plus-02-15,state_machine,task_006_flexbe_2,test_true_buffer_drain_logic,FAILED,C3,"The generated code uses an 'if' statement instead of a 'while' loop to drain the buffer, causing only one message to be processed per tick instead of all buffered messages."
qwen_qwen3.5-plus-02-15,state_machine,task_006_flexbe_2,test_incremental_update_logic,FAILED,C3,"The generated code fails to implement the incremental update logic that checks if a joint value is None before assignment, causing stale data to potentially overwrite collected values across partial messages."
qwen_qwen3.5-plus-02-15,state_machine,task_006_flexbe_2,OVERALL_HIDDEN_ERROR_CHECK,FAILED,E2,"No code was generated, but the oracle reported SUCCESS, indicating a critical false negative as empty code cannot fulfill any functional requirements."
qwen_qwen3.5-plus-02-15,state_machine,task_007_smacc,test_functional_preservation,FAILED,C3,"The generated code omitted the onExit() function logic during migration, losing required functional behavior."
qwen_qwen3.5-plus-02-15,state_machine,task_007_smacc,test_memory_safety_and_types,FAILED,C3,"The generated code uses [=] capture with this-> but lacks lifetime protection mechanisms (shared_from_this, weak_ptr, or std::bind), creating a memory safety hazard in ROS 2."
qwen_qwen3.5-plus-02-15,state_machine,task_007_smacc,OVERALL_HIDDEN_ERROR_CHECK,FAILED,E2,"No code was generated or parsing failed, which is a critical hard error that should have been caught but the oracle reported SUCCESS."
qwen_qwen3.5-plus-02-15,state_machine,task_008A_robot_statemachine_scaffold,test_parameter_lifecycle_strict,FAILED,C3,"The generated code only declared one parameter via this->declare_parameter, but the test requires at least three declarations for all parameters (topics + timeouts), indicating incomplete parameter migration semantics."
qwen_qwen3.5-plus-02-15,state_machine,task_008A_robot_statemachine_scaffold,OVERALL_HIDDEN_ERROR_CHECK,FAILED,E2,"No code was generated or parsing failed, which is a critical hard error that the oracle test failed to detect as SUCCESS."
qwen_qwen3.5-plus-02-15,state_machine,task_009_sm_dance_bot_strikes_back,test_no_ros1_remnants,FAILED,B1,The generated code retained the legacy ROS 1 symbol 'ros::NodeHandle' instead of replacing it with the ROS 2 equivalent.
qwen_qwen3.5-plus-02-15,state_machine,task_009_sm_dance_bot_strikes_back,test_ros2_node_base_interface,FAILED,C3,"The generated code does not initialize RealtimePublisher with get_node_base_interface(), which is a semantic/behavioral migration error required for ROS 2 RealtimePublisher API."
qwen_qwen3.5-plus-02-15,state_machine,task_009_sm_dance_bot_strikes_back,OVERALL_HIDDEN_ERROR_CHECK,FAILED,E2,"The generated code is empty ('NO CODE GENERATED OR PARSE FAILED'), which is a critical hard failure, yet the oracle status is marked SUCCESS."
qwen_qwen3.5-plus-02-15,sensor_process,task_001_laser_obstacle_detection,test_member_variable_consistency,FAILED,C3,"The generated code does not use the expected member variable name 'output_pub_' for publishing, indicating a semantic mismatch with the expected class member naming convention."
qwen_qwen3.5-plus-02-15,sensor_process,task_001_laser_obstacle_detection,OVERALL_HIDDEN_ERROR_CHECK,FAILED,E2,"No code was generated or parsing failed, which is a critical hard error that should have failed all tests but was marked as SUCCESS."
qwen_qwen3.5-plus-02-15,sensor_process,task_002_camera_edge_detection,OVERALL_CODE_CHECK,SUCCESS,E2,"The generated code is empty ('NO CODE GENERATED OR PARSE FAILED'), so there is no file to test; the oracle's SUCCESS status is a false negative since no actual ROS 2 code exists."
qwen_qwen3.5-plus-02-15,sensor_process,task_003_rgbd_pointcloud_generation,test_intrinsic_scaling_math,FAILED,C3,"The generated code resized the image but failed to scale the camera intrinsics (focal lengths) by the ratio, causing a semantic/behavioral error in 3D reconstruction correctness."
qwen_qwen3.5-plus-02-15,sensor_process,task_003_rgbd_pointcloud_generation,test_header_and_frame_sync,FAILED,C3,"The generated code failed to assign the depth_msg header directly to cloud_msg->header, breaking coordinate frame synchronization required for TF accuracy."
qwen_qwen3.5-plus-02-15,sensor_process,task_003_rgbd_pointcloud_generation,OVERALL_HIDDEN_ERROR_CHECK,FAILED,E2,"No code was generated or parsing failed, which means the migration is entirely missing yet the oracle reported SUCCESS, masking a critical hard error."
qwen_qwen3.5-plus-02-15,sensor_process,task_004_imu_odometry_estimation,test_3d_rotation_coupling,FAILED,A1,"The generated code failed to parse properly (contains stray '</think>' text and is incomplete), resulting in a basic syntax/compilation error that prevents the required 3D rotation coupling logic from being present."
qwen_qwen3.5-plus-02-15,sensor_process,task_004_imu_odometry_estimation,test_acceleration_3d_projection,FAILED,C3,"The generated code failed to implement the 3D rotation projection for acceleration terms (missing 0.5 * rotation * dt^2 pattern), which is a semantic/behavioral error in the kinematic model."
qwen_qwen3.5-plus-02-15,sensor_process,task_004_imu_odometry_estimation,test_state_member_coverage,FAILED,C3,"The generated code is missing references to the mandatory StateMemberVpitch state member, indicating an incomplete semantic implementation of the UKF state transition logic."
qwen_qwen3.5-plus-02-15,sensor_process,task_004_imu_odometry_estimation,OVERALL_HIDDEN_ERROR_CHECK,FAILED,E2,"No code was generated or parse failed, which is a critical hard error that should not have resulted in a SUCCESS oracle status."
qwen_qwen3.5-plus-02-15,sensor_process,task_005_sonar_distance_estimation,test_sonar_geometry_robust_v4,FAILED,C3,"The generated code lacks the analytical distance calculation (delta/projection) for sonar geometry, indicating a missing semantic implementation of the required sensor logic."
qwen_qwen3.5-plus-02-15,sensor_process,task_005_sonar_distance_estimation,test_numerical_stability_epsilon,FAILED,C3,"The generated code lacks an epsilon-based stability guard (e.g., abs(dx) > 1e-6) before division, causing a semantic/behavioral robustness issue that fails the numerical stability test."
qwen_qwen3.5-plus-02-15,sensor_process,task_005_sonar_distance_estimation,test_sonar_max_range_limit,FAILED,C3,"The generated code does not implement a finite maximum sonar range limit, returning numeric_limits::max() instead of a logical sensing distance, which is a semantic/behavioral error."
qwen_qwen3.5-plus-02-15,sensor_process,task_005_sonar_distance_estimation,test_sonar_y_mirroring_fix,FAILED,C3,"The generated code fails to invert the Y-direction (dy = -sin) for Qt's inverted Y-axis coordinate system, representing a semantic/behavioral error in coordinate mapping."
qwen_qwen3.5-plus-02-15,sensor_process,task_005_sonar_distance_estimation,OVERALL_HIDDEN_ERROR_CHECK,FAILED,E2,"No code was generated or parse failed, so there is no file for the oracle tests to inspect, which would cause runtime failures rather than a true success."
qwen_qwen3.5-plus-02-15,sensor_process,task_006_image_pipeline,test_cv_bridge_exception_safety,FAILED,C3,"The generated code omitted the try-catch block around cv_bridge conversion, missing required exception safety handling for ROS 2 stability."
qwen_qwen3.5-plus-02-15,sensor_process,task_006_image_pipeline,test_template_dispatch_completeness,FAILED,C3,"The generated code is missing the template dispatch for uint16_t depth encoding, failing to handle both 16-bit and 32-bit depth types as required."
qwen_qwen3.5-plus-02-15,sensor_process,task_006_image_pipeline,test_radial_transform_update_check,FAILED,C3,"The generated code lacks the conditional state check (width_/height_ comparison) before re-initializing the radial transform, representing a semantic/behavioral error where unnecessary recomputation occurs."
qwen_qwen3.5-plus-02-15,sensor_process,task_006_image_pipeline,OVERALL_HIDDEN_ERROR_CHECK,FAILED,E2,"The generated code is empty ('NO CODE GENERATED OR PARSE FAILED'), which is a critical hard error that should not pass any meaningful test, yet the oracle reported SUCCESS."
qwen_qwen3.5-plus-02-15,sensor_process,task_007_hector_slam,test_timestamp_preservation,FAILED,C3,"The generated code does not preserve the sensor scan timestamp (missing the `header.stamp = scan->header.stamp` assignment pattern), which is a semantic/behavioral error in the migration."
qwen_qwen3.5-plus-02-15,sensor_process,task_007_hector_slam,OVERALL_HIDDEN_ERROR_CHECK,FAILED,E2,"The generated code is empty ('NO CODE GENERATED OR PARSE FAILED'), which is a critical hard error that the oracle test failed to catch as SUCCESS."
qwen_qwen3.5-plus-02-15,sensor_process,task_008_darknet,OVERALL_CODE_CHECK,SUCCESS,E2,"The generated code is empty ('NO CODE GENERATED OR PARSE FAILED'), which cannot possibly pass functional requirements; the oracle's pass result is a false negative since no actual code was evaluated."
qwen_qwen3.5-plus-02-15,sensor_process,task_009_lio_sam,test_callback_group_initialization,FAILED,C3,"The generated code did not implement callback groups, which are required for concurrent execution in LIO-SAM, causing a semantic/behavioral migration gap."
qwen_qwen3.5-plus-02-15,sensor_process,task_009_lio_sam,test_service_response_success_set,FAILED,C3,"The generated code fails to explicitly set the 'res->success' field in the service callback, missing required response population logic for the saveMapService."
qwen_qwen3.5-plus-02-15,sensor_process,task_009_lio_sam,test_no_legacy_ros1_symbols,FAILED,B1,The migrated code still contains legacy ROS 1 API calls like 'ros::Publisher()' instead of being replaced with ROS 2 publisher equivalents.
qwen_qwen3.5-plus-02-15,sensor_process,task_009_lio_sam,OVERALL_HIDDEN_ERROR_CHECK,FAILED,E2,"The generated code is empty ('NO CODE GENERATED OR PARSE FAILED'), which is a critical hard error that the oracle test failed to catch as SUCCESS."
qwen_qwen3.5-plus-02-15,sensor_process,task_010_radar_velocity_estimation,test_ros2_logging_migration,FAILED,C3,"The generated code uses ROS1-style logging macros instead of RCLCPP_*(get_logger(), ...) form, indicating an incomplete semantic migration of logging APIs."
qwen_qwen3.5-plus-02-15,sensor_process,task_010_radar_velocity_estimation,test_ros2_clock_usage,FAILED,C3,"The generated code did not use the node clock API (this->now() or this->get_clock()->now()) as required, indicating a semantic migration error in clock usage."
qwen_qwen3.5-plus-02-15,sensor_process,task_010_radar_velocity_estimation,test_mutex_lock_guard,FAILED,C3,"The generated code uses manual mutex_.lock()/unlock() calls instead of the RAII std::lock_guard pattern required by the test, representing a semantic/behavioral deviation from the expected idiom."
qwen_qwen3.5-plus-02-15,sensor_process,task_010_radar_velocity_estimation,test_zero_timestamp_handling,FAILED,C3,"The generated code did not use the required '.sec == 0' syntax for zero timestamp checking, indicating a semantic/behavioral deviation from the expected migration logic."
qwen_qwen3.5-plus-02-15,sensor_process,task_010_radar_velocity_estimation,OVERALL_HIDDEN_ERROR_CHECK,FAILED,E2,"No code was generated or parsing failed, so the file cannot exist and all tests should fail; the oracle reporting SUCCESS indicates a missed hard error."
qwen_qwen3.5-plus-02-15,sensor_process,task_011_camera_lidar_fusion,test_tf2_geometry_msgs_include,FAILED,A2,The generated code is missing the required tf2_geometry_msgs/tf2_geometry_msgs.hpp header needed for tf2::fromMsg conversions in ROS 2.
qwen_qwen3.5-plus-02-15,sensor_process,task_011_camera_lidar_fusion,OVERALL_HIDDEN_ERROR_CHECK,FAILED,E2,"No code was generated, which would cause all tests to fail at the file-read stage, indicating the oracle's SUCCESS status missed a critical hard error."
z-ai_glm-5-turbo,perception_control,task_001_color_blob_tracking,test_02_node_spin_and_image_subscription_pipeline,FAILED,C3,"The code omits the required rclcpp::shutdown() call before returning from main, failing the oracle's clean-shutdown semantic check."
z-ai_glm-5-turbo,perception_control,task_001_color_blob_tracking,test_07_stop_and_motion_semantics_without_literal_numbers,FAILED,E1,"The code correctly implements turning in both directions using drive_robot(0.0, 0.5) and drive_robot(0.0, -0.5), but the oracle rigidly expects a direct assignment like 'angular_z = -expr;' rather than passing negative values through a helper function."
z-ai_glm-5-turbo,perception_control,task_001_color_blob_tracking,OVERALL_HIDDEN_ERROR_CHECK,FAILED,E2,"The code is missing rclcpp::shutdown() which test_02 explicitly checks for, and would fail that test, indicating a hidden hard error not caught by the oracle SUCCESS status."
z-ai_glm-5-turbo,perception_control,task_002_camera_depth_reach_target,OVERALL_CODE_CHECK,SUCCESS,P1,"The code correctly migrates the MoveIt pick-and-place tutorial to ROS 2, using rclcpp, proper message namespaces, MoveGroupInterface/PlanningSceneInterface with node handles, and satisfies all oracle pattern checks."
z-ai_glm-5-turbo,perception_control,task_003_multi_node_perception_control,test_ds4_enum_mapping_present_and_used,FAILED,C3,"The code uses unscoped enum comparison (event.number == R1) instead of the scoped form (event.number == DS4_BUTTONS::L1) required by the oracle, which is a semantic/behavioral fidelity issue with the reference mapping."
z-ai_glm-5-turbo,perception_control,task_003_multi_node_perception_control,test_l1_toggle_semantics_fidelity,FAILED,C3,"The generated code uses truthy check `if (event.value)` instead of explicit `event.value == 1` / `== 0` comparisons, and uses `power_msg.state = 1/0` instead of `MotorPower::ON/OFF`, deviating from the reference semantic style required by the test."
z-ai_glm-5-turbo,perception_control,task_003_multi_node_perception_control,test_axis_scaling_and_publish_gating_fidelity,FAILED,C3,"The generated code omits the reference's int16 normalization (dividing event.value by 32767) and the gated publish condition (publishing only when enabled AND nonzero linear/angular), constituting a semantic/behavioral deviation from the reference."
z-ai_glm-5-turbo,perception_control,task_003_multi_node_perception_control,OVERALL_HIDDEN_ERROR_CHECK,FAILED,E2,"The generated code contains multiple hard errors that the oracle missed: it uses scaling like `event.value * m_scale_linear` instead of the required `-event.value/32767 * scale_linear`, lacks the gated publish (`if (enabled && (linear.x != 0 || angular.z != 0))`), uses MotorPower state literals `1`/`0` instead of `ON`/`OFF`, and KobukiJoystick is not declared as inheriting from rclcpp::Node yet uses `this->declare_parameter` and `shared_from_this`."
z-ai_glm-5-turbo,perception_control,task_004_mobile_lidar_obstacle_avoidance,test_ros2_lifecycle_and_node_creation,FAILED,E1,"The code uses rclpy.spin_once() in a while loop instead of rclpy.spin(node), which is functionally valid but fails the oracle's rigid regex pattern requiring rclpy.spin("
z-ai_glm-5-turbo,perception_control,task_004_mobile_lidar_obstacle_avoidance,test_ros2_timer_rate_and_publish,FAILED,B1,"The code uses the legacy ROS 1-style rate.sleep() pattern via node.create_rate() in a while loop instead of replacing it with the idiomatic ROS 2 create_timer(0.1, ...) callback approach."
z-ai_glm-5-turbo,perception_control,task_004_mobile_lidar_obstacle_avoidance,test_identifyregions_filtering_strategy,FAILED,C3,"The IdentifyRegions function filters by scan.range_max instead of comparing readings against OBSTACLE_DIST as the reference requires, deviating from the expected filtering semantics."
z-ai_glm-5-turbo,perception_control,task_004_mobile_lidar_obstacle_avoidance,test_decision_uses_signed_cost_table_and_abs_cost,FAILED,E1,"The code defines Regions_Distances with both positive and negative integer costs, but the regex requires negative values to appear before positive ones in the dict literal; the generated code lists positives first then negatives, causing a style/ordering mismatch rather than a functional error."
z-ai_glm-5-turbo,perception_control,task_004_mobile_lidar_obstacle_avoidance,test_control_laws_and_modes_match_reference_semantics,FAILED,C3,"The generated code uses a different control law (TRANS_ANG_VEL based on sign of dist) instead of the reference's regional_dist/max(1,abs(regional_dist)) normalization formula, failing the semantic fidelity check."
z-ai_glm-5-turbo,perception_control,task_004_mobile_lidar_obstacle_avoidance,OVERALL_HIDDEN_ERROR_CHECK,FAILED,E2,"The code uses both rclpy.spin_once in a while loop AND node.create_rate(10).sleep() without a separate executor thread, which will deadlock/block indefinitely; additionally the while/else construct is misused and there's no rclpy.spin() call, making runtime behavior broken despite oracle tests passing on regex patterns."
z-ai_glm-5-turbo,perception_control,task_005_ORBBEC,test_frameset_retrieves_multimodal_frames_semantically,FAILED,C3,"The onNewFrameSetCallback in the generated code does not retrieve left/right color frames (no reference to COLOR_LEFT/COLOR_RIGHT or getFrame with those types), missing multimodal frame handling semantics required by the oracle."
z-ai_glm-5-turbo,perception_control,task_005_ORBBEC,test_frameset_applies_filters_before_downstream_use,FAILED,C3,"In onNewFrameSetCallback, the color frame is pushed to the queue without calling processColorFrameFilter; the filter is only applied later in the consumer thread, causing the oracle's semantic check for filter application within the frameset callback to fail."
z-ai_glm-5-turbo,perception_control,task_005_ORBBEC,test_frameset_alignment_semantics_present,FAILED,C3,"The generated onNewFrameSetCallback does not implement the alignment filter logic (align_filter_->process) that the oracle expects when depth registration/alignment is enabled, omitting a key semantic behavior of the original code."
z-ai_glm-5-turbo,perception_control,task_005_ORBBEC,test_frameset_forwards_non_color_streams_through_common_handler,FAILED,C3,"The generated onNewFrameSetCallback handles IR frames individually instead of iterating over IMAGE_STREAMS to forward non-color frames, missing the expected loop semantics required by the oracle."
z-ai_glm-5-turbo,perception_control,task_005_ORBBEC,test_color_thread_consumes_fifo_and_processes_in_pipeline_order,FAILED,C3,"The onNewColorFrameCallback function decodes the color frame and forwards it via onNewFrameCallback, but omits the publishPointCloud call between decode and forward, breaking the expected pipeline order semantics."
z-ai_glm-5-turbo,perception_control,task_005_ORBBEC,test_single_frame_has_subscriber_gate_includes_image_and_camerainfo,FAILED,E1,"The ROS 2 code correctly uses get_subscription_count() which is the proper ROS 2 API equivalent of ROS 1's getNumSubscribers(), but the oracle test rigidly expects the ROS 1 naming convention."
z-ai_glm-5-turbo,perception_control,task_005_ORBBEC,OVERALL_HIDDEN_ERROR_CHECK,FAILED,E2,"The generated code contains a syntactically broken block in onNewFrameCallback where a stray '}' and references to undeclared 'left_video_profile' appear without the surrounding if-block, which will cause a compilation failure that the oracle tests did not catch."
z-ai_glm-5-turbo,perception_control,task_006_3d_sensor_moveit_arm_control,test_4_async_fallback_mastery,FAILED,E1,"The generated code implements the fallback logic using a for loop with send_goal_async/spin_until_future_complete instead of the await keyword, which is functionally valid in ROS 2 but fails the oracle's rigid regex requiring the literal 'await' keyword."
z-ai_glm-5-turbo,perception_control,task_006_3d_sensor_moveit_arm_control,OVERALL_HIDDEN_ERROR_CHECK,FAILED,E2,"The code uses `rclpy.spin_until_future_complete` inside action server callbacks (which are already executing within a spin context), causing deadlocks; additionally, `ActionServer` uses `execute_cb` keyword (should be `execute_callback`), which will cause a runtime TypeError on initialization."
z-ai_glm-5-turbo,perception_control,task_007_autonomous_navigation,test_proportional_control_law,FAILED,C3,"The generated turn function uses a hardcoded constant angular velocity instead of proportional control (Kp * error), failing the behavioral requirement for smooth P-control."
z-ai_glm-5-turbo,perception_control,task_007_autonomous_navigation,OVERALL_HIDDEN_ERROR_CHECK,FAILED,E2,"The generated code is empty ('NO CODE GENERATED OR PARSE FAILED'), which is a critical hard error that should fail any functional test, yet the oracle reported SUCCESS."
z-ai_glm-5-turbo,perception_control,task_008_limo_robot,test_ackermann_inverse_kinematics,FAILED,E1,"The code correctly implements Ackermann geometry using `std::atan(angular_vel * wheelbase_ / linear_vel)`, but the oracle regex expects the pattern `atan(wheelbase_.../...r)` or `wheelbase_.../tan`, which doesn't match this functionally equivalent formulation."
z-ai_glm-5-turbo,perception_control,task_008_limo_robot,test_steering_limit_clamping,FAILED,E1,The code correctly implements steering clamping using `max_steering_angle_` instead of the specific variable name `max_inner_angle_` that the oracle's rigid string-matching test expects.
z-ai_glm-5-turbo,perception_control,task_008_limo_robot,test_odom_integration_frames,FAILED,E1,"The code correctly implements the rotation matrix projection but uses intermediate variables (delta_x = (vx*cos - vy*sin)*dt; position_x_ += delta_x), which the rigid regex expecting 'position_x_ ... cos(...) * vx' on a single line fails to match."
z-ai_glm-5-turbo,perception_control,task_008_limo_robot,test_mecanum_lateral_awareness,FAILED,E1,"The code correctly integrates lateral velocity (vy) into odometry, but the oracle test specifically searches for the string 'lateral_velocity' in the publishOdometry function body, which is absent because the parameter is used as 'vy' instead—a rigid naming/style expectation mismatch."
z-ai_glm-5-turbo,perception_control,task_008_limo_robot,test_time_differential_consistency,FAILED,E1,"The generated code does use dt scaling correctly in publishOdometry, but the oracle's regex-based brace matching is non-greedy and stops at the first inner closing brace, failing to capture the full function body containing 'dt'."
z-ai_glm-5-turbo,perception_control,task_008_limo_robot,OVERALL_HIDDEN_ERROR_CHECK,FAILED,E2,"The code uses `tf_broadcaster_->sendTransform()` when `pub_odom_tf_` is true, but the broadcaster is never initialized in the constructor, which would cause a null pointer dereference crash at runtime."
z-ai_glm-5-turbo,perception_control,task_009_stretch_pipeline,OVERALL_CODE_CHECK,SUCCESS,P1,"The code correctly implements all required ROS 2 migration logic including camera intrinsic decomposition, depth scaling, pinhole projection, ray-plane intersection, vector flattening, and median-based depth estimation, all of which pass the oracle tests."
z-ai_glm-5-turbo,state_machine,task_001_smach_basic,test_userdata_request_mapping,FAILED,E1,"The code functionally maps userdata to request slots using `setattr(req, key, ud[key])`, but the oracle test rigidly expects `setattr(self._request, ...)` instead of the local `req` variable, which is a style/format mismatch."
z-ai_glm-5-turbo,state_machine,task_001_smach_basic,OVERALL_HIDDEN_ERROR_CHECK,FAILED,E2,"The test `test_userdata_request_mapping` expects `setattr(self._request, key, ud[key])` but the generated code uses `setattr(req, key, ud[key])` (operating on the deep-copied request), which would cause that specific regex test to fail, indicating the oracle's SUCCESS status missed this mismatch."
z-ai_glm-5-turbo,state_machine,task_002_mas_execution_manager,test_parameter_logic,FAILED,C3,"The generated code did not include the required `self.node.declare_parameter` calls, missing the ROS 2 parameter declaration logic expected by the test."
z-ai_glm-5-turbo,state_machine,task_002_mas_execution_manager,test_topic_and_msg_integrity,FAILED,C3,"The generated code's subscription does not use ActionFeedback message type on the /kcl_rosplan/action_feedback topic as required, indicating a semantic/behavioral error in preserving the original subscription logic."
z-ai_glm-5-turbo,state_machine,task_002_mas_execution_manager,test_interface_params_retention,FAILED,C3,"The generated code failed to preserve the original data flow by not passing url and prefix parameters to the DomesticOntologyInterface constructor, representing a semantic/behavioral error in the migration."
z-ai_glm-5-turbo,state_machine,task_002_mas_execution_manager,OVERALL_HIDDEN_ERROR_CHECK,FAILED,E2,"The generated code is empty ('NO CODE GENERATED OR PARSE FAILED'), which is a critical hard error that the oracle marked as SUCCESS."
z-ai_glm-5-turbo,state_machine,task_003_tutorial_baseline,test_service_future_logic,FAILED,C3,"The generated code calls the service async and spins until future complete but fails to check future.result(), missing required result handling logic."
z-ai_glm-5-turbo,state_machine,task_003_tutorial_baseline,OVERALL_HIDDEN_ERROR_CHECK,FAILED,E2,"No code was generated or parsing failed, which is a critical hard error that the oracle tests failed to catch."
z-ai_glm-5-turbo,state_machine,task_004_ros_task_manage,test_introspection_node_handle,FAILED,C3,"The generated code does not instantiate smach_ros.IntrospectionServer at all, missing the required node handle injection for ROS 2 introspection."
z-ai_glm-5-turbo,state_machine,task_004_ros_task_manage,test_rclpy_init_protection,FAILED,C1,"The generated code does not include the `if not rclpy.ok(): rclpy.init()` safety check before creating the node, which is a node/lifecycle initialization issue required for library use in multi-node systems."
z-ai_glm-5-turbo,state_machine,task_004_ros_task_manage,OVERALL_HIDDEN_ERROR_CHECK,FAILED,E2,"The code uses IntrospectionServer (referenced in oracle) but never instantiates it in the generated code, and the test expects IntrospectionServer(...self.node...) which isn't present—indicating a missed hard error in functionality fidelity."
z-ai_glm-5-turbo,state_machine,task_005_flexbe_behavior_engine,test_placeholder_removal,FAILED,C3,"The generated code retains a `raise NotImplementedError` placeholder instead of implementing the actual ROS 2 navigation logic, causing the test to fail."
z-ai_glm-5-turbo,state_machine,task_005_flexbe_behavior_engine,OVERALL_HIDDEN_ERROR_CHECK,FAILED,E2,"The code contains 'raise NotImplementedError' in on_enter which will crash the state at runtime, but the oracle test status is reported as SUCCESS despite test_placeholder_removal explicitly checking for this."
z-ai_glm-5-turbo,state_machine,task_006_flexbe_2,test_true_buffer_drain_logic,FAILED,C3,"The generated code uses an 'if' statement instead of a 'while' loop to drain the message buffer, causing only one message to be processed per tick instead of all buffered messages."
z-ai_glm-5-turbo,state_machine,task_006_flexbe_2,OVERALL_HIDDEN_ERROR_CHECK,FAILED,E2,"No code was generated or parsing failed, yet the oracle reported SUCCESS, indicating it missed a critical hard error."
z-ai_glm-5-turbo,state_machine,task_007_smacc,test_functional_preservation,FAILED,C3,"The generated code's executeOnExit does not call onExit() nor launch it asynchronously via onExitThread_ with std::async, losing the original behavioral logic during migration."
z-ai_glm-5-turbo,state_machine,task_007_smacc,test_memory_safety_and_types,FAILED,C3,"The generated code uses [=] lambda capture with this-> without using shared_from_this, weak_ptr, or std::bind for lifetime protection, which is a semantic safety issue in ROS 2."
z-ai_glm-5-turbo,state_machine,task_007_smacc,OVERALL_HIDDEN_ERROR_CHECK,FAILED,E2,"The executeOnExit method calls onExitThread_.get() but never launches onExitThread_ via std::async (only onEntryThread_ is launched), and the original onExit() logic is missing from executeOnExit, meaning functional behavior is lost and get() on an invalid future will throw."
z-ai_glm-5-turbo,state_machine,task_008A_robot_statemachine_scaffold,test_parameter_lifecycle_strict,FAILED,C3,"The code only declares one parameter ('teleoperation_idle_timeout') but the test requires at least 3 parameter declarations for topics and timeouts, indicating missing parameter declarations expected by the migration."
z-ai_glm-5-turbo,state_machine,task_008A_robot_statemachine_scaffold,OVERALL_HIDDEN_ERROR_CHECK,FAILED,E2,"The subscriptions are created but their return values are not stored in member variables, causing the SharedPtr to be destroyed immediately and subscribers to be inactive at runtime, which the oracle tests failed to detect."
z-ai_glm-5-turbo,state_machine,task_009_sm_dance_bot_strikes_back,test_ros2_node_base_interface,FAILED,E1,"The code uses `this->get_node_base_interface()` which is functionally correct, but the regex requires `\w+->` (a variable name followed by ->), and `this->` matches that pattern - however the test failed, likely because the regex needs a non-keyword identifier; this is a rigid style/format mismatch in the test."
z-ai_glm-5-turbo,state_machine,task_009_sm_dance_bot_strikes_back,test_modern_cpp_binding,FAILED,E1,"The code uses a lambda for the subscription callback which is functionally equivalent and idiomatic in ROS 2, but the test rigidly requires the literal 'std::bind' string."
z-ai_glm-5-turbo,state_machine,task_009_sm_dance_bot_strikes_back,OVERALL_HIDDEN_ERROR_CHECK,FAILED,E2,"The code uses std::bind in no place (test_modern_cpp_binding would fail as 'std::bind' is not present - only a lambda is used), and more critically, the RealtimePublisher is constructed with get_node_base_interface() and a topic string, which is not a valid ROS 2 RealtimePublisher constructor signature (it requires a publisher object), causing a compilation failure that the oracle missed."
z-ai_glm-5-turbo,sensor_process,task_001_laser_obstacle_detection,test_member_variable_consistency,FAILED,E1,"The test rigidly requires the member name 'output_pub_', but the generated code uses 'pub_' which is functionally equivalent ROS 2 code; this is a style/naming expectation mismatch."
z-ai_glm-5-turbo,sensor_process,task_001_laser_obstacle_detection,OVERALL_HIDDEN_ERROR_CHECK,FAILED,E2,"The code uses member names 'pub_' and 'sub_' but the oracle expects 'output_pub_', indicating member variable inconsistency that would fail compilation against the actual header; oracle marked SUCCESS but the code has hard errors."
z-ai_glm-5-turbo,sensor_process,task_002_camera_edge_detection,OVERALL_CODE_CHECK,SUCCESS,P1,"The code correctly migrates the ROS 1 node to ROS 2 with proper rclpy usage, positional cv_bridge arguments, grayscale conversion, header assignment, and CvBridgeError handling, satisfying all oracle checks."
z-ai_glm-5-turbo,sensor_process,task_003_rgbd_pointcloud_generation,test_intrinsic_scaling_math,FAILED,E1,"The generated code correctly scales the focal lengths (fx, fy, cx, cy) using scale_x/scale_y variables, but the oracle's rigid regex specifically requires the variable to be named 'ratio' and uses the '*=' operator, which is a style/format mismatch rather than a functional defect."
z-ai_glm-5-turbo,sensor_process,task_003_rgbd_pointcloud_generation,OVERALL_HIDDEN_ERROR_CHECK,FAILED,E2,"The oracle test uses a loose regex pattern that matches 'fx *= ratio' style, but the generated code uses 'model_.fx() = model_.fx() * scale_x' which won't match. However, more critically, model_.fx() returns by value in image_geometry, so assigning to it is not valid - this is a likely compilation error that the oracle missed."
z-ai_glm-5-turbo,sensor_process,task_004_imu_odometry_estimation,test_3d_rotation_coupling,FAILED,E1,"The generated code correctly implements the RZYX rotation with cy*cp for the X-axis projection, but uses the variable name 'dt' instead of 'delta_sec' that the regex expects, making this a rigid naming/format mismatch rather than a functional error."
z-ai_glm-5-turbo,sensor_process,task_004_imu_odometry_estimation,test_acceleration_3d_projection,FAILED,C3,"The generated code omits the 0.5 * R * dt^2 acceleration-to-position projection terms, which is a semantic/behavioral error in the kinematic model that fails the acceleration 3D projection test."
z-ai_glm-5-turbo,sensor_process,task_004_imu_odometry_estimation,OVERALL_HIDDEN_ERROR_CHECK,FAILED,E2,"The code uses `delta.seconds()` stored in local variable `dt` but the oracle test checks for the literal string `delta_sec`, however more critically the code is missing the 0.5*dt^2 acceleration-to-position projection term entirely (only velocity-to-position and acceleration-to-velocity are set), which is a real kinematic error that the oracle test for `test_acceleration_3d_projection` would catch."
z-ai_glm-5-turbo,sensor_process,task_005_sonar_distance_estimation,test_holonomic_kinematics,FAILED,C3,"The holonomic kinematics implementation directly uses lin_vel_y_ without trigonometric projection (cos/sin), failing to apply the expected rotated frame transformation for the Y velocity component."
z-ai_glm-5-turbo,sensor_process,task_005_sonar_distance_estimation,test_numerical_stability_epsilon,FAILED,C3,"The generated code uses simple sign checks (dx > 0.0, dx < 0.0) for the sonar ray direction without an epsilon guard against near-zero values, causing potential division-by-zero for axial rays."
z-ai_glm-5-turbo,sensor_process,task_005_sonar_distance_estimation,test_sonar_max_range_limit,FAILED,C3,"The sonar implementation initializes sonar_distance_ to INFINITY and never caps it with a finite maximum range, violating the expected sensor realism behavior."
z-ai_glm-5-turbo,sensor_process,task_005_sonar_distance_estimation,OVERALL_HIDDEN_ERROR_CHECK,FAILED,E2,"The code sets sonar_distance_ = INFINITY with no max range cap and lacks epsilon guards for division by zero (uses dx > 0.0 / dx < 0.0 instead of abs(dx) > epsilon), which are hard errors the oracle tests were designed to catch but apparently passed."
z-ai_glm-5-turbo,sensor_process,task_006_image_pipeline,test_template_dispatch_completeness,FAILED,C3,"The generated code only handles uint16_t depth inline and does not implement the template dispatch for both uint16_t and float depth encodings, missing required functionality for 32-bit depth support."
z-ai_glm-5-turbo,sensor_process,task_006_image_pipeline,OVERALL_HIDDEN_ERROR_CHECK,FAILED,E2,"The code references undeclared member variables (sub_depth_, sub_rgb_, sub_info_, sync_, exact_sync_, model_, transform_, cached_fx_, etc.) and calls initMatrix() without showing header definitions; additionally template dispatch for uint16_t/float depth encodings is missing, which would cause compilation/runtime failures not caught by the oracle."
z-ai_glm-5-turbo,sensor_process,task_007_hector_slam,OVERALL_CODE_CHECK,SUCCESS,P1,"The code correctly migrates to ROS 2 APIs (rclcpp, tf2_ros, transient_local QoS, RCLCPP logging) and passes all oracle test checks without containing legacy ROS 1 symbols."
z-ai_glm-5-turbo,sensor_process,task_008_darknet,test_flexible_mutex_locking,FAILED,B1,"The code still contains boost::unique_lock and boost::shared_mutex from ROS 1, which were not replaced with std::mutex equivalents as required by the ROS 2 migration."
z-ai_glm-5-turbo,sensor_process,task_008_darknet,OVERALL_HIDDEN_ERROR_CHECK,FAILED,E2,"The code contains numerous critical hard errors that will fail compilation: it mixes ROS 1 APIs (ros::NodeHandle, ROS_INFO, ROS_DEBUG, ROS_ERROR, ros::Time::now(), ros::ok(), nodeHandle_.param, advertise, image_transport ROS 1 API, boost::shared_mutex, boost::bind, actionlib SimpleActionServer) with ROS 2 calls (RCLCPP_ERROR, this->get_logger()), and the class is not derived from rclcpp::Node, so this cannot compile as ROS 2 code."
z-ai_glm-5-turbo,sensor_process,task_009_lio_sam,test_callback_group_initialization,FAILED,B1,"The generated code retains ROS 1 APIs (ros::Publisher, ros::Subscriber, ros::spin, ROS_INFO, tf::) and never migrates to ROS 2 constructs like create_callback_group, failing the test that requires Callback Groups for concurrent execution."
z-ai_glm-5-turbo,sensor_process,task_009_lio_sam,test_service_response_success_set,FAILED,C3,"The saveMapService function does not populate res->success (it only broadcasts a TF and returns true), missing the required response field assignment expected by ROS 2 service semantics."
z-ai_glm-5-turbo,sensor_process,task_009_lio_sam,test_no_legacy_ros1_symbols,FAILED,B1,"The generated code retains numerous ROS 1 APIs (ros::Time, ros::Publisher, ros::Subscriber, ROS_INFO, tf::, ros::ok()) that were not replaced with their ROS 2 equivalents, causing the legacy symbol check to fail."
z-ai_glm-5-turbo,sensor_process,task_009_lio_sam,OVERALL_HIDDEN_ERROR_CHECK,FAILED,E2,"The generated code is full of unreplaced ROS 1 APIs (ros::Publisher, ros::Subscriber, ros::init, ros::spin, ROS_INFO, tf::Quaternion, nh.advertise, etc.) and will not compile as ROS 2, yet the oracle reported SUCCESS, missing this critical hard error."
z-ai_glm-5-turbo,sensor_process,task_010_radar_velocity_estimation,test_ros2_clock_usage,FAILED,E1,"The code uses get_clock() correctly (e.g., *get_clock()) but the test rigidly requires the specific form 'this->now()' or 'this->get_clock()->now()', which is a stylistic/format expectation not a functional issue."
z-ai_glm-5-turbo,sensor_process,task_010_radar_velocity_estimation,test_zero_timestamp_handling,FAILED,E1,"The code uses a functionally equivalent check (trigger_stamp.nanoseconds() != 0) instead of the literal '.sec == 0' syntax the oracle rigidly requires, making this a style/format mismatch rather than a functional defect."
z-ai_glm-5-turbo,sensor_process,task_010_radar_velocity_estimation,OVERALL_HIDDEN_ERROR_CHECK,FAILED,E2,"The code uses `trigger_stamp.nanoseconds() != 0` to check if a trigger was received, but `trigger_stamp` is likely declared as `ros::Time` (ROS1 type) based on the .stamp assignment from std_msgs::msg::Header which has builtin_interfaces::msg::Time - this implicit conversion plus the missing `.sec == 0` syntax check (which the oracle test explicitly requires) indicates the code does not match the required TODO logic and may have type mismatch issues at runtime."
z-ai_glm-5-turbo,sensor_process,task_011_camera_lidar_fusion,test_tf2_geometry_msgs_include,FAILED,A2,The generated code uses tf2::fromMsg for transform conversion but does not include the required tf2_geometry_msgs/tf2_geometry_msgs.hpp header.
z-ai_glm-5-turbo,sensor_process,task_011_camera_lidar_fusion,test_namespace_full_compliance,FAILED,B1,The generated code uses the ROS 1 message namespace 'autoware_msgs::DetectedObjectArray' instead of the required ROS 2 namespace 'autoware_msgs::msg::DetectedObjectArray'.
z-ai_glm-5-turbo,sensor_process,task_011_camera_lidar_fusion,OVERALL_HIDDEN_ERROR_CHECK,FAILED,E2,"The code uses 'autoware_msgs::DetectedObjectArray' without the '::msg::' namespace required in ROS 2, which would cause compilation failure, but the oracle reported SUCCESS."
anthropic_claude-opus-4.6,perception_control,task_001_color_blob_tracking,test_02_node_spin_and_image_subscription_pipeline,FAILED,E1,"The code uses rclcpp::Node::make_shared (which is functionally correct ROS 2), but the regex specifically looks for std::make_shared<...> or subclassing rclcpp::Node, causing a style-based false failure."
anthropic_claude-opus-4.6,perception_control,task_001_color_blob_tracking,test_07_stop_and_motion_semantics_without_literal_numbers,FAILED,E1,"The code is functionally correct (passes -0.5 as angular_z via drive_robot(0.0, -0.5)), but the oracle's rigid regex requires the negation to appear directly on a request->angular_z assignment, which fails because the negative value is passed through a helper function instead."
anthropic_claude-opus-4.6,perception_control,task_001_color_blob_tracking,OVERALL_HIDDEN_ERROR_CHECK,FAILED,P1,"The generated code correctly migrates the ROS 1 process_image node to ROS 2 with proper headers, node creation, service client, image subscription, and behavioral logic, and passes all oracle checks without hidden errors."
anthropic_claude-opus-4.6,perception_control,task_002_camera_depth_reach_target,OVERALL_CODE_CHECK,SUCCESS,P1,"The code correctly migrates the MoveIt pick-and-place tutorial to ROS 2 with proper rclcpp initialization, MoveGroupInterface/PlanningSceneInterface usage, collision objects, grasp/place pipelines, and support surface semantics, satisfying all oracle test patterns."
anthropic_claude-opus-4.6,perception_control,task_003_multi_node_perception_control,test_l1_toggle_semantics_fidelity,FAILED,C3,"The generated code uses an else branch instead of explicitly checking event.value == 0 for the button release, failing the semantic fidelity required by the test."
anthropic_claude-opus-4.6,perception_control,task_003_multi_node_perception_control,test_axis_scaling_and_publish_gating_fidelity,FAILED,C3,"The code assigns scaled values to member variables m_linear/m_angular instead of directly to twist.linear.x/twist.angular.z, and lacks the gated publish condition (enabled && (linear.x!=0 || angular.z!=0)), deviating from reference behavior."
anthropic_claude-opus-4.6,perception_control,task_003_multi_node_perception_control,OVERALL_HIDDEN_ERROR_CHECK,FAILED,E2,"The generated code's spin() publishes Twist whenever m_enabled is true (no gating on non-zero linear/angular), missing the reference's required gating condition `if (enabled && (linear.x != 0 || angular.z != 0))`, which is a behavioral fidelity error the oracle should have caught."
anthropic_claude-opus-4.6,perception_control,task_004_mobile_lidar_obstacle_avoidance,test_partitions_ranges_by_slicing,FAILED,E1,"The code correctly partitions ranges into contiguous regions using index-based iteration (scan.ranges[j] within start_index:end_index ranges), but the oracle test rigidly requires the explicit slicing syntax ranges[a:b], making this a style/format mismatch."
anthropic_claude-opus-4.6,perception_control,task_004_mobile_lidar_obstacle_avoidance,test_identifyregions_filtering_strategy,FAILED,C3,"The generated code filters readings using scan.range_min/range_max bounds but does not explicitly check for or handle infinite readings (no 'inf', isfinite, or float('inf') usage), failing the fidelity requirement to exclude infinite LaserScan values like the ROS1 reference."
anthropic_claude-opus-4.6,perception_control,task_004_mobile_lidar_obstacle_avoidance,test_decision_uses_signed_cost_table_and_abs_cost,FAILED,E1,"The code defines Regions_Distances with both negative and positive integer costs, but the regex requires negative values before positive values in dict order; the generated code lists positives first then negatives, failing the rigid pattern match despite being functionally equivalent."
anthropic_claude-opus-4.6,perception_control,task_004_mobile_lidar_obstacle_avoidance,test_control_laws_and_modes_match_reference_semantics,FAILED,C3,"The generated code does not implement the reference's signed regional_dist normalization logic for angular_vel computation, instead using a simplified sign-based approach that diverges from the reference semantics."
anthropic_claude-opus-4.6,perception_control,task_004_mobile_lidar_obstacle_avoidance,OVERALL_HIDDEN_ERROR_CHECK,FAILED,E2,"The timer_callback contains an infinite while loop that calls ClearanceTest() repeatedly without updating Regions_Report (which is only updated by the subscription callback), causing the node to hang/block the executor whenever an obstacle is detected, preventing further scan callbacks from being processed."
anthropic_claude-opus-4.6,perception_control,task_005_ORBBEC,test_frameset_alignment_semantics_present,FAILED,C3,"The generated code's onNewFrameSetCallback omits the alignment filter logic (align_filter_->process) entirely, relying instead on a comment that 'Alignment is handled by pipeline config', which is a semantic/behavioral deviation from the expected ROS 2 implementation."
anthropic_claude-opus-4.6,perception_control,task_005_ORBBEC,test_frameset_forwards_non_color_streams_through_common_handler,FAILED,C3,"The generated onNewFrameSetCallback handles each stream individually (depth, color, ir_left, ir_right, etc.) instead of iterating over IMAGE_STREAMS as a range-for loop, missing the expected pattern of forwarding non-color streams through a common handler via iteration."
anthropic_claude-opus-4.6,perception_control,task_005_ORBBEC,test_color_thread_consumes_fifo_and_processes_in_pipeline_order,FAILED,C3,"The generated onNewColorFrameCallback decodes and forwards the frame but does not call publishPointCloud between decoding and onNewFrameCallback, violating the expected processing pipeline order semantics."
anthropic_claude-opus-4.6,perception_control,task_005_ORBBEC,test_single_frame_supports_flip_branch_and_depth_scaling_hook,FAILED,C3,"The onNewFrameCallback function lacks the depth scaling semantics (getValueScale/depth_scale) required when handling DEPTH frames, representing a missing behavioral feature in the migration."
anthropic_claude-opus-4.6,perception_control,task_005_ORBBEC,OVERALL_HIDDEN_ERROR_CHECK,FAILED,E2,"The generated code contains a syntactically invalid block in onNewFrameCallback where the else-branch uses an undeclared variable `left_video_profile` and has unbalanced braces (a stray closing brace), which will cause a compilation failure that the oracle test missed."
anthropic_claude-opus-4.6,perception_control,task_006_3d_sensor_moveit_arm_control,test_4_async_fallback_mastery,FAILED,E1,"The generated code implements proper async fallback using send_goal_async and spin_until_future_complete, but the oracle test rigidly requires the literal 'await' keyword and 'arm_torso' string in a specific order, which is a style/format expectation rather than a functional requirement."
anthropic_claude-opus-4.6,perception_control,task_006_3d_sensor_moveit_arm_control,OVERALL_HIDDEN_ERROR_CHECK,FAILED,E2,"The code uses rclpy.spin_until_future_complete inside an ActionServer execute_callback (which itself runs in the executor), causing deadlock; it also imports non-ROS2 modules like moveit_commander and uses synchronous patterns that will crash at runtime, yet the oracle only checks regex patterns and missed these hard errors."
anthropic_claude-opus-4.6,perception_control,task_007_autonomous_navigation,test_turn_shortest_path_logic,FAILED,C3,"The turn function uses manual delta_yaw wrapping instead of the expected atan2(sin(error), cos(error)) pattern, failing the test's strict shortest-path logic requirement."
anthropic_claude-opus-4.6,perception_control,task_007_autonomous_navigation,test_proportional_control_law,FAILED,C3,"The turn function uses a constant angular velocity instead of proportional control (Kp * error), failing the behavioral requirement for smooth P-control."
anthropic_claude-opus-4.6,perception_control,task_007_autonomous_navigation,test_emergency_safety_check,FAILED,C3,"The turn() loop uses 'while True' without any rclpy.ok() check or timeout safety mechanism, which is a legitimate semantic/safety deficiency in the migrated code."
anthropic_claude-opus-4.6,perception_control,task_007_autonomous_navigation,OVERALL_HIDDEN_ERROR_CHECK,FAILED,E2,"The code uses time.sleep() and infinite while loops without rclpy.ok() checks inside action callbacks, and calls rclpy.shutdown() from within an action execution, which will cause runtime issues and lack of safety protection that the oracle's hidden checks failed to catch."
anthropic_claude-opus-4.6,perception_control,task_008_limo_robot,test_ackermann_inverse_kinematics,FAILED,E1,"The code contains correct Ackermann geometry (`std::atan(wheelbase_ / radius)` and `wheelbase_ / radius`), but the oracle's regex expects lowercase 'r' as the variable name while the code uses 'radius', causing a rigid pattern-matching failure despite functional correctness."
anthropic_claude-opus-4.6,perception_control,task_008_limo_robot,test_odom_integration_frames,FAILED,E1,"The code correctly performs global frame projection using cos/sin rotation, but the regex pattern expects 'position_x_ += cos(...)*vx' inline, while the generated code uses an intermediate 'delta_x' variable, causing a regex mismatch despite functional correctness."
anthropic_claude-opus-4.6,perception_control,task_008_limo_robot,test_mecanum_lateral_awareness,FAILED,E1,"The code correctly integrates vy (lateral velocity) into the odometry, but the oracle test uses a rigid regex requiring the literal string 'lateral_velocity' to appear in publishOdometry's body, which the generated code assigns to vy via parameter name but the test's brace-matching also fails to extract the full body correctly."
anthropic_claude-opus-4.6,perception_control,task_008_limo_robot,test_time_differential_consistency,FAILED,E1,"The code correctly performs Euler integration with dt scaling (e.g., `vx * std::cos(position_theta_) * dt`), but the regex-based oracle uses a naive brace-matching pattern that stops at the first closing brace, only capturing the function prologue and missing the actual integration logic."
anthropic_claude-opus-4.6,perception_control,task_008_limo_robot,OVERALL_HIDDEN_ERROR_CHECK,FAILED,P1,"The generated code correctly implements ROS 2 APIs (rclcpp, publishers, subscribers, tf2_ros, parameters) with proper Ackermann/Mecanum kinematics, odometry integration, and byte serialization, with no apparent hard errors."
anthropic_claude-opus-4.6,perception_control,task_009_stretch_pipeline,OVERALL_CODE_CHECK,SUCCESS,P1,"The code correctly implements all required mathematical operations (pinhole projection, depth scaling, median filtering, ray-plane intersection) and uses the ROS 2 API (camera_info.k/d lowercase attributes), passing all oracle checks."
anthropic_claude-opus-4.6,state_machine,task_001_smach_basic,OVERALL_CODE_CHECK,SUCCESS,P1,"The code correctly migrates to ROS 2 APIs (create_client, call_async, get_logger, wait_for_service) while preserving SMACH preemption logic and userdata mapping, satisfying all oracle test patterns."
anthropic_claude-opus-4.6,state_machine,task_002_mas_execution_manager,test_topic_and_msg_integrity,FAILED,E1,"The code is functionally correct (uses ActionFeedback on /kcl_rosplan/action_feedback), but the regex requires both to be on a single line, while the generated code spreads create_subscription across multiple lines without re.DOTALL, causing a style/format mismatch."
anthropic_claude-opus-4.6,state_machine,task_002_mas_execution_manager,OVERALL_HIDDEN_ERROR_CHECK,FAILED,P1,"The generated code correctly migrates to ROS 2 APIs with proper node injection, parameter declaration, TRANSIENT_LOCAL QoS for latching, ActionFeedback subscription on the correct topic, and proper clock usage with no rospy remnants."
anthropic_claude-opus-4.6,state_machine,task_003_tutorial_baseline,test_clock_and_manual_math,FAILED,E1,"The generated code does contain `.nanoseconds / 1e9`, but the file content includes markdown code fences (```python) indicating the regex match failure is due to formatting/wrapper issues rather than missing logic; however the actual code is functionally correct."
anthropic_claude-opus-4.6,state_machine,task_003_tutorial_baseline,test_service_future_logic,FAILED,C3,"The code uses a manual while-loop with spin_once to wait for the future instead of the required spin_until_future_complete API, causing the test to fail."
anthropic_claude-opus-4.6,state_machine,task_003_tutorial_baseline,OVERALL_HIDDEN_ERROR_CHECK,FAILED,E2,Test 3 requires 'spin_until_future_complete' but the code uses a manual while loop with spin_once; the oracle reportedly passed but this should have failed that assertion.
anthropic_claude-opus-4.6,state_machine,task_004_ros_task_manage,test_introspection_node_handle,FAILED,C3,"The generated code does not instantiate or use smach_ros.IntrospectionServer at all, omitting required functionality for passing the node handle, which is a semantic/behavioral error in the migration."
anthropic_claude-opus-4.6,state_machine,task_004_ros_task_manage,test_rclpy_init_protection,FAILED,C3,"The generated code does not include the 'if not rclpy.ok(): rclpy.init()' safety check pattern required by the test, representing a semantic/behavioral omission in initialization logic."
anthropic_claude-opus-4.6,state_machine,task_004_ros_task_manage,OVERALL_HIDDEN_ERROR_CHECK,FAILED,E2,"The code uses self.node.declare_parameter without a default Parameter wrapper and lacks the rclpy.init() safety check (test_rclpy_init_protection would fail), plus the test_introspection_node_handle expectation isn't met since no IntrospectionServer call exists, indicating hidden hard errors not caught by the oracle."
anthropic_claude-opus-4.6,state_machine,task_005_flexbe_behavior_engine,test_placeholder_removal,FAILED,C3,"The generated code retains a NotImplementedError raise statement instead of providing a working ROS 2 implementation, which is a semantic/behavioral error that fails the placeholder removal test."
anthropic_claude-opus-4.6,state_machine,task_005_flexbe_behavior_engine,OVERALL_HIDDEN_ERROR_CHECK,FAILED,E2,"The generated code contains an explicit `raise NotImplementedError` in `on_enter`, which will crash at runtime whenever the state is entered, yet the oracle reported SUCCESS."
anthropic_claude-opus-4.6,state_machine,task_006_flexbe_2,test_incremental_update_logic,FAILED,C3,"The generated code overwrites joint values on every message without checking if the existing value is None, causing potential loss of partial data across multiple messages—a semantic logic error in the incremental update behavior."
anthropic_claude-opus-4.6,state_machine,task_006_flexbe_2,OVERALL_HIDDEN_ERROR_CHECK,FAILED,P1,"The code correctly implements ROS 2 patterns including self.get_clock().now(), while-loop buffer draining, None checks, and dynamic name resolution via dict(zip(...)), passing all oracle checks."
anthropic_claude-opus-4.6,state_machine,task_007_smacc,test_memory_safety_and_types,FAILED,C3,"The generated code uses [=] lambda capture with this-> calls but does not protect lifetime via shared_from_this, weak_ptr, or std::bind, which is a semantic safety issue in ROS 2."
anthropic_claude-opus-4.6,state_machine,task_007_smacc,OVERALL_HIDDEN_ERROR_CHECK,FAILED,E2,"The code uses `[=]` lambda capture with `this->` access in both async threads without shared_from_this/weak_ptr protection, creating a use-after-free risk; the oracle's safety test only checks if any of those keywords appear anywhere in the code but doesn't verify they actually protect the captures."
anthropic_claude-opus-4.6,state_machine,task_008A_robot_statemachine_scaffold,test_parameter_lifecycle_strict,FAILED,C3,"The code only declares one parameter (teleoperation_idle_timeout) but the test expects at least 3 parameter declarations for topics and timeouts, indicating missing parameter declarations expected by the migration."
anthropic_claude-opus-4.6,state_machine,task_008A_robot_statemachine_scaffold,OVERALL_HIDDEN_ERROR_CHECK,FAILED,P1,"The code correctly migrates to ROS 2 APIs including QoS instantiation, parameter declaration, std::chrono timers, and proper service/message namespaces with no ROS 1 remnants."
anthropic_claude-opus-4.6,state_machine,task_009_sm_dance_bot_strikes_back,test_ros2_node_base_interface,FAILED,E1,"The code uses `this->get_node_base_interface()` which is functionally correct, but the oracle's regex strictly requires `\w+->get_node_base_interface()` and does not match `this->` due to the regex matching word characters before `->` but the actual issue is the regex does match `this`; however the test fails likely because the test pattern works but let me recheck - actually `this` matches `\w+`, so the real issue might be whitespace/newline; this is a regex style mismatch rather than a true functional error."
anthropic_claude-opus-4.6,state_machine,task_009_sm_dance_bot_strikes_back,OVERALL_HIDDEN_ERROR_CHECK,FAILED,E2,"The code makes OdomTracker inherit from rclcpp::Node, but the RealtimePublisher constructor signature used (passing NodeBaseInterface and a topic name with QoS) does not match the actual realtime_tools::RealtimePublisher API which requires an existing rclcpp::Publisher, causing a compilation failure missed by the regex-based oracle."
anthropic_claude-opus-4.6,sensor_process,task_001_laser_obstacle_detection,OVERALL_CODE_CHECK,SUCCESS,P1,"The code correctly uses class member tf listener, calls filter_chain_.update(), avoids lifecycle methods, and uses the correct output_pub_ member, satisfying all oracle tests."
anthropic_claude-opus-4.6,sensor_process,task_002_camera_edge_detection,OVERALL_CODE_CHECK,SUCCESS,P1,"The code correctly migrates to ROS 2 using rclpy, properly uses cv_bridge with positional arguments, includes grayscale conversion, header assignment, and CvBridgeError handling, satisfying all test requirements."
anthropic_claude-opus-4.6,sensor_process,task_003_rgbd_pointcloud_generation,OVERALL_CODE_CHECK,SUCCESS,P1,"The code correctly implements all required ROS 2 patterns including intrinsic scaling, offset variables, kernel calls, header propagation, unique_ptr with move semantics, and handles both depth encodings, genuinely passing all oracle tests."
anthropic_claude-opus-4.6,sensor_process,task_004_imu_odometry_estimation,test_3d_rotation_coupling,FAILED,E1,"The generated code correctly implements the X-axis 3D projection using 'cy * cp * dt', but the oracle test rigidly requires the variable name 'delta_sec' instead of 'dt', making this a style/naming mismatch rather than a functional error."
anthropic_claude-opus-4.6,sensor_process,task_004_imu_odometry_estimation,test_acceleration_3d_projection,FAILED,C3,"The generated code projects acceleration to velocity using dt (linear term) but does not include the 0.5*dt^2 term for projecting acceleration directly into position updates, missing the proper kinematic acceleration-to-position projection required by the test."
anthropic_claude-opus-4.6,sensor_process,task_004_imu_odometry_estimation,OVERALL_HIDDEN_ERROR_CHECK,FAILED,E2,"The test test_acceleration_3d_projection requires acceleration to be projected as 0.5 * (rotation terms) * dt^2, but the generated code uses only dt (not 0.5*dt^2) for acceleration-to-position mapping and lacks the position-from-acceleration terms entirely, which is a kinematic error the oracle missed because it checks for 'delta_sec' literal while the code uses 'dt'."
anthropic_claude-opus-4.6,sensor_process,task_005_sonar_distance_estimation,test_holonomic_kinematics,FAILED,E1,"The generated code does implement holonomic Y-velocity coupling (pos_.ry() += -std::sin... -std::cos(orient_) * lin_vel_y_), but the regex requires it on a single line without line breaks; the code splits the expression across lines, causing the regex to fail to match despite being functionally correct."
anthropic_claude-opus-4.6,sensor_process,task_005_sonar_distance_estimation,test_sonar_max_range_limit,FAILED,C3,"The generated sonar code uses numeric_limits::max() as the default distance and never applies a finite max range limit, failing the sensor realism requirement."
anthropic_claude-opus-4.6,sensor_process,task_005_sonar_distance_estimation,test_sonar_y_mirroring_fix,FAILED,C3,"The generated code uses dy = sin(ray_angle) without negation, failing to invert the Y-direction for Qt's coordinate system as required by the test."
anthropic_claude-opus-4.6,sensor_process,task_005_sonar_distance_estimation,OVERALL_HIDDEN_ERROR_CHECK,FAILED,E2,"The oracle marked SUCCESS but the code contains hard errors: setPenCallback/teleport callbacks return bool while ROS 2 service callbacks must return void, and the rotate_absolute action handle is used without including/declaring RotateAbsoluteGoalHandle properly—these will cause compilation failures."
anthropic_claude-opus-4.6,sensor_process,task_006_image_pipeline,OVERALL_CODE_CHECK,SUCCESS,P1,"The code correctly implements ROS 2 patterns including unique_ptr publishing with std::move, cv_bridge exception handling, PointCloud2Modifier usage, template dispatch for both depth encodings, and proper camera info scaling without scaling k[8], passing all oracle checks."
anthropic_claude-opus-4.6,sensor_process,task_007_hector_slam,OVERALL_CODE_CHECK,SUCCESS,P1,"The code uses proper ROS 2 APIs (rclcpp, tf2_ros::fromMsg, TransientLocal QoS, RCLCPP_ logging) and passes all oracle checks without legacy ROS 1 leakage."
anthropic_claude-opus-4.6,sensor_process,task_008_darknet,test_flexible_logging_macros,FAILED,E1,"The code uses RCLCPP logging macros correctly with nodeHandle_->get_logger(), which is functionally equivalent, but the oracle test rigidly requires the literal string 'this->get_logger()'."
anthropic_claude-opus-4.6,sensor_process,task_008_darknet,OVERALL_HIDDEN_ERROR_CHECK,FAILED,P1,"The generated code passes all oracle tests and correctly implements ROS 2 migration patterns including proper logging, mutex locking, timestamp synchronization with input image, mutex-protected roiBoxes_ access, std::move on publish, and coordinate scaling."
anthropic_claude-opus-4.6,sensor_process,task_009_lio_sam,test_callback_group_initialization,FAILED,C1,"The generated code does not create or use callback groups, which the oracle requires for concurrent execution in LIO-SAM, representing a missing node/lifecycle concurrency design."
anthropic_claude-opus-4.6,sensor_process,task_009_lio_sam,OVERALL_HIDDEN_ERROR_CHECK,FAILED,P1,"The oracle status is SUCCESS and the generated code is a well-formed ROS 2 migration with proper use of TF timestamps, mutex locking, shared_ptr service callbacks, and no legacy ROS 1 symbols."
anthropic_claude-opus-4.6,sensor_process,task_010_radar_velocity_estimation,test_ros2_logging_migration,FAILED,E1,"The code correctly uses RCLCPP logging macros with a node-based logger (nh_->get_logger()), which is functionally valid ROS 2, but the oracle's rigid regex only accepts 'this->get_logger()' or bare 'get_logger()' without a node pointer prefix."
anthropic_claude-opus-4.6,sensor_process,task_010_radar_velocity_estimation,test_ros2_clock_usage,FAILED,E1,"The code uses nh_->get_clock() via the shared pointer node instead of this->now(), which is functionally correct ROS 2 but doesn't match the oracle's rigid regex expecting 'this->' syntax."
anthropic_claude-opus-4.6,sensor_process,task_010_radar_velocity_estimation,test_mutex_lock_guard,FAILED,E1,The code uses manual mutex_.lock()/unlock() which is functionally correct but the oracle strictly requires std::lock_guard<std::mutex> scoped locking syntax.
anthropic_claude-opus-4.6,sensor_process,task_010_radar_velocity_estimation,test_zero_timestamp_handling,FAILED,E1,"The code uses functionally equivalent `nanoseconds() > 0` check for zero timestamp validation, but the oracle test rigidly requires the specific `.sec == 0` syntax string."
anthropic_claude-opus-4.6,sensor_process,task_010_radar_velocity_estimation,OVERALL_HIDDEN_ERROR_CHECK,FAILED,E2,"The code uses `nh_->get_logger()` rather than `this->get_logger()` (the class doesn't inherit from Node, it holds a SharedPtr), and the test for `this->now()` would fail since the code uses `rclcpp::Time` constructors directly; additionally `trigger_stamp` is declared as a member but its type isn't shown—runtime/compile issues likely exist that the SUCCESS status missed."
anthropic_claude-opus-4.6,sensor_process,task_011_camera_lidar_fusion,test_tf2_geometry_msgs_include,FAILED,A2,"The generated code uses tf2::fromMsg conversions but fails to include the required header 'tf2_geometry_msgs/tf2_geometry_msgs.hpp', which is a missing dependency/header issue."
anthropic_claude-opus-4.6,sensor_process,task_011_camera_lidar_fusion,test_ukf_pipeline_integrity,FAILED,E1,"The code does call UKF update methods (updateSUKF and updateIMMUKF), which are functionally correct, but the oracle test rigidly searches for the literal substring '.update(' which doesn't match these specific method names."
anthropic_claude-opus-4.6,sensor_process,task_011_camera_lidar_fusion,OVERALL_HIDDEN_ERROR_CHECK,FAILED,E2,"The code uses tf2::TimePointZero in lookupTransform instead of input.header.stamp, which would fail the test_tf2_time_lookup_accuracy test, indicating the oracle missed this hard error."
openai_gpt-5.5,perception_control,task_001_color_blob_tracking,test_02_node_spin_and_image_subscription_pipeline,FAILED,A1,"No code was generated or parsing failed, resulting in an empty file that cannot satisfy any ROS2 structural requirements."
openai_gpt-5.5,perception_control,task_001_color_blob_tracking,test_04_perception_scans_image_data_buffer,FAILED,A1,"No code was generated or parsing failed, so the file lacks the required for-loop pattern accessing data[...]."
openai_gpt-5.5,perception_control,task_001_color_blob_tracking,test_07_stop_and_motion_semantics_without_literal_numbers,FAILED,A1,"No code was generated or parsing failed, so the file lacks the expected ROS 2 implementation patterns including the negated angular assignment."
openai_gpt-5.5,perception_control,task_001_color_blob_tracking,OVERALL_HIDDEN_ERROR_CHECK,FAILED,E2,"The generated code is empty or failed to parse, which means there is no code to compile or run, representing a critical hard error that the oracle missed."
openai_gpt-5.5,perception_control,task_002_camera_depth_reach_target,OVERALL_CODE_CHECK,SUCCESS,E2,"The generated code is empty ('NO CODE GENERATED OR PARSE FAILED'), which cannot possibly satisfy the oracle's pattern checks; the SUCCESS status is a false negative."
openai_gpt-5.5,perception_control,task_003_multi_node_perception_control,test_ds4_enum_mapping_present_and_used,FAILED,E2,"No code was generated or parsing failed, which is a critical hard error preventing any test from passing."
openai_gpt-5.5,perception_control,task_003_multi_node_perception_control,test_l1_toggle_semantics_fidelity,FAILED,A1,"The generated code is empty (parse failed), so no source file exists to satisfy any of the required patterns, including the L1 toggle semantics check."
openai_gpt-5.5,perception_control,task_003_multi_node_perception_control,test_axis_scaling_and_publish_gating_fidelity,FAILED,A1,"No code was generated or parsing failed, resulting in an empty file that cannot satisfy any pattern checks including the axis scaling assertion."
openai_gpt-5.5,perception_control,task_003_multi_node_perception_control,OVERALL_HIDDEN_ERROR_CHECK,FAILED,E2,"The generated code is empty ('NO CODE GENERATED OR PARSE FAILED'), which is a critical hard error that the oracle failed to catch as SUCCESS."
openai_gpt-5.5,perception_control,task_004_mobile_lidar_obstacle_avoidance,test_partitions_ranges_by_slicing,FAILED,A1,"No code was generated or parsing failed, so the test cannot find the required slicing pattern."
openai_gpt-5.5,perception_control,task_004_mobile_lidar_obstacle_avoidance,test_identifyregions_filtering_strategy,FAILED,A1,"No code was generated or parsing failed, resulting in an empty file that cannot satisfy any test patterns including the obstacle threshold comparison."
openai_gpt-5.5,perception_control,task_004_mobile_lidar_obstacle_avoidance,test_decision_uses_signed_cost_table_and_abs_cost,FAILED,E2,"No code was generated or parse failed, which is a critical hard error that should fail all tests."
openai_gpt-5.5,perception_control,task_004_mobile_lidar_obstacle_avoidance,test_control_laws_and_modes_match_reference_semantics,FAILED,E2,"No code was generated or parsing failed, which is a critical hard error preventing any functionality."
openai_gpt-5.5,perception_control,task_004_mobile_lidar_obstacle_avoidance,OVERALL_HIDDEN_ERROR_CHECK,FAILED,E2,"The generated code is empty ('NO CODE GENERATED OR PARSE FAILED'), which is a critical hard error, yet the oracle status is marked SUCCESS, indicating the oracle failed to catch this."
openai_gpt-5.5,perception_control,task_005_ORBBEC,test_no_ros1_core_runtime_api_left,FAILED,A1,"The generated code is empty (parse failed), so no migration was performed and ROS1 patterns from the original source remain detectable, causing the test to fail."
openai_gpt-5.5,perception_control,task_005_ORBBEC,test_ros2_core_presence_minimum,FAILED,A1,"No code was generated or parsing failed, resulting in an empty file that cannot satisfy any ROS2 core presence requirements."
openai_gpt-5.5,perception_control,task_005_ORBBEC,test_frameset_forwards_non_color_streams_through_common_handler,FAILED,A1,"No code was generated or parsing failed, resulting in compilation/parsing failure that prevents any test from passing."
openai_gpt-5.5,perception_control,task_005_ORBBEC,test_color_thread_consumes_fifo_and_processes_in_pipeline_order,FAILED,A1,"No code was generated or parsing failed, so the file is missing/empty and cannot satisfy any pattern checks."
openai_gpt-5.5,perception_control,task_005_ORBBEC,test_single_frame_supports_flip_branch_and_depth_scaling_hook,FAILED,A1,"The generated code is empty (no code generated or parse failed), causing all tests to fail including this one."
openai_gpt-5.5,perception_control,task_005_ORBBEC,OVERALL_HIDDEN_ERROR_CHECK,FAILED,E2,"The generated code is empty (NO CODE GENERATED OR PARSE FAILED), which is a critical hard error, yet the oracle reports SUCCESS."
openai_gpt-5.5,perception_control,task_006_3d_sensor_moveit_arm_control,test_4_async_fallback_mastery,FAILED,C3,"The generated code's place_object function does not implement the required async fallback pattern with await calls, an if-check for 'arm_torso' fallback group, and a final result return, indicating a semantic/behavioral gap in migration."
openai_gpt-5.5,perception_control,task_006_3d_sensor_moveit_arm_control,OVERALL_HIDDEN_ERROR_CHECK,FAILED,E2,"The generated code is empty ('NO CODE GENERATED OR PARSE FAILED'), which is a critical hard error, but the oracle reported SUCCESS, indicating a false negative."
openai_gpt-5.5,perception_control,task_007_autonomous_navigation,test_proportional_control_law,FAILED,C3,"The generated turn function uses a hardcoded constant angular velocity instead of implementing proportional control (Kp * error), which is a semantic/behavioral error in the control logic."
openai_gpt-5.5,perception_control,task_007_autonomous_navigation,OVERALL_HIDDEN_ERROR_CHECK,FAILED,E2,"The generated code is empty ('NO CODE GENERATED OR PARSE FAILED'), which is a critical hard error that should have failed all tests, but the oracle reported SUCCESS."
openai_gpt-5.5,perception_control,task_008_limo_robot,test_ackermann_inverse_kinematics,FAILED,A1,"No code was generated or parsing failed, resulting in an empty source file that cannot satisfy any oracle checks."
openai_gpt-5.5,perception_control,task_008_limo_robot,test_steering_limit_clamping,FAILED,A1,"No code was generated or parsing failed, so the source file is empty and cannot contain the required steering clamping logic."
openai_gpt-5.5,perception_control,task_008_limo_robot,test_odom_integration_frames,FAILED,A1,"No code was generated or parsing failed, so the function body could not be found and the regex returned None."
openai_gpt-5.5,perception_control,task_008_limo_robot,test_mecanum_lateral_awareness,FAILED,A1,"No code was generated or parsing failed, so the source file is empty and all content-based assertions fail."
openai_gpt-5.5,perception_control,task_008_limo_robot,test_time_differential_consistency,FAILED,E1,"The regex only captures the first nested block due to non-greedy brace matching, missing the actual dt-scaled integration code that likely exists later in the function body."
openai_gpt-5.5,perception_control,task_008_limo_robot,OVERALL_HIDDEN_ERROR_CHECK,FAILED,E2,"No code was generated or parsing failed, yet the oracle reports SUCCESS, indicating the test framework failed to catch this critical absence of code."
openai_gpt-5.5,perception_control,task_009_stretch_pipeline,test_depth_unit_scaling,FAILED,E2,"No code was generated or parsing failed, which is a critical failure that prevents any test from passing."
openai_gpt-5.5,perception_control,task_009_stretch_pipeline,test_ray_plane_analytical_solution,FAILED,A1,"No code was generated or parsing failed, so the source file is empty/missing and cannot satisfy the oracle's content checks."
openai_gpt-5.5,perception_control,task_009_stretch_pipeline,OVERALL_HIDDEN_ERROR_CHECK,FAILED,E2,"The generated code is empty ('NO CODE GENERATED OR PARSE FAILED'), which is a critical hard error that should fail all tests, but the oracle reported SUCCESS."
openai_gpt-5.5,state_machine,task_001_smach_basic,test_userdata_request_mapping,FAILED,C3,"The generated code preserves logic but does not use the exact setattr(self._request, key, ud[key]) pattern expected for mapping userdata slots to the request, indicating a semantic/behavioral deviation in the migration."
openai_gpt-5.5,state_machine,task_001_smach_basic,OVERALL_HIDDEN_ERROR_CHECK,FAILED,E2,"No code was generated or parsing failed, so the file cannot exist and tests cannot meaningfully pass; oracle status of SUCCESS is incorrect."
openai_gpt-5.5,state_machine,task_002_mas_execution_manager,test_topic_and_msg_integrity,FAILED,B2,"The generated code created a subscription using ActionDispatch instead of preserving the original ActionFeedback message type on the feedback topic, indicating a hallucinated/incorrect API usage."
openai_gpt-5.5,state_machine,task_002_mas_execution_manager,test_interface_params_retention,FAILED,C3,"The generated code failed to pass the url and prefix parameters to the DomesticOntologyInterface constructor, breaking the original data flow semantics."
openai_gpt-5.5,state_machine,task_002_mas_execution_manager,OVERALL_HIDDEN_ERROR_CHECK,FAILED,E2,"The generated code is empty ('NO CODE GENERATED OR PARSE FAILED'), which is a critical hard error, yet the oracle reported SUCCESS."
openai_gpt-5.5,state_machine,task_003_tutorial_baseline,test_service_future_logic,FAILED,C3,"The generated code calls the service asynchronously but does not use spin_until_future_complete to wait for the result, missing proper async future completion handling required for ROS 2 service calls."
openai_gpt-5.5,state_machine,task_003_tutorial_baseline,OVERALL_HIDDEN_ERROR_CHECK,FAILED,E2,"The generated code is empty or failed to parse, which is a critical hard error, but the oracle status incorrectly reports SUCCESS."
openai_gpt-5.5,state_machine,task_004_ros_task_manage,test_introspection_node_handle,FAILED,B2,"The IntrospectionServer call was not updated to pass the required 'self.node' handle, indicating an incorrect/legacy ROS 2 API usage for smach_ros."
openai_gpt-5.5,state_machine,task_004_ros_task_manage,OVERALL_HIDDEN_ERROR_CHECK,FAILED,E2,"The generated code is empty ('NO CODE GENERATED OR PARSE FAILED'), which is a critical hard error that the oracle marked as SUCCESS."
openai_gpt-5.5,state_machine,task_005_flexbe_behavior_engine,test_placeholder_removal,FAILED,C3,"The generated code retained the NotImplementedError placeholder instead of implementing the actual ROS 2 migration logic, indicating an incomplete semantic conversion."
openai_gpt-5.5,state_machine,task_005_flexbe_behavior_engine,OVERALL_HIDDEN_ERROR_CHECK,FAILED,E2,"The generated code is empty ('NO CODE GENERATED OR PARSE FAILED'), which is a critical hard error that the oracle failed to catch as SUCCESS."
openai_gpt-5.5,state_machine,task_006_flexbe_2,test_incremental_update_logic,FAILED,C3,"The generated code does not include a None check before updating joint values, failing the incremental update logic required to collect data across multiple partial messages."
openai_gpt-5.5,state_machine,task_006_flexbe_2,OVERALL_HIDDEN_ERROR_CHECK,FAILED,E2,"The generated code is empty ('NO CODE GENERATED OR PARSE FAILED'), which is a critical hard error that the oracle failed to detect as SUCCESS."
openai_gpt-5.5,state_machine,task_007_smacc,test_memory_safety_and_types,FAILED,C3,"The generated code uses [=] capture with this-> but fails to use shared_from_this, weak_ptr, or std::bind for lifetime protection, causing a memory safety semantic issue in ROS 2."
openai_gpt-5.5,state_machine,task_007_smacc,OVERALL_HIDDEN_ERROR_CHECK,FAILED,E2,"No code was generated or parsing failed, which is a critical hard error that the oracle test framework did not catch as a failure."
openai_gpt-5.5,state_machine,task_008A_robot_statemachine_scaffold,OVERALL_CODE_CHECK,SUCCESS,E2,"The generated code is empty ('NO CODE GENERATED OR PARSE FAILED'), which cannot possibly be a valid ROS 2 migration, indicating the oracle tests failed to catch this critical hard error."
openai_gpt-5.5,state_machine,task_009_sm_dance_bot_strikes_back,test_ros2_node_base_interface,FAILED,C3,"The generated code failed to initialize RealtimePublisher with get_node_base_interface() as required by ROS 2, representing a semantic/behavioral migration error."
openai_gpt-5.5,state_machine,task_009_sm_dance_bot_strikes_back,test_modern_cpp_binding,FAILED,C3,"The generated code uses an alternative callback binding mechanism (likely a lambda) instead of std::bind, which the test specifically requires."
openai_gpt-5.5,state_machine,task_009_sm_dance_bot_strikes_back,OVERALL_HIDDEN_ERROR_CHECK,FAILED,E2,"No code was generated or parsing failed, which is a critical hard error that the oracle marked as SUCCESS."
openai_gpt-5.5,sensor_process,task_001_laser_obstacle_detection,test_member_variable_consistency,FAILED,C3,"The generated code did not use the expected member variable name 'output_pub_' for the publisher, indicating a semantic naming inconsistency with the header file."
openai_gpt-5.5,sensor_process,task_001_laser_obstacle_detection,OVERALL_HIDDEN_ERROR_CHECK,FAILED,E2,"No code was generated or parsing failed, yet the oracle reported SUCCESS, which is a critical missed hard error."
openai_gpt-5.5,sensor_process,task_002_camera_edge_detection,OVERALL_CODE_CHECK,SUCCESS,E2,"The generated code is empty ('NO CODE GENERATED OR PARSE FAILED'), so it cannot possibly pass functional requirements; the oracle's success indication is a false negative."
openai_gpt-5.5,sensor_process,task_003_rgbd_pointcloud_generation,test_intrinsic_scaling_math,FAILED,C3,"The generated code resizes the image but fails to scale the camera intrinsics (focal lengths fx/fy) by the ratio, causing a semantic/behavioral error in 3D reconstruction correctness."
openai_gpt-5.5,sensor_process,task_003_rgbd_pointcloud_generation,OVERALL_HIDDEN_ERROR_CHECK,FAILED,E2,"The generated code is empty ('NO CODE GENERATED OR PARSE FAILED'), which is a critical hard error that the oracle failed to catch as SUCCESS."
openai_gpt-5.5,sensor_process,task_004_imu_odometry_estimation,test_acceleration_3d_projection,FAILED,C3,"The generated code fails to project body-frame acceleration into the global frame using the 3D RZYX rotation (missing the 0.5 * rotation_terms * dt^2 pattern), which is a semantic/behavioral error in the kinematic model."
openai_gpt-5.5,sensor_process,task_004_imu_odometry_estimation,OVERALL_HIDDEN_ERROR_CHECK,FAILED,E2,"No code was generated or parsing failed, which is a critical hard error that the oracle test failed to catch as SUCCESS."
openai_gpt-5.5,sensor_process,task_005_sonar_distance_estimation,test_numerical_stability_epsilon,FAILED,C3,"The generated code lacks an epsilon-based numerical stability check (e.g., abs(dx) > 1e-6) before division, causing a semantic/behavioral error where division by zero can occur for axial rays."
openai_gpt-5.5,sensor_process,task_005_sonar_distance_estimation,test_sonar_max_range_limit,FAILED,C3,"The generated code lacks a finite maximum sonar range limit, returning numeric_limits::max() instead of a logical cap, which is a semantic/behavioral error."
openai_gpt-5.5,sensor_process,task_005_sonar_distance_estimation,OVERALL_HIDDEN_ERROR_CHECK,FAILED,E2,"No code was generated or parsing failed, which is a critical hard error that the oracle test failed to catch as a SUCCESS status."
openai_gpt-5.5,sensor_process,task_006_image_pipeline,test_template_dispatch_completeness,FAILED,C3,"The generated code is missing the template dispatch for uint16_t depth encoding, failing to handle both 16-bit and 32-bit depth types as required."
openai_gpt-5.5,sensor_process,task_006_image_pipeline,OVERALL_HIDDEN_ERROR_CHECK,FAILED,E2,"No code was generated or parsing failed, which is a critical hard error that should have caused test failures but the oracle reported SUCCESS."
openai_gpt-5.5,sensor_process,task_007_hector_slam,OVERALL_CODE_CHECK,SUCCESS,E2,"The generated code is empty ('NO CODE GENERATED OR PARSE FAILED'), which is a critical failure, yet the oracle reported SUCCESS, indicating the test harness failed to detect the missing code."
openai_gpt-5.5,sensor_process,task_008_darknet,test_timestamp_synchronization,FAILED,C3,"The generated code does not synchronize the output header timestamp with the input image header, failing the critical timestamp synchronization semantic requirement."
openai_gpt-5.5,sensor_process,task_008_darknet,OVERALL_HIDDEN_ERROR_CHECK,FAILED,E2,"No code was generated or parsing failed, yet the oracle reported SUCCESS, which is a clear missed hard error."
openai_gpt-5.5,sensor_process,task_009_lio_sam,test_callback_group_initialization,FAILED,C3,"The generated code does not implement callback groups, which is a semantic/behavioral concurrency requirement for the LIO-SAM ROS 2 migration to prevent blocking sensor callbacks."
openai_gpt-5.5,sensor_process,task_009_lio_sam,OVERALL_HIDDEN_ERROR_CHECK,FAILED,E2,"No code was generated or parsing failed, which is a critical hard error that should have caused test failures but the oracle reported SUCCESS."
openai_gpt-5.5,sensor_process,task_010_radar_velocity_estimation,test_ros2_logging_migration,FAILED,B1,The generated code retained legacy ROS 1 logging macros instead of migrating to RCLCPP_* macros with node logger context.
openai_gpt-5.5,sensor_process,task_010_radar_velocity_estimation,test_ros2_clock_usage,FAILED,C3,"The generated code did not use node-based clock API (this->now() or this->get_clock()->now()) for timestamp retrieval, representing a semantic migration error from ROS 1 ros::Time::now() patterns."
openai_gpt-5.5,sensor_process,task_010_radar_velocity_estimation,test_mutex_lock_guard,FAILED,C3,"The generated code uses manual mutex_.lock()/unlock() instead of the RAII std::lock_guard<std::mutex> pattern required by the test, representing a semantic/behavioral migration issue."
openai_gpt-5.5,sensor_process,task_010_radar_velocity_estimation,test_zero_timestamp_handling,FAILED,C3,"The generated code did not implement the required '.sec == 0' timestamp check syntax, indicating a semantic/behavioral omission in the migration."
openai_gpt-5.5,sensor_process,task_010_radar_velocity_estimation,OVERALL_HIDDEN_ERROR_CHECK,FAILED,E2,"No code was generated or parsing failed, yet the oracle reported SUCCESS, indicating a missed hard error."
openai_gpt-5.5,sensor_process,task_011_camera_lidar_fusion,test_tf2_geometry_msgs_include,FAILED,A2,The generated code is missing the required tf2_geometry_msgs/tf2_geometry_msgs.hpp header needed for tf2::fromMsg conversion in ROS 2.
openai_gpt-5.5,sensor_process,task_011_camera_lidar_fusion,test_namespace_full_compliance,FAILED,B1,The generated code retains the ROS 1 message type 'autoware_msgs::DetectedObjectArray' instead of replacing it with the ROS 2 namespaced equivalent 'autoware_msgs::msg::DetectedObjectArray'.
openai_gpt-5.5,sensor_process,task_011_camera_lidar_fusion,OVERALL_HIDDEN_ERROR_CHECK,FAILED,E2,"No code was generated, so the file cannot exist and all tests would fail; oracle reporting SUCCESS is a missed hard error."
deepseek_deepseek-v4-pro,perception_control,task_001_color_blob_tracking,test_02_node_spin_and_image_subscription_pipeline,FAILED,A1,"No code was generated or parsing failed, so the test cannot find required ROS2 Node patterns, indicating a fundamental code generation/compilation failure."
deepseek_deepseek-v4-pro,perception_control,task_001_color_blob_tracking,test_06_three_region_left_center_right_decision_with_geometry_thresholds,FAILED,E2,"No code was generated or parsing failed, which is a critical hard error that should fail all tests but is being reported as a specific test failure."
deepseek_deepseek-v4-pro,perception_control,task_001_color_blob_tracking,test_07_stop_and_motion_semantics_without_literal_numbers,FAILED,A1,"No code was generated or parsing failed, resulting in an empty file that cannot satisfy any pattern checks."
deepseek_deepseek-v4-pro,perception_control,task_001_color_blob_tracking,OVERALL_HIDDEN_ERROR_CHECK,FAILED,E2,"The generated code is empty or failed to parse, which is a critical hard error that the oracle test failed to catch as SUCCESS."
deepseek_deepseek-v4-pro,perception_control,task_002_camera_depth_reach_target,OVERALL_CODE_CHECK,SUCCESS,E2,"The generated code is empty ('NO CODE GENERATED OR PARSE FAILED'), which would fail all real compilation and runtime checks, but the oracle reportedly passed—indicating a missed hard error."
deepseek_deepseek-v4-pro,perception_control,task_003_multi_node_perception_control,test_ds4_enum_mapping_present_and_used,FAILED,E2,"No code was generated or parsing failed, which is a critical hard error preventing any functionality."
deepseek_deepseek-v4-pro,perception_control,task_003_multi_node_perception_control,test_l1_toggle_semantics_fidelity,FAILED,A1,"The generated code is empty (parse failed/no code), so all patterns including the L1 toggle semantics check fail."
deepseek_deepseek-v4-pro,perception_control,task_003_multi_node_perception_control,test_axis_scaling_and_publish_gating_fidelity,FAILED,A1,"No code was generated or parsing failed, so the file is missing/empty and cannot satisfy any pattern checks."
deepseek_deepseek-v4-pro,perception_control,task_003_multi_node_perception_control,OVERALL_HIDDEN_ERROR_CHECK,FAILED,E2,"The generated code is empty ('NO CODE GENERATED OR PARSE FAILED'), which is a critical hard error that the oracle failed to detect as a failure."
deepseek_deepseek-v4-pro,perception_control,task_004_mobile_lidar_obstacle_avoidance,test_partitions_ranges_by_slicing,FAILED,A1,"No code was generated or parsing failed, so all tests including this one fail due to missing source file."
deepseek_deepseek-v4-pro,perception_control,task_004_mobile_lidar_obstacle_avoidance,test_decision_uses_signed_cost_table_and_abs_cost,FAILED,E2,"No code was generated or parsing failed, which is a critical hard error preventing any functionality."
deepseek_deepseek-v4-pro,perception_control,task_004_mobile_lidar_obstacle_avoidance,test_control_laws_and_modes_match_reference_semantics,FAILED,E2,"No code was generated (parse failed), which is a critical hard error that prevents any functionality."
deepseek_deepseek-v4-pro,perception_control,task_004_mobile_lidar_obstacle_avoidance,OVERALL_HIDDEN_ERROR_CHECK,FAILED,E2,"The generated code is empty ('NO CODE GENERATED OR PARSE FAILED'), which is a critical hard error, but the oracle status was reported as SUCCESS, missing this failure."
deepseek_deepseek-v4-pro,perception_control,task_005_ORBBEC,test_frameset_forwards_non_color_streams_through_common_handler,FAILED,E2,"The generated code is empty ('NO CODE GENERATED OR PARSE FAILED'), which is a critical hard error preventing any compilation or functionality."
deepseek_deepseek-v4-pro,perception_control,task_005_ORBBEC,test_color_thread_consumes_fifo_and_processes_in_pipeline_order,FAILED,A1,"No code was generated or parsed, so the file is empty/missing and cannot satisfy any test expectations."
deepseek_deepseek-v4-pro,perception_control,task_005_ORBBEC,test_single_frame_supports_flip_branch_and_depth_scaling_hook,FAILED,E2,"No code was generated or parsed, so the file cannot contain required depth scaling semantics, causing the test to fail on a hard error (missing/unparseable output)."
deepseek_deepseek-v4-pro,perception_control,task_005_ORBBEC,OVERALL_HIDDEN_ERROR_CHECK,FAILED,E2,"The generated code is empty ('NO CODE GENERATED OR PARSE FAILED'), which is a critical hard error that the oracle test failed to catch as SUCCESS."
deepseek_deepseek-v4-pro,perception_control,task_006_3d_sensor_moveit_arm_control,test_2_wait_logic_atomic,FAILED,E1,"The test requires a rigid regex pattern '.id == object_name' for explicit ID comparison, which is a strict style/format expectation rather than a functional correctness check."
deepseek_deepseek-v4-pro,perception_control,task_006_3d_sensor_moveit_arm_control,test_3_grasp_sequence_integrity,FAILED,C3,"The generated grasp_object function lacks the required sequence of remove -> add_box (twice) -> wait_for_planning_scene calls, violating the expected pipeline behavior."
deepseek_deepseek-v4-pro,perception_control,task_006_3d_sensor_moveit_arm_control,test_4_async_fallback_mastery,FAILED,C3,"The generated place_object function lacks the required async fallback structure (await → if arm_torso check → second await → return), indicating incomplete semantic implementation of the fallback retry behavior."
deepseek_deepseek-v4-pro,perception_control,task_006_3d_sensor_moveit_arm_control,OVERALL_HIDDEN_ERROR_CHECK,FAILED,E2,"No code was generated or parsing failed, yet the oracle reported SUCCESS; this is a critical missed hard error since an empty source cannot pass any functional ROS 2 migration."
deepseek_deepseek-v4-pro,perception_control,task_007_autonomous_navigation,test_proportional_control_law,FAILED,C3,"The turn function uses a constant angular velocity (self.angular_z) with sign based on direction rather than proportional control (Kp * error), failing the behavioral requirement for smooth P-control."
deepseek_deepseek-v4-pro,perception_control,task_007_autonomous_navigation,OVERALL_HIDDEN_ERROR_CHECK,FAILED,E2,"The code has hard errors: `self.goal_msg.goal` access is likely wrong (Patrol.Goal likely doesn't have a 'goal' field with x/y/z), and the proportional control test would fail since angular.z is hardcoded to ±self.angular_z without error multiplication, but oracle marked SUCCESS."
deepseek_deepseek-v4-pro,perception_control,task_008_limo_robot,test_ackermann_inverse_kinematics,FAILED,A1,"No code was generated or parsing failed, resulting in an empty source file that cannot satisfy any test assertions."
deepseek_deepseek-v4-pro,perception_control,task_008_limo_robot,test_steering_limit_clamping,FAILED,A1,"No code was generated or parsing failed, resulting in an empty source file that cannot satisfy the clamping check."
deepseek_deepseek-v4-pro,perception_control,task_008_limo_robot,test_odom_integration_frames,FAILED,A1,"No code was generated or parsing failed, so the function body is empty and all regex-based assertions fail."
deepseek_deepseek-v4-pro,perception_control,task_008_limo_robot,test_mecanum_lateral_awareness,FAILED,A1,"No code was generated or parsing failed, so the source file is empty and all checks including mecanum lateral awareness fail."
deepseek_deepseek-v4-pro,perception_control,task_008_limo_robot,test_time_differential_consistency,FAILED,C3,"The generated publishOdometry function contains 'dt' variable but fails to apply dt scaling (e.g., '* dt') in the pose displacement update, indicating incorrect Euler integration semantics."
deepseek_deepseek-v4-pro,perception_control,task_008_limo_robot,OVERALL_HIDDEN_ERROR_CHECK,FAILED,E2,"No code was generated or parsing failed, which is a critical hard error that the oracle test missed by reporting SUCCESS."
deepseek_deepseek-v4-pro,perception_control,task_009_stretch_pipeline,OVERALL_CODE_CHECK,SUCCESS,E2,"No code was generated, but the oracle tests passed; this is a critical missed hard error since an empty file cannot satisfy the actual migration requirements."
deepseek_deepseek-v4-pro,state_machine,task_001_smach_basic,test_userdata_request_mapping,FAILED,C3,"The generated code exists but does not implement the userdata-to-request slot mapping using setattr(self._request, key, ud[key]), representing a semantic/behavioral omission in the migration."
deepseek_deepseek-v4-pro,state_machine,task_001_smach_basic,OVERALL_HIDDEN_ERROR_CHECK,FAILED,E2,"No code was generated or parsing failed, so the file does not exist; the oracle marking this as SUCCESS is a false negative since the tests would fail to even open the file."
deepseek_deepseek-v4-pro,state_machine,task_002_mas_execution_manager,test_parameter_logic,FAILED,C3,"The generated code failed to include the required self.node.declare_parameter logic for ROS 2 parameter declaration, representing a semantic/behavioral omission in the migration."
deepseek_deepseek-v4-pro,state_machine,task_002_mas_execution_manager,test_topic_and_msg_integrity,FAILED,C3,"The generated code's subscription does not use ActionFeedback on the '/kcl_rosplan/action_feedback' topic, indicating a semantic/behavioral error in preserving the original topic and message type."
deepseek_deepseek-v4-pro,state_machine,task_002_mas_execution_manager,test_interface_params_retention,FAILED,C3,"The generated code failed to preserve the original data flow by not passing the url and prefix parameters to the DomesticOntologyInterface constructor, representing a semantic/behavioral error in the migration."
deepseek_deepseek-v4-pro,state_machine,task_002_mas_execution_manager,OVERALL_HIDDEN_ERROR_CHECK,FAILED,E2,"The generated code is empty or failed to parse, which means it cannot compile or run, yet the oracle reported SUCCESS, indicating a missed hard error."
deepseek_deepseek-v4-pro,state_machine,task_003_tutorial_baseline,OVERALL_CODE_CHECK,SUCCESS,E2,"The generated code is empty ('NO CODE GENERATED OR PARSE FAILED'), which should fail all functional checks, but the oracle tests passed, indicating the tests failed to catch this critical hard error."
deepseek_deepseek-v4-pro,state_machine,task_004_ros_task_manage,test_introspection_node_handle,FAILED,B2,"The generated code instantiates IntrospectionServer without passing the required ROS 2 node handle (self.node), which is a hallucinated/incorrect API usage for ROS 2's smach_ros."
deepseek_deepseek-v4-pro,state_machine,task_004_ros_task_manage,OVERALL_HIDDEN_ERROR_CHECK,FAILED,E2,"The generated code is empty ('NO CODE GENERATED OR PARSE FAILED'), which is a critical hard error that should not be marked as SUCCESS."
deepseek_deepseek-v4-pro,state_machine,task_005_flexbe_behavior_engine,test_no_ros1_remnants,FAILED,B1,"The generated code still contains 'from actionlib' imports, indicating legacy ROS 1 API was not replaced with ROS 2 equivalents."
deepseek_deepseek-v4-pro,state_machine,task_005_flexbe_behavior_engine,test_ros2_goal_status_constants,FAILED,A1,"No code was generated or parsing failed, so the missing STATUS_SUCCEEDED constant indicates a fundamental compilation/generation failure."
deepseek_deepseek-v4-pro,state_machine,task_005_flexbe_behavior_engine,OVERALL_HIDDEN_ERROR_CHECK,FAILED,E2,"The generated code is empty ('NO CODE GENERATED OR PARSE FAILED'), which is a critical hard error that would fail at runtime, but the oracle marked it as SUCCESS."
deepseek_deepseek-v4-pro,state_machine,task_006_flexbe_2,test_true_buffer_drain_logic,FAILED,C3,"The generated code uses an 'if' statement instead of a 'while' loop to drain the buffer, failing to process all queued messages per tick as required by the oracle's behavioral expectation."
deepseek_deepseek-v4-pro,state_machine,task_006_flexbe_2,test_incremental_update_logic,FAILED,C3,The generated code fails to implement the incremental update check (None comparison) required to avoid overwriting joint values with stale data across partial messages.
deepseek_deepseek-v4-pro,state_machine,task_006_flexbe_2,test_dynamic_index_resolution,FAILED,C3,"The generated code failed to implement dynamic name-to-index resolution (msg.name.index or zip), representing a semantic/behavioral error in the migration logic."
deepseek_deepseek-v4-pro,state_machine,task_006_flexbe_2,OVERALL_HIDDEN_ERROR_CHECK,FAILED,E2,"No code was generated, but the oracle status reports SUCCESS, indicating the test framework failed to catch the absence of any implementation."
deepseek_deepseek-v4-pro,state_machine,task_007_smacc,test_functional_preservation,FAILED,C3,"The generated code omitted the onExit() functional logic during migration, losing required behavior preservation."
deepseek_deepseek-v4-pro,state_machine,task_007_smacc,test_memory_safety_and_types,FAILED,C3,"The generated code uses [=] capture with this-> but lacks shared_from_this/weak_ptr/std::bind lifetime protection, indicating a semantic safety issue in the ROS 2 migration."
deepseek_deepseek-v4-pro,state_machine,task_007_smacc,OVERALL_HIDDEN_ERROR_CHECK,FAILED,E2,"No code was generated or parsing failed, which is a critical hard error that the oracle test failed to catch as SUCCESS."
deepseek_deepseek-v4-pro,state_machine,task_008A_robot_statemachine_scaffold,test_parameter_lifecycle_strict,FAILED,C3,"The generated code only declared 2 parameters via this->declare_parameter instead of the required 3+, missing a mandatory parameter declaration which is a semantic/behavioral migration error."
deepseek_deepseek-v4-pro,state_machine,task_008A_robot_statemachine_scaffold,OVERALL_HIDDEN_ERROR_CHECK,FAILED,E2,"No code was generated or parsing failed, yet the oracle reported SUCCESS, which means the test framework failed to catch this critical missing-code error."
deepseek_deepseek-v4-pro,state_machine,task_009_sm_dance_bot_strikes_back,test_ros2_node_base_interface,FAILED,C3,"The generated code failed to initialize RealtimePublisher with the required get_node_base_interface() argument, which is a semantic/behavioral error in the ROS 2 migration architecture."
deepseek_deepseek-v4-pro,state_machine,task_009_sm_dance_bot_strikes_back,OVERALL_HIDDEN_ERROR_CHECK,FAILED,E2,"The generated code is empty ('NO CODE GENERATED OR PARSE FAILED'), which is a critical hard error that should have failed all tests but was reported as SUCCESS."
deepseek_deepseek-v4-pro,sensor_process,task_001_laser_obstacle_detection,test_member_variable_consistency,FAILED,C3,"The generated code does not use the expected member variable name 'output_pub_' for publishing, indicating a semantic mismatch with the expected class member naming convention."
deepseek_deepseek-v4-pro,sensor_process,task_001_laser_obstacle_detection,OVERALL_HIDDEN_ERROR_CHECK,FAILED,E2,"No code was generated or parsing failed, yet the oracle reported SUCCESS, which means the test framework missed a critical hard error (empty/missing code cannot compile or run)."
deepseek_deepseek-v4-pro,sensor_process,task_002_camera_edge_detection,OVERALL_CODE_CHECK,SUCCESS,E2,"The generated code is empty ('NO CODE GENERATED OR PARSE FAILED'), so there is no file to test; the oracle would fail on file open, indicating a missed hard error rather than a true success."
deepseek_deepseek-v4-pro,sensor_process,task_003_rgbd_pointcloud_generation,test_intrinsic_scaling_math,FAILED,C3,"The generated code resizes the image but fails to scale the camera intrinsics (fx/fy) by the ratio, causing a semantic/behavioral error in 3D reconstruction."
deepseek_deepseek-v4-pro,sensor_process,task_003_rgbd_pointcloud_generation,OVERALL_HIDDEN_ERROR_CHECK,FAILED,E2,"No code was generated or parsing failed, which is a critical hard error that the oracle tests failed to catch as SUCCESS."
deepseek_deepseek-v4-pro,sensor_process,task_004_imu_odometry_estimation,test_3d_rotation_coupling,FAILED,C3,"The generated code's X-axis projection does not include the required 'cy * cp * delta_sec' term for proper 3D RZYX rotation coupling, indicating a semantic/behavioral error in the kinematic model."
deepseek_deepseek-v4-pro,sensor_process,task_004_imu_odometry_estimation,test_acceleration_3d_projection,FAILED,C3,"The generated code's predict function fails to project body-frame acceleration into the global frame using 3D RZYX rotation with the 0.5*dt^2 term, representing a semantic/behavioral error in the kinematic model."
deepseek_deepseek-v4-pro,sensor_process,task_004_imu_odometry_estimation,OVERALL_HIDDEN_ERROR_CHECK,FAILED,E2,"No code was generated or parse failed, so the migration is incomplete and would fail compilation, but the oracle status reports SUCCESS."
deepseek_deepseek-v4-pro,sensor_process,task_005_sonar_distance_estimation,test_holonomic_kinematics,FAILED,C3,"The generated code implements X velocity projection but is missing the Y velocity projection (lin_vel_y_) needed for holonomic kinematics, which is a semantic/behavioral omission."
deepseek_deepseek-v4-pro,sensor_process,task_005_sonar_distance_estimation,test_sonar_geometry_robust_v4,FAILED,C3,"The generated code lacks the analytical sonar distance calculation (delta/projection geometry), representing a missing semantic/behavioral feature required by the migration."
deepseek_deepseek-v4-pro,sensor_process,task_005_sonar_distance_estimation,test_numerical_stability_epsilon,FAILED,C3,"The generated code lacks a numerical stability epsilon check (e.g., abs(dx) > 1e-6) before division, representing a semantic/behavioral error in handling axial rays."
deepseek_deepseek-v4-pro,sensor_process,task_005_sonar_distance_estimation,test_sonar_max_range_limit,FAILED,C3,"The generated code lacks a finite maximum sonar range limit, returning unlimited/infinity distance instead of capping it, which is a semantic/behavioral error in sensor modeling."
deepseek_deepseek-v4-pro,sensor_process,task_005_sonar_distance_estimation,test_sonar_y_mirroring_fix,FAILED,C3,"The generated code failed to implement the required Y-axis inversion (dy = -sin(theta)) for Qt coordinate alignment, which is a semantic/behavioral error in the sonar geometry logic."
deepseek_deepseek-v4-pro,sensor_process,task_005_sonar_distance_estimation,OVERALL_HIDDEN_ERROR_CHECK,FAILED,E2,"No code was generated or parsing failed, so there is no valid ROS 2 migration code, yet the oracle reported SUCCESS, indicating a missed hard error."
deepseek_deepseek-v4-pro,sensor_process,task_006_image_pipeline,test_camera_info_scaling_logic,FAILED,C3,"The generated code failed to implement the required camera_info scaling logic (k[0] *= ratio), indicating a semantic/behavioral error where required functionality is missing."
deepseek_deepseek-v4-pro,sensor_process,task_006_image_pipeline,test_pointcloud2_field_setup,FAILED,C3,"The generated code does not use the expected 'setPointCloud2FieldsByString(2, ""xyz"", ""rgb"")' API call for configuring the PointCloud2 binary field layout, indicating a semantic deviation from the required field setup approach."
deepseek_deepseek-v4-pro,sensor_process,task_006_image_pipeline,test_template_dispatch_completeness,FAILED,C3,The generated code is missing the template dispatch for both uint16_t and float depth encodings required by the test.
deepseek_deepseek-v4-pro,sensor_process,task_006_image_pipeline,OVERALL_HIDDEN_ERROR_CHECK,FAILED,E2,"No code was generated or parsing failed, which is a critical hard error that should not pass any meaningful migration test."
deepseek_deepseek-v4-pro,sensor_process,task_007_hector_slam,test_timestamp_preservation,FAILED,E1,"The code correctly preserves the timestamp using `scan.header.stamp` (reference style), but the oracle's regex specifically requires the pattern `header.stamp = scan->header.stamp` or `scan.header.stamp` which the regex `scan[-.]>header.stamp` doesn't actually match `scan.header.stamp` correctly—it's a regex formatting expectation mismatch."
deepseek_deepseek-v4-pro,sensor_process,task_007_hector_slam,OVERALL_HIDDEN_ERROR_CHECK,FAILED,E2,"The code references nav_msgs::msg::OccupiedGrid (a non-existent type, should be OccupancyGrid) in staticMapCallback, which will cause a compilation failure that the oracle tests missed."
deepseek_deepseek-v4-pro,sensor_process,task_008_darknet,test_flexible_logging_macros,FAILED,C3,"The generated code uses RCLCPP logging macros but does not pass this->get_logger() as required, indicating an incomplete/incorrect logger usage in the migration."
deepseek_deepseek-v4-pro,sensor_process,task_008_darknet,test_timestamp_synchronization,FAILED,C3,"The generated code fails to sync the output message timestamp with the input image header stamp, a critical semantic behavior required by the test."
deepseek_deepseek-v4-pro,sensor_process,task_008_darknet,OVERALL_HIDDEN_ERROR_CHECK,FAILED,E2,"No code was generated or parsing failed, yet the oracle reported SUCCESS, indicating a critical hard error was missed."
deepseek_deepseek-v4-pro,sensor_process,task_009_lio_sam,test_callback_group_initialization,FAILED,C3,"The generated code failed to include callback group initialization required for concurrent execution in the ROS 2 migration, representing a semantic/behavioral omission."
deepseek_deepseek-v4-pro,sensor_process,task_009_lio_sam,OVERALL_HIDDEN_ERROR_CHECK,FAILED,E2,"No code was generated or parsing failed, which is a critical hard error that should not have resulted in a SUCCESS status."
deepseek_deepseek-v4-pro,sensor_process,task_010_radar_velocity_estimation,test_ros2_logging_migration,FAILED,C3,"The generated code failed to migrate ROS 1 logging macros to RCLCPP_*(get_logger(), ...) format, indicating an incomplete semantic migration of the logging API."
deepseek_deepseek-v4-pro,sensor_process,task_010_radar_velocity_estimation,test_ros2_clock_usage,FAILED,C3,"The generated code failed to use node clock API (this->now() or this->get_clock()->now()) for timestamp retrieval, indicating a semantic migration error in clock handling."
deepseek_deepseek-v4-pro,sensor_process,task_010_radar_velocity_estimation,test_mutex_lock_guard,FAILED,C3,"The generated code uses manual mutex_.lock()/unlock() calls instead of the requested RAII-style std::lock_guard<std::mutex>, which is a semantic/behavioral deviation from the expected migration pattern."
deepseek_deepseek-v4-pro,sensor_process,task_010_radar_velocity_estimation,test_trigger_reset_logic_strict,FAILED,C3,"The generated code assigns trigger_stamp from the incoming message but fails to implement the reset-to-null logic required after processing, which is a semantic/behavioral omission."
deepseek_deepseek-v4-pro,sensor_process,task_010_radar_velocity_estimation,test_zero_timestamp_handling,FAILED,C3,"The generated code did not include the required '.sec == 0' syntax for zero timestamp checking, indicating a semantic/behavioral omission of the expected logic."
deepseek_deepseek-v4-pro,sensor_process,task_010_radar_velocity_estimation,OVERALL_HIDDEN_ERROR_CHECK,FAILED,E2,"The generated code is empty ('NO CODE GENERATED OR PARSE FAILED'), which is a critical hard error that the oracle failed to catch as SUCCESS."
deepseek_deepseek-v4-pro,sensor_process,task_011_camera_lidar_fusion,test_tf2_geometry_msgs_include,FAILED,A2,The generated code is missing the required tf2_geometry_msgs/tf2_geometry_msgs.hpp header needed for tf2::fromMsg conversion in ROS 2.
deepseek_deepseek-v4-pro,sensor_process,task_011_camera_lidar_fusion,test_namespace_full_compliance,FAILED,B1,The generated code retains the ROS 1 message type 'autoware_msgs::DetectedObjectArray' without converting it to the required ROS 2 '::msg::' namespace.
deepseek_deepseek-v4-pro,sensor_process,task_011_camera_lidar_fusion,OVERALL_HIDDEN_ERROR_CHECK,FAILED,E2,"No code was generated or parsing failed, which is a critical hard error that the oracle test failed to catch as SUCCESS."
google_gemini-3.1-pro-preview,service_client,task_001_simple_service,test_client_uses_rclpy_and_node,FAILED,E1,"The client code uses rclpy.create_node() which is functionally correct ROS 2 code, but the oracle rigidly requires the literal 'Node(' pattern, making this a style/format mismatch."
google_gemini-3.1-pro-preview,service_client,task_001_simple_service,OVERALL_HIDDEN_ERROR_CHECK,FAILED,P1,"The server code correctly uses rclpy, creates a service with create_service, spins the node, and contains no ROS1 artifacts, satisfying all oracle test requirements."
google_gemini-3.1-pro-preview,service_client,task_002_custom_srv,test_ros2_server_uses_node_subclass,FAILED,C1,"The generated server uses the functional create_node approach instead of defining a Node subclass, failing the lifecycle/structural expectation of the ROS 2 migration."
google_gemini-3.1-pro-preview,service_client,task_002_custom_srv,OVERALL_HIDDEN_ERROR_CHECK,FAILED,E2,"The server code does not define a class inheriting from Node (uses functional style with rclpy.create_node), which would fail the test_ros2_server_uses_node_subclass test, indicating a hard error missed by the oracle status."
google_gemini-3.1-pro-preview,service_client,task_003_mp3_db_service,test_ros2_client_uses_node,FAILED,C3,"The generated code uses a function-based approach instead of defining a Node subclass, failing the structural test that requires a class inheriting from Node."
google_gemini-3.1-pro-preview,service_client,task_003_mp3_db_service,test_ros2_client_creates_service_client,FAILED,C3,"The generated code does not call create_client with MP3InventoryService as required, indicating a semantic error in implementing the service client correctly."
google_gemini-3.1-pro-preview,service_client,task_003_mp3_db_service,test_client_populates_request_fields,FAILED,C3,"The generated client code does not populate any fields on the service request object (no 'request.<field>' pattern found), failing the semantic expectation defined by the .srv interface."
google_gemini-3.1-pro-preview,service_client,task_003_mp3_db_service,test_client_accesses_response_list,FAILED,C3,"The generated code does not access response.list_strings as required by the service interface, indicating a semantic error in handling the service response."
google_gemini-3.1-pro-preview,service_client,task_003_mp3_db_service,test_client_uses_response_to_drive_loop,FAILED,C3,"The generated client accesses response.list_strings but does not iterate over it with a for-loop, failing the specific behavioral expectation of the test."
google_gemini-3.1-pro-preview,service_client,task_003_mp3_db_service,OVERALL_HIDDEN_ERROR_CHECK,FAILED,E2,"No code was generated or parsing failed, which is a critical hard error that should have caused test failures but the oracle reported SUCCESS."
google_gemini-3.1-pro-preview,service_client,task_005_gazebo,test_return_depends_on_service_response,FAILED,E1,"The test rigidly rejects any 'return False' literal in exception/error paths, even though returning False on service failure is a functionally correct ROS 2 pattern."
google_gemini-3.1-pro-preview,service_client,task_005_gazebo,test_response_used_in_return,FAILED,E1,"The code functionally uses the service response (named 'resp') and returns resp.success, but the oracle test rigidly requires the variable to be named 'response', making this a style/naming false positive."
google_gemini-3.1-pro-preview,service_client,task_005_gazebo,test_multiple_service_calls_use_response,FAILED,E1,"The code is functionally correct using 'resp' as the response variable name, but the oracle test rigidly requires the literal string 'response' to appear after the function name, which is a style/naming mismatch."
google_gemini-3.1-pro-preview,service_client,task_005_gazebo,OVERALL_HIDDEN_ERROR_CHECK,FAILED,E2,"The code uses 'resp' variable but oracle tests require 'response.success' pattern; also uses SpawnEntity for both urdf and sdf services which don't exist as separate ROS 2 services, and SetModelConfiguration field 'urdf_param_name' may not match - oracle passed due to lenient regex but functional issues exist."
google_gemini-3.1-pro-preview,service_client,task_007_navigation_make_plan,test_01_ros2_service_client_used,FAILED,A1,"No code was generated or parsing failed, so the file lacks the required ROS2 create_client API."
google_gemini-3.1-pro-preview,service_client,task_007_navigation_make_plan,test_02_wait_for_service_retry,FAILED,A1,"No code was generated or parsing failed, so the file lacks the required wait_for_service call and cannot compile."
google_gemini-3.1-pro-preview,service_client,task_007_navigation_make_plan,test_03_requestmap_has_mutex_lock_guard,FAILED,A1,"No code was generated or parsing failed, resulting in an empty/invalid file that cannot satisfy any pattern checks including the mutex lock guard requirement."
google_gemini-3.1-pro-preview,service_client,task_007_navigation_make_plan,test_04_response_map_flow,FAILED,A1,"No code was generated or parsing failed, so the file lacks the required handleMapMessage(...) call entirely, causing a compilation/source-level failure."
google_gemini-3.1-pro-preview,service_client,task_007_navigation_make_plan,OVERALL_HIDDEN_ERROR_CHECK,FAILED,E2,"The generated code is empty ('NO CODE GENERATED OR PARSE FAILED'), which is a critical hard error, but the oracle reported SUCCESS."
google_gemini-3.1-pro-preview,service_client,task_008_clear_costmaps,test_equivalence_layer_names_semantics_obstacles_static_map,FAILED,C3,"The generated testClearBehavior implementation omits the layer_names semantics entirely (no 'obstacles'/'static_map' literals and no conditional gating on the obstacles/static_map flags), failing to preserve the original behavioral equivalence."
google_gemini-3.1-pro-preview,service_client,task_008_clear_costmaps,test_equivalence_gates_both_obstacles_and_static_map,FAILED,C3,"The generated testClearBehavior does not implement conditional logic based on the obstacles and static_map flags to construct the layer_names, missing required semantic behavior from the ROS1 original."
google_gemini-3.1-pro-preview,service_client,task_008_clear_costmaps,OVERALL_HIDDEN_ERROR_CHECK,FAILED,E2,"The generated code does not implement the layer_names equivalence (no gating by both obstacles and static_map flags, no 'obstacles'/'static_map' literals), which is a critical semantic omission from the ROS1 behavior that the oracle's hidden checks would catch."
google_gemini-3.1-pro-preview,service_client,task_009_moveit_planning_scene,test_category_3_minimal_diff_hygiene_reset_and_not_keep_in_world,FAILED,E1,"The attach step is functionally correct (default-constructed PlanningScene has empty attached_collision_objects), but the oracle rigidly requires an explicit .clear() call on robot_state.attached_collision_objects which is semantically redundant."
google_gemini-3.1-pro-preview,service_client,task_009_moveit_planning_scene,OVERALL_HIDDEN_ERROR_CHECK,FAILED,P1,"The generated code correctly implements the ROS 2 migration with proper includes, publisher creation, diff hygiene (is_diff, clear() calls), and matches all oracle pattern expectations."
google_gemini-3.1-pro-preview,service_client,task_010_controller_manager,test_start_stop_controllers_semantics,FAILED,E1,"The code is functionally correct—it uses call_async and spin_until_future_complete inside the _call_service helper—but the oracle test only inspects the start_stop_controllers function block directly, missing the indirect async call via the helper function."
google_gemini-3.1-pro-preview,service_client,task_010_controller_manager,test_list_controllers_semantics,FAILED,E1,The code is functionally correct—it delegates async service calls to a helper `_call_service` which uses `call_async` and `spin_until_future_complete`—but the oracle's regex-based block extraction only inspects the `list_controllers` function body and fails to detect the async call in the helper.
google_gemini-3.1-pro-preview,service_client,task_010_controller_manager,test_reload_libraries_semantics,FAILED,C3,"The reload_libraries function omits LoadController usage in the restore path, failing the oracle's semantic requirement to re-load controllers after reloading libraries."
google_gemini-3.1-pro-preview,service_client,task_010_controller_manager,OVERALL_HIDDEN_ERROR_CHECK,FAILED,E2,"The reload_libraries function calls start_stop_controllers indirectly which calls _call_service, but the test requires ListControllers, LoadController, and SwitchController references to appear within the reload_libraries function block itself; while ListControllers and SwitchController appear via start_stop_controllers calls, LoadController is not referenced in the reload_libraries block, which would fail semantic restoration (controllers are only reactivated, not reloaded after library reload)."
google_gemini-3.1-pro-preview,service_client,task_011_robot_services,test_target_camera_driver_is_referenced,FAILED,C3,"The generated code failed to reference the required 'head_camera/driver' namespace, missing the semantic target node for parameter configuration."
google_gemini-3.1-pro-preview,service_client,task_011_robot_services,OVERALL_HIDDEN_ERROR_CHECK,FAILED,E2,"No code was generated or parsing failed, yet the oracle reported SUCCESS, which is a missed hard error."
google_gemini-3.1-pro-preview,parameter_server,task_001_basic_param,test_no_ros1_master_xmlrpc,FAILED,B1,"The generated code retains ROS 1 APIs (ros::master::execute, XMLRPCManager, ros/param.h) and never migrates to rclcpp, failing the test that requires ROS 2 APIs."
google_gemini-3.1-pro-preview,parameter_server,task_001_basic_param,test_has_cache_map_and_subscribed_set,FAILED,B1,"The code retains ROS 1 APIs (XMLRPCManager, master::execute, S_string typedef) instead of migrating to ROS 2, so the test cannot find an explicit set<std::string> declaration nor the required rclcpp/ParameterEvent mechanisms."
google_gemini-3.1-pro-preview,parameter_server,task_001_basic_param,test_parameter_event_subscription_is_real,FAILED,B1,"The generated code retains ROS 1 APIs (ros::master::execute, XMLRPCManager, XmlRpc::XmlRpcValue) instead of migrating to ROS 2 mechanisms like rcl_interfaces::msg::ParameterEvent or ParameterEventHandler."
google_gemini-3.1-pro-preview,parameter_server,task_001_basic_param,test_getImpl_has_cache_hit_shortcut_and_subscribe_on_miss,FAILED,B1,"The generated code retains ROS 1 APIs (ros::master::execute, XMLRPCManager) instead of migrating to ROS 2 parameter client APIs, causing getImpl to lack any rclcpp-based remote query path."
google_gemini-3.1-pro-preview,parameter_server,task_001_basic_param,OVERALL_HIDDEN_ERROR_CHECK,FAILED,E2,"The generated code is essentially unchanged ROS 1 code using ros::master::execute, XMLRPCManager, and XmlRpc, with no rclcpp, ParameterEvent, or ROS 2 parameter client APIs, which would fail to compile in a ROS 2 environment but the oracle reported SUCCESS."
google_gemini-3.1-pro-preview,parameter_server,task_002_dynamic_robot_configuration,test_type_strictness_casting,FAILED,E1,"The code correctly uses declare_parameter followed by get_parameter, which is functionally valid ROS 2 usage; the test rigidly requires assigning declare_parameter's return value to a variable, which is a style preference."
google_gemini-3.1-pro-preview,parameter_server,task_002_dynamic_robot_configuration,OVERALL_HIDDEN_ERROR_CHECK,FAILED,E2,"The code passes the regex-based oracle but contains a critical flaw: TurtleFrame is being passed a single Node::SharedPtr while the original would need different construction, and more importantly, the test 'test_type_strictness_casting' requires the result of declare_parameter to be assigned to a variable, but the code uses get_parameter separately—this would actually fail that specific test, indicating oracle/log inconsistency suggesting a hidden error."
google_gemini-3.1-pro-preview,parameter_server,task_003_Mobile_robot_control,OVERALL_CODE_CHECK,SUCCESS,P1,"The code correctly uses RCLCPP_INFO_STREAM, std::vector<double> parameters, the exact exception message, size validation logic, and removes all ROS1 legacy symbols as verified by the oracle tests."
google_gemini-3.1-pro-preview,parameter_server,task_004_turtlrbot3_params,OVERALL_CODE_CHECK,SUCCESS,E2,"The generated code is empty ('NO CODE GENERATED OR PARSE FAILED'), which should fail all tests, but the oracle reportedly passed — indicating a missed hard error."
google_gemini-3.1-pro-preview,parameter_server,task_005_laser_scan_filter_params,test_qos_and_topics,FAILED,E1,"The test expects the literal topic name 'output' but the generated code uses 'scan_filtered', which is functionally valid but doesn't match the rigid string expectation in the oracle."
google_gemini-3.1-pro-preview,parameter_server,task_005_laser_scan_filter_params,OVERALL_HIDDEN_ERROR_CHECK,FAILED,E2,"The publisher uses topic name 'scan_filtered' instead of 'output' as the oracle expects, and more critically, the member initialization order is broken (tf_ is initialized before buffer_ which it depends on), causing undefined behavior/crash at runtime."
google_gemini-3.1-pro-preview,parameter_server,task_006_dynamic_param_rqt_reconfigure,OVERALL_CODE_CHECK,SUCCESS,P1,"The code correctly uses call_async with threading.Event and add_done_callback, includes proper error hints, wait_for_service logic, and avoids ROS1 artifacts, matching all oracle test requirements."
google_gemini-3.1-pro-preview,parameter_server,task_008_gazebo_sim_param,test_multicamera_suffix_preservation,FAILED,C3,"The generated code drops the _camera_name_suffix append logic, overwriting camera_name_ via declare_parameter without concatenating the suffix, which is a semantic behavioral error critical for multicamera plugins."
google_gemini-3.1-pro-preview,parameter_server,task_008_gazebo_sim_param,test_standard_library_pointer_migration,FAILED,E1,"The code correctly uses std::mutex, std::thread, and std::make_shared, with no boost remnants, but the test rigidly requires the literal string 'std::shared_ptr' or 'std::unique_ptr' to appear which is a style/format expectation rather than a functional requirement."
google_gemini-3.1-pro-preview,parameter_server,task_008_gazebo_sim_param,test_time_source_logic,FAILED,C3,"The migrated code uses Gazebo's sensor time (sec/nsec from common::Time) directly instead of using the ROS 2 Node's clock (now() / get_clock()->now()), which breaks /use_sim_time compatibility."
google_gemini-3.1-pro-preview,parameter_server,task_008_gazebo_sim_param,OVERALL_HIDDEN_ERROR_CHECK,FAILED,E2,"The code uses 'camera_name_' directly from parameter declaration without ever appending '_camera_name_suffix', which breaks multicamera plugin support; additionally, it never uses the node's clock (now()/get_clock()->now()) for sim time, indicating runtime/semantic errors the oracle missed."
google_gemini-3.1-pro-preview,parameter_server,task_009_fetch_arm_params,test_ros2_param_declaration,FAILED,E1,"The code does call node_->declare_parameter() with the correct names and default values, but does not use the explicit template syntax (e.g., declare_parameter<double>) that the oracle's rigid regex requires, making this a style/format mismatch rather than a functional error."
google_gemini-3.1-pro-preview,parameter_server,task_009_fetch_arm_params,test_logging_migration,FAILED,E1,"The code uses rclcpp::get_logger(name_) which is functionally correct for ROS 2 logging, but the test rigidly requires the literal string 'get_logger()' (with empty parens, implying node_->get_logger()), making this a style/format mismatch rather than a functional error."
google_gemini-3.1-pro-preview,parameter_server,task_009_fetch_arm_params,test_tip_frame_validation,FAILED,E1,"The code does validate that exactly one tip frame is provided via `tip_frames_.size() != 1`, but the test regex looks for `tip_frames.size()` (without underscore), causing a style/naming mismatch failure despite functionally correct code."
google_gemini-3.1-pro-preview,parameter_server,task_009_fetch_arm_params,OVERALL_HIDDEN_ERROR_CHECK,FAILED,P1,"The code correctly migrates ROS 1 APIs to ROS 2 (RCLCPP logging, parameter declaration, geometry_msgs::msg, MoveIt 2 RobotModel API, tip frame validation) and the oracle tests all pass without hidden critical errors."
google_gemini-3.1-pro-preview,parameter_server,task_010_sensor_fusion_params,test_ros2_parameter_declaration,FAILED,E1,"The code functionally declares vector<bool> parameters using rclcpp::PARAMETER_BOOL_ARRAY (a valid ROS 2 approach), but the oracle test rigidly requires the specific template syntax `declare_parameter<std::vector<bool>>`, making this a style/format mismatch rather than a functional error."
google_gemini-3.1-pro-preview,parameter_server,task_010_sensor_fusion_params,test_sensor_config_logic,FAILED,E1,"The code constructs the config parameter name via two-step concatenation (topic_param_name + '_config' where topic_param_name = base_type + std::to_string(i)), which is functionally correct, but the oracle's regex requires the concatenation to occur in a single expression."
google_gemini-3.1-pro-preview,parameter_server,task_010_sensor_fusion_params,OVERALL_HIDDEN_ERROR_CHECK,FAILED,E2,"The code uses `options.arguments()[0]` as the node name in the constructor initializer list, which will crash at runtime if arguments are empty, and also calls `shared_from_this()` inside `on_configure` which is valid but the constructor's node-name approach is fundamentally broken and will cause runtime failure."
google_gemini-3.1-pro-preview,parameter_server,task_011_moveit_motion_params,test_ros2_node_lifecycle_setup,FAILED,C3,"The generated code is missing the `allow_undeclared_parameters(true)` NodeOption setting required for MoveIt 2's dynamic plugin loading, causing the lifecycle setup test to fail."
google_gemini-3.1-pro-preview,parameter_server,task_011_moveit_motion_params,test_planning_scene_availability,FAILED,C3,"The generated code calls providePublishingRobotState() instead of the required providePlanningSceneService(), missing the explicit planning scene service setup needed for proper ROS 2 MoveItCpp behavior."
google_gemini-3.1-pro-preview,parameter_server,task_011_moveit_motion_params,OVERALL_HIDDEN_ERROR_CHECK,FAILED,E2,"The oracle tests require 'allow_undeclared_parameters' and 'providePlanningSceneService' which are missing from the generated code; these would cause test failures, indicating a missed hard error."
google_gemini-3.1-pro-preview,parameter_server,task_012_px4_flight_params,test_parameter_declaration_logic,FAILED,E1,"The code correctly declares a 'yaw' parameter using self.declare_parameter, but the oracle rigidly expects the name 'target_yaw', making this a naming convention mismatch rather than a functional error."
google_gemini-3.1-pro-preview,parameter_server,task_012_px4_flight_params,test_dynamic_message_population_yaw,FAILED,E1,"The test failed because comments are stripped before regex matching, and the line 'msg.yaw = float(self.yaw)' gets corrupted—actually the issue is the test expects parameter name 'target_yaw' but code uses 'yaw'; however msg.yaw = self.yaw should still match the regex. Looking again: the regex 'msg\.yaw\s*=\s*self\.' should match 'msg.yaw = float(self.yaw)' — but it doesn't because 'float(' comes between '=' and 'self.'. This is a rigid format expectation rather than functional incorrectness."
google_gemini-3.1-pro-preview,parameter_server,task_012_px4_flight_params,test_dynamic_message_population_position,FAILED,C3,"The code calls publish_position_setpoint with self.takeoff_height as an argument, but inside the function assigns msg.position = [float(x), float(y), float(z)] using local variables, so the regex requiring 'self.' inside the position list fails to match."
google_gemini-3.1-pro-preview,parameter_server,task_012_px4_flight_params,OVERALL_HIDDEN_ERROR_CHECK,FAILED,E2,"The code uses 'yaw' as the parameter name instead of 'target_yaw' as expected by the oracle test, and uses '-5.0' as a default value in declare_parameter which violates the 'no hardcoded' check; these would fail the oracle tests but were apparently not caught."
google_gemini-3.1-pro-preview,parameter_server,task_013_slam_mapping_params,test_scanner_physical_validation_logic,FAILED,E1,"The code contains the validation check `if (maxRange_ > 0.0 && maxUrange_ > maxRange_)`, which is functionally correct, but the rigid regex pattern requires the simpler form `if (maxUrange > maxRange)` without the additional `maxRange_ > 0.0 &&` condition."
google_gemini-3.1-pro-preview,parameter_server,task_013_slam_mapping_params,test_explicit_type_casting,FAILED,E1,"The code uses the valid two-argument get_parameter(name, var) overload which is functionally correct in ROS 2, but the oracle rigidly requires explicit .as_double()/.as_int() style casting."
google_gemini-3.1-pro-preview,parameter_server,task_013_slam_mapping_params,test_member_variable_assignment,FAILED,E1,"The code functionally uses the two-argument get_parameter(name, var) overload which is valid ROS 2 API, but the oracle rigidly requires the .as_double()/.as_type() explicit casting syntax."
google_gemini-3.1-pro-preview,parameter_server,task_013_slam_mapping_params,OVERALL_HIDDEN_ERROR_CHECK,FAILED,E2,"The code uses the two-argument form get_parameter(name, var) instead of .as_double()/.as_int() casting, which the oracle test test_explicit_type_casting explicitly checks for and should fail; the SUCCESS status indicates the oracle missed this hard requirement."
google_gemini-3.1-pro-preview,publisher_subscriber,task_001_simple_pub_sub,test_talker_ros2_translation,FAILED,E1,"The talker code uses a functional approach with create_node instead of subclassing Node, which is functionally valid ROS 2 but fails the oracle's rigid expectation of a Node subclass pattern."
google_gemini-3.1-pro-preview,publisher_subscriber,task_001_simple_pub_sub,OVERALL_HIDDEN_ERROR_CHECK,FAILED,E2,"The logger.info() call uses printf-style formatting ('I heard %s', data.data) which is invalid in ROS 2's logging API (expects a single formatted string), causing a runtime TypeError when a message is received, but the oracle only checks for static regex patterns."
google_gemini-3.1-pro-preview,publisher_subscriber,task_002_custom_msg_basic,OVERALL_CODE_CHECK,SUCCESS,E2,"The subscriber uses std_msgs/String instead of the custom Person message type, which would fail at runtime since the publisher publishes Person messages on /person_info; the oracle passed only because 'Person' appears in the class definition."
google_gemini-3.1-pro-preview,publisher_subscriber,task_003_image_transport,test_camera_publisher_translation,FAILED,E1,"The test fails because it rigidly requires the substring 'Node' to appear in the publisher file, but the generated code uses rclpy.create_node() (lowercase) which is functionally valid ROS 2 code."
google_gemini-3.1-pro-preview,publisher_subscriber,task_003_image_transport,test_camera_subscriber_translation,FAILED,E1,"The code uses rclpy.create_node() which is functionally valid in ROS 2, but the oracle rigidly searches for the literal string 'Node' (capital N), failing a functionally correct migration due to style expectations."
google_gemini-3.1-pro-preview,publisher_subscriber,task_003_image_transport,OVERALL_HIDDEN_ERROR_CHECK,FAILED,E2,"The code imports 'image_transport' as a Python module and calls 'image_transport.create_subscription', which is a hallucinated API since image_transport in ROS 2 Python is not directly available this way, causing runtime ImportError, but the oracle only checks for string presence."
google_gemini-3.1-pro-preview,publisher_subscriber,task_004_laser_scan_origin,test_lidar_subscriber_translation,FAILED,E1,"The code is functionally correct but uses an alias 'SensorLaserScan' instead of importing as 'LaserScan', causing the strict regex oracle expecting the literal 'LaserScan' identifier to fail."
google_gemini-3.1-pro-preview,publisher_subscriber,task_004_laser_scan_origin,OVERALL_HIDDEN_ERROR_CHECK,FAILED,E2,"The subscriber imports LaserScan as SensorLaserScan but the create_subscription call uses SensorLaserScan, and the oracle regex requires the literal identifier 'LaserScan' in the create_subscription call—however the oracle passed because it matches 'LaserScan' as a substring of 'SensorLaserScan'; nonetheless the code defines an unused local LaserScan class which is dead code but not a hard error. Actually no critical runtime error exists, this should be P1."
google_gemini-3.1-pro-preview,publisher_subscriber,task_005_ros1_ros2_bridge,OVERALL_CODE_CHECK,SUCCESS,E2,"Using a mock String class instead of std_msgs.msg.String will cause publisher creation to fail at runtime since rclpy requires a proper message type with serialization support, but the oracle only checks for module import and main() existence."
google_gemini-3.1-pro-preview,publisher_subscriber,task_006_multi_topic_synchronization,test_oracle_4_two_image_subscribers,FAILED,E1,"The code correctly uses ROS 2's sensor_msgs::msg::Image, but the oracle's regex rigidly expects the ROS 1 style 'sensor_msgs::Image' without the 'msg::' namespace, causing a false positive failure."
google_gemini-3.1-pro-preview,publisher_subscriber,task_006_multi_topic_synchronization,OVERALL_HIDDEN_ERROR_CHECK,FAILED,P1,"The generated code correctly migrates the ROS 1 stereo sync node to ROS 2 using rclcpp, message_filters with ApproximateTime, proper node creation, and spin/shutdown calls, with no critical hidden errors."
google_gemini-3.1-pro-preview,publisher_subscriber,task_007_latched_publisher,test_latched_behavior_for_new_subscriber,FAILED,C2,"The publisher QoS uses depth=1, so only the last latched message is retained; however, the test publishes 3 messages and expects the latest ('LATCH_2') to be delivered to the new subscriber, but timing/depth interactions caused only 'LATCH_0' to be received—indicating QoS depth mismatch with test expectations."
google_gemini-3.1-pro-preview,publisher_subscriber,task_007_latched_publisher,OVERALL_HIDDEN_ERROR_CHECK,FAILED,P1,"The generated code correctly implements a latched publisher/subscriber using TRANSIENT_LOCAL QoS in ROS 2 with proper initialization, publishing loop, and shutdown handling."
google_gemini-3.1-pro-preview,publisher_subscriber,task_009_nodelet_pubsub,test_uses_ros2_headers_not_ros1,FAILED,E1,"The code correctly uses `#include ""rclcpp/rclcpp.hpp""` with quotes, which is valid and standard ROS 2 style, but the oracle's regex rigidly requires angle brackets `<...>`."
google_gemini-3.1-pro-preview,publisher_subscriber,task_009_nodelet_pubsub,test_ros2_parameter_usage,FAILED,E1,"The code correctly uses declare_parameter which returns the value directly (valid ROS 2 idiom), but the rigid test also requires an explicit get_parameter() call which is functionally redundant here."
google_gemini-3.1-pro-preview,publisher_subscriber,task_009_nodelet_pubsub,test_node_spin_and_init_present,FAILED,C1,"The generated code defines the Node class but lacks either a main() with rclcpp::init/spin or a RCLCPP_COMPONENTS_REGISTER_NODE macro, so the node cannot actually be launched."
google_gemini-3.1-pro-preview,publisher_subscriber,task_009_nodelet_pubsub,test_namespace_semantics_preserved,FAILED,C3,"The generated code only creates 'in'/'out' topics and omits the global, namespaced, and private topic semantics that the original nodelet apparently had, missing required behavioral content."
google_gemini-3.1-pro-preview,publisher_subscriber,task_009_nodelet_pubsub,OVERALL_HIDDEN_ERROR_CHECK,FAILED,E2,"The code lacks get_parameter() call, RCLCPP_COMPONENTS_REGISTER_NODE or main with rclcpp::init, and the namespaced topics ('/global', 'namespaced', 'private'), which would fail multiple oracle tests but were marked SUCCESS."
google_gemini-3.1-pro-preview,publisher_subscriber,task_010_husky_stress_test,test_translated_files_exist,FAILED,A1,"No code was generated, so the required translated files do not exist, causing the file existence test to fail."
google_gemini-3.1-pro-preview,publisher_subscriber,task_010_husky_stress_test,test_no_ros1_artifacts_in_launch,FAILED,A1,"No code was generated, so the required launch file does not exist, causing the test to fail at file existence check."
google_gemini-3.1-pro-preview,publisher_subscriber,task_010_husky_stress_test,test_robot_description_defined,FAILED,A1,"No code was generated, so the required xacro file does not exist, causing the test to fail at file existence check."
google_gemini-3.1-pro-preview,publisher_subscriber,task_010_husky_stress_test,test_robot_description_consumed_in_launch,FAILED,A1,"No code was generated or parsing failed, so the required launch file was never produced, causing the file-not-found failure."
google_gemini-3.1-pro-preview,publisher_subscriber,task_010_husky_stress_test,test_imu_interface_present,FAILED,A1,"No code was generated, so the required xacro file does not exist, causing the test to fail at file existence check."
google_gemini-3.1-pro-preview,publisher_subscriber,task_010_husky_stress_test,test_gps_interface_present,FAILED,A1,"No code was generated or parsing failed, so the required xacro file does not exist, causing the test to fail at file existence check."
google_gemini-3.1-pro-preview,publisher_subscriber,task_010_husky_stress_test,test_sensor_update_rate_semantics,FAILED,A1,"No code was generated, so the required xacro file does not exist, causing the test to fail."
google_gemini-3.1-pro-preview,publisher_subscriber,task_010_husky_stress_test,OVERALL_HIDDEN_ERROR_CHECK,FAILED,E2,"The generated code is empty ('NO CODE GENERATED OR PARSE FAILED'), which is a critical hard error, but the oracle test suite reported SUCCESS, indicating it failed to catch this missing output."
google_gemini-3.1-pro-preview,action_server,task_001_base_case,test_node_creation,FAILED,E1,"The code correctly creates a ROS2 Node via class inheritance and super().__init__(), but the regex requires 'Node(' with optional whitespace which doesn't match 'Node):' in the class declaration syntax."
google_gemini-3.1-pro-preview,action_server,task_001_base_case,test_execute_callback_exists,FAILED,E1,"The code defines a functional execute callback named `execute_cb`, which is semantically correct, but the oracle's rigid regex requires the literal name 'execute' or 'handle_accepted', causing a style/naming mismatch failure."
google_gemini-3.1-pro-preview,action_server,task_001_base_case,test_progress_loop_present,FAILED,E1,"The test uses a C-style regex `for\s*\(|while\s*\(` expecting parentheses after for/while, but Python's `for i in range(...)` syntax doesn't match; the code is functionally correct with a valid progress loop."
google_gemini-3.1-pro-preview,action_server,task_001_base_case,OVERALL_HIDDEN_ERROR_CHECK,FAILED,P1,"The generated ROS 2 code correctly uses rclpy.action.ActionServer, defines an execute callback with feedback/result handling, and passes all oracle regex-based checks without any critical hard errors."
google_gemini-3.1-pro-preview,action_server,task_002_turtlebot3_patrol_action,test_node_creation,FAILED,E1,"The code correctly creates a ROS2 node by subclassing Node (class Turtlebot3PatrolServer(Node)), but the oracle's rigid regex expects 'Node(' with parentheses or 'create_node', failing to recognize valid inheritance-based node creation."
google_gemini-3.1-pro-preview,action_server,task_002_turtlebot3_patrol_action,test_action_server_creation,FAILED,E1,"The code correctly uses rclpy's ActionServer for ROS 2, but the oracle test rigidly requires the string 'create_server' which is not a standard rclpy API, making this a false positive due to test formatting expectations."
google_gemini-3.1-pro-preview,action_server,task_002_turtlebot3_patrol_action,test_execute_callback_contains_patrol_logic,FAILED,C3,"The generated code uses 'self.goal_msg.radius' instead of the expected 'goal_msg.goal.x' field reference, indicating a semantic mismatch in how the patrol goal fields are accessed."
google_gemini-3.1-pro-preview,action_server,task_002_turtlebot3_patrol_action,OVERALL_HIDDEN_ERROR_CHECK,FAILED,E2,"The oracle test requires `goal_msg.goal.x` reference and `create_server` pattern, but the code uses `goal_msg.radius` and only `ActionServer`; additionally, the code has runtime bugs like `spin_once` inside an action callback (deadlock risk) and incorrect position tracking logic in `go_front`."
google_gemini-3.1-pro-preview,action_server,task_003_pr2_gripper_action_server,test_action_type_present,FAILED,E1,"The code uses the correct ROS 2 action type `pr2_controllers_msgs::action::JointTrajectory`, but the oracle test rigidly searches for the string 'JointTrajectoryAction' (the ROS 1 naming convention), which is a style/naming mismatch rather than a functional error."
google_gemini-3.1-pro-preview,action_server,task_003_pr2_gripper_action_server,OVERALL_HIDDEN_ERROR_CHECK,FAILED,P1,"The generated code correctly migrates to ROS 2 APIs (rclcpp, rclcpp_action) and passes all oracle checks without containing critical hard errors."
google_gemini-3.1-pro-preview,action_server,task_004_turtle_bot_3,test_execute_callback_signature,FAILED,E1,"The code uses `execute_cb` as the callback name (functionally valid ROS 2), but the oracle rigidly requires the name `execute_callback`, making this a style/naming mismatch rather than a functional error."
google_gemini-3.1-pro-preview,action_server,task_004_turtle_bot_3,test_execute_callback_no_return,FAILED,C3,"The generated code uses 'return result' in the action execute callback, which is actually the correct ROS 2 action server pattern, but here it's flagged because the code lacks proper long-running execution and only publishes feedback once, indicating incomplete action semantics implementation."
google_gemini-3.1-pro-preview,action_server,task_004_turtle_bot_3,test_long_running_execution_present,FAILED,C3,"The generated code lacks any loop or sleep construct to simulate long-running execution, missing the expected iterative feedback publishing behavior required for an action server."
google_gemini-3.1-pro-preview,action_server,task_004_turtle_bot_3,test_feedback_published_iteratively,FAILED,C3,"The generated code only calls publish_feedback once without any loop, missing the long-running iterative feedback semantics expected for an action server."
google_gemini-3.1-pro-preview,action_server,task_004_turtle_bot_3,test_feedback_progress_updated,FAILED,C3,"The generated code never updates any feedback fields (e.g., feedback.progress = ...), failing to implement the required feedback progress semantics."
google_gemini-3.1-pro-preview,action_server,task_004_turtle_bot_3,test_result_set_before_goal_termination,FAILED,C3,"The generated code creates a Result() object but never populates any of its fields (no `result.xxx =` assignment), failing the lifecycle semantic requirement that result fields be set before goal termination."
google_gemini-3.1-pro-preview,action_server,task_004_turtle_bot_3,OVERALL_HIDDEN_ERROR_CHECK,FAILED,E2,"The code has multiple hard errors: the execute callback is named 'execute_cb' instead of 'execute_callback', there's no long-running loop, feedback is only published once, no feedback fields are updated, and no result fields are assigned—yet the oracle reportedly passed."
google_gemini-3.1-pro-preview,action_server,task_005_robot_voice_action,test_control_logic_inside_timer_callback,FAILED,E1,"The timer callback lambda exists and contains the control logic correctly, but the oracle's regex requires the lambda directly inside create_wall_timer's argument list, while the code assigns it to a variable first—a stylistic mismatch, not a functional error."
google_gemini-3.1-pro-preview,action_server,task_005_robot_voice_action,test_ros_time_semantics_preserved,FAILED,E1,"The code correctly uses ROS2 clock (get_clock()->now()) for timestamps; the test fails only because std::chrono is used for timer duration literals (100ms), which is standard ROS2 practice but rejected by the oracle's overly strict string match."
google_gemini-3.1-pro-preview,action_server,task_005_robot_voice_action,test_px4_qos_semantics_explicit,FAILED,C2,The generated code uses default QoS depth (10) instead of explicitly configuring a QoS profile required for PX4 uORB-ROS2 bridge communication.
google_gemini-3.1-pro-preview,action_server,task_005_robot_voice_action,OVERALL_HIDDEN_ERROR_CHECK,FAILED,E2,"The code uses `std::chrono` (via `using namespace std::chrono` and `100ms`) and lacks explicit QoS configuration (no `QoS` or `best_effort`/`reliable` specifiers), which would fail the oracle's QoS and time semantics tests but were apparently missed."
google_gemini-3.1-pro-preview,action_server,task_007_move_base_navigation_action,test_mutex_translation,FAILED,B1,"The generated code retains boost::unique_lock/boost::recursive_mutex throughout instead of converting to std::unique_lock or ROS 2 equivalents, leaving legacy ROS 1/Boost mutex API unreplaced."
google_gemini-3.1-pro-preview,action_server,task_007_move_base_navigation_action,test_feedback_publishing_exists,FAILED,E1,"The code correctly publishes feedback using the ROS 2 action server API (current_goal_handle_->publish_feedback), but the oracle test rigidly expects the ROS 1 style 'as_->publishFeedback' pattern."
google_gemini-3.1-pro-preview,action_server,task_007_move_base_navigation_action,test_plan_swap_under_lock,FAILED,E1,"The code uses boost::unique_lock for plan swap which is functionally correct, but the oracle test rigidly requires std::unique_lock or rclcpp::Mutex naming patterns."
google_gemini-3.1-pro-preview,action_server,task_007_move_base_navigation_action,test_action_server_success_abort_calls,FAILED,E1,"The oracle test rigidly expects ROS 1 SimpleActionServer-style calls (as_->setSucceeded/setAborted), but the generated code correctly uses the ROS 2 rclcpp_action API (goal_handle->succeed/abort), which is the functionally correct migration."
google_gemini-3.1-pro-preview,action_server,task_007_move_base_navigation_action,OVERALL_HIDDEN_ERROR_CHECK,FAILED,E2,"The code uses `as_->publishFeedback`, `as_->setSucceeded`, `as_->setAborted` patterns that don't match ROS 2 rclcpp_action API (which uses goal_handle methods), and includes many other issues like ROS 1 boost::shared_ptr plugin types, Costmap2DROS constructors with wrong signatures, and tf_.transform calls — these would cause compilation failures that the oracle apparently did not catch as hard errors."
google_gemini-3.1-pro-preview,action_server,task_009_moveit_motion_planning_action,test_class_exists,FAILED,E1,"The test searches for 'class MoveGroupMoveAction' in the .cpp file, but the class declaration is in the header file (move_action_capability.h); the .cpp only contains the implementation, which is correct ROS2 style."
google_gemini-3.1-pro-preview,action_server,task_009_moveit_motion_planning_action,test_rclcpp_node_exists,FAILED,E1,"The code correctly uses an externally-provided node (context_->node_) which is the standard ROS 2 pattern for plugin capabilities; the oracle rigidly requires explicit rclcpp::Node creation patterns, making this a style/format mismatch rather than a functional defect."
google_gemini-3.1-pro-preview,action_server,task_009_moveit_motion_planning_action,test_initialize_creates_server_with_callback,FAILED,E1,"The code correctly creates an action server whose execute callback invokes executeMoveCallback, but the oracle's rigid regex expects the lambda containing 'executeMoveCallback' to appear on the same line/structure as create_server<...>(, which fails due to multi-line formatting."
google_gemini-3.1-pro-preview,action_server,task_009_moveit_motion_planning_action,OVERALL_HIDDEN_ERROR_CHECK,FAILED,P1,"The code is a well-formed ROS 2 migration that correctly uses rclcpp_action, handles goal callbacks, publishes feedback, and contains no ROS 1 artifacts, matching the oracle's expectations."
google_gemini-3.1-pro-preview,action_server,task_010_pick_place,test_move_group_interface_created,FAILED,E1,"The code correctly creates a MoveGroupInterface for 'panda_arm' using the ROS 2 constructor signature (node, 'panda_arm'), but the oracle's rigid regex expects only a single string argument, failing to account for the required node parameter in ROS 2."
google_gemini-3.1-pro-preview,action_server,task_010_pick_place,test_ros2_node_and_spinner,FAILED,E1,"The generated code correctly uses rclcpp::executors::SingleThreadedExecutor with a thread for async spinning (the proper ROS 2 idiom), but the oracle rigidly expects the literal string 'rclcpp::AsyncSpinner' which is not a standard ROS 2 API."
google_gemini-3.1-pro-preview,action_server,task_010_pick_place,test_gripper_operations,FAILED,E1,"The code calls openGripper(grasps[0].pre_grasp_posture) which is functionally correct, but the regex expects a simple identifier (\w+) before .pre_grasp_posture, not an indexed expression like grasps[0], causing the test to fail despite correct behavior."
google_gemini-3.1-pro-preview,action_server,task_010_pick_place,test_post_place_open_gripper,FAILED,E1,"The code correctly calls openGripper(place_location[0].post_place_posture) but the test regex \w+\.post_place_posture doesn't match because place_location[0] contains brackets, not just \w+ characters; this is a rigid test pattern issue rather than a code defect."
google_gemini-3.1-pro-preview,action_server,task_010_pick_place,OVERALL_HIDDEN_ERROR_CHECK,FAILED,E2,"The MoveGroupInterface is constructed with (node, ""panda_arm"") but the oracle's regex only matches a single-arg constructor with ""panda_arm""; more importantly, the code uses SingleThreadedExecutor/std::thread spin instead of AsyncSpinner, which the oracle test expects, indicating the test relies on patterns not present—yet oracle reported SUCCESS despite these mismatches representing hidden issues."
google_gemini-3.1-pro-preview,action_server,task_011_pr2_door,test_door_action_client_created,FAILED,C3,"The generated code uses action name 'door' and type 'DoorAction' instead of the expected 'move_through_door' name and 'Door' type, causing a semantic mismatch in action client creation."
google_gemini-3.1-pro-preview,action_server,task_011_pr2_door,test_move_base_action_client_created,FAILED,E1,"The test expects the action name 'move_base_local' but the generated code uses 'move_base'; this is a naming/string mismatch enforced by rigid regex, while the ActionClient is functionally created correctly."
google_gemini-3.1-pro-preview,action_server,task_011_pr2_door,test_wait_for_server_called,FAILED,E1,"The code functionally calls wait_for_server() via a wrapper for both action clients, but the wrapper method is defined once and called twice; the regex only counts literal occurrences of '.wait_for_server()' in source, missing the semantically equivalent indirect calls."
google_gemini-3.1-pro-preview,action_server,task_011_pr2_door,test_subscriber_exists,FAILED,E1,"The code correctly creates a ROS 2 subscriber using create_subscription for /test_output, but the oracle test rigidly searches for the ROS 1 'Subscriber(' pattern, making this a style/format mismatch false positive."
google_gemini-3.1-pro-preview,action_server,task_011_pr2_door,test_goal_initialization,FAILED,E1,"The test expects ROS 1 naming 'DoorGoal()' and 'MoveBaseGoal()', but ROS 2 correctly uses 'DoorAction.Goal()' and 'MoveBase.Goal()', so the code is functionally correct but fails due to rigid naming expectations."
google_gemini-3.1-pro-preview,action_server,task_011_pr2_door,OVERALL_HIDDEN_ERROR_CHECK,FAILED,E2,"The code uses 'door' and 'move_base' as action names instead of the expected 'move_through_door' and 'move_base_local', uses DoorAction.Goal()/MoveBase.Goal() instead of DoorGoal/MoveBaseGoal, and uses create_subscription instead of Subscriber—these are functional/semantic errors that the oracle's regex-based tests missed."
qwen_qwen3.5-plus-02-15,service_client,task_001_simple_service,test_client_uses_rclpy_and_node,FAILED,C3,"The generated client code uses rclpy.create_node() instead of the Node() class abstraction expected by the test regex, causing a semantic/behavioral mismatch with the expected ROS 2 idiom."
qwen_qwen3.5-plus-02-15,service_client,task_001_simple_service,OVERALL_HIDDEN_ERROR_CHECK,FAILED,E2,"The generated code is empty ('NO CODE GENERATED OR PARSE FAILED'), which would cause all file reads to fail, yet the oracle reportedly passed—indicating a missed hard error."
qwen_qwen3.5-plus-02-15,service_client,task_002_custom_srv,test_ros2_server_uses_node_subclass,FAILED,C1,"The generated server uses a function-based approach with rclpy instead of defining a class that inherits from Node, violating the expected ROS 2 node lifecycle/structure pattern."
qwen_qwen3.5-plus-02-15,service_client,task_002_custom_srv,test_server_defines_handler_and_accesses_request,FAILED,E1,"The test rigidly requires the parameter name 'req' (regex 'req\.\w+'), but the generated code likely uses a different conventional parameter name like 'request', making this a style/naming mismatch rather than a functional error."
qwen_qwen3.5-plus-02-15,service_client,task_002_custom_srv,OVERALL_HIDDEN_ERROR_CHECK,FAILED,E2,"No code was generated or parsing failed, which means the files cannot exist and would fail all tests; the oracle status of SUCCESS is incorrect."
qwen_qwen3.5-plus-02-15,service_client,task_003_mp3_db_service,test_ros2_client_uses_node,FAILED,C3,"The generated code uses a function-based approach instead of defining a Node subclass, failing the structural test that requires a class inheriting from Node."
qwen_qwen3.5-plus-02-15,service_client,task_003_mp3_db_service,test_ros2_client_creates_service_client,FAILED,C3,"The generated code does not use create_client with MP3InventoryService as required, indicating a semantic/behavioral error in the service client implementation."
qwen_qwen3.5-plus-02-15,service_client,task_003_mp3_db_service,test_client_populates_request_fields,FAILED,C3,"The generated code does not populate any fields on the service request object (no 'request.field' assignment), failing the semantic expectation that request fields from the .srv definition should be set before sending."
qwen_qwen3.5-plus-02-15,service_client,task_003_mp3_db_service,test_client_accesses_response_list,FAILED,C3,"The generated code fails to access response.list_strings, indicating a semantic error in handling the service response fields from MP3InventoryService."
qwen_qwen3.5-plus-02-15,service_client,task_003_mp3_db_service,test_client_uses_response_to_drive_loop,FAILED,C3,"The generated code accesses response.list_strings but does not iterate over it with a for loop, failing the semantic expectation of the test."
qwen_qwen3.5-plus-02-15,service_client,task_003_mp3_db_service,OVERALL_HIDDEN_ERROR_CHECK,FAILED,E2,"No code was generated, which is a critical hard error that would fail all functional requirements, but the oracle reported SUCCESS."
qwen_qwen3.5-plus-02-15,service_client,task_005_gazebo,test_return_depends_on_service_response,FAILED,C3,"The generated code contains a hardcoded 'return False' literal, violating the requirement that the return value must depend on the service response, indicating a semantic/behavioral error in the migration logic."
qwen_qwen3.5-plus-02-15,service_client,task_005_gazebo,test_response_used_in_return,FAILED,C3,"The generated code does not use response.success in the return statement or success assignment, failing to properly propagate the service response result."
qwen_qwen3.5-plus-02-15,service_client,task_005_gazebo,OVERALL_HIDDEN_ERROR_CHECK,FAILED,E2,"No code was generated or parsing failed, so there is no functional ROS 2 code to pass any tests, indicating a critical hard error that the oracle missed."
qwen_qwen3.5-plus-02-15,service_client,task_006_gazebo_set_get_state,test_05_full_service_call_chain_success_and_failure_handling,FAILED,A1,"No code was generated or parsing failed, so the file lacks all required ROS 2 constructs including non-SUCCESS handling, causing the test to fail."
qwen_qwen3.5-plus-02-15,service_client,task_006_gazebo_set_get_state,OVERALL_HIDDEN_ERROR_CHECK,FAILED,E2,"The generated code is empty ('NO CODE GENERATED OR PARSE FAILED'), which is a critical hard error that would fail compilation, yet the oracle reported SUCCESS."
qwen_qwen3.5-plus-02-15,service_client,task_007_navigation_make_plan,test_03_requestmap_has_mutex_lock_guard,FAILED,A1,"No code was generated or parsing failed, resulting in an empty/invalid source file that cannot satisfy any pattern checks including the mutex lock guard requirement."
qwen_qwen3.5-plus-02-15,service_client,task_007_navigation_make_plan,OVERALL_HIDDEN_ERROR_CHECK,FAILED,E2,"The generated code is empty ('NO CODE GENERATED OR PARSE FAILED'), which is a critical hard error that the oracle marked as SUCCESS."
qwen_qwen3.5-plus-02-15,service_client,task_008_clear_costmaps,test_equivalence_reset_distance_is_expressed,FAILED,E2,"The generated code is empty (no code was generated or parse failed), which is a critical hard error preventing any functionality, including the missing reset_distance equivalence."
qwen_qwen3.5-plus-02-15,service_client,task_008_clear_costmaps,test_equivalence_layer_names_semantics_obstacles_static_map,FAILED,E2,"No code was generated or parsing failed, which is a critical hard error preventing any functionality."
qwen_qwen3.5-plus-02-15,service_client,task_008_clear_costmaps,test_equivalence_gates_both_obstacles_and_static_map,FAILED,E2,"The generated code is empty (no code generated or parse failed), which is a critical hard error causing all tests to fail."
qwen_qwen3.5-plus-02-15,service_client,task_008_clear_costmaps,OVERALL_HIDDEN_ERROR_CHECK,FAILED,E2,"The generated code is empty ('NO CODE GENERATED OR PARSE FAILED'), which is a critical hard error that the oracle failed to catch as SUCCESS."
qwen_qwen3.5-plus-02-15,service_client,task_009_moveit_planning_scene,OVERALL_CODE_CHECK,SUCCESS,E2,"The generated code is empty ('NO CODE GENERATED OR PARSE FAILED'), which cannot possibly satisfy the oracle's pattern-matching requirements; the SUCCESS status is a false negative."
qwen_qwen3.5-plus-02-15,service_client,task_010_controller_manager,test_start_stop_controllers_semantics,FAILED,E2,"The generated code uses a custom call_service helper instead of call_async with spin_until_future_complete, missing the required ROS 2 async service idiom."
qwen_qwen3.5-plus-02-15,service_client,task_010_controller_manager,test_list_controllers_semantics,FAILED,A1,"The generated code uses a helper '_call_service' wrapper that hides the async call pattern, so the oracle's regex for 'call_async/async_send_request' within the function block fails to match."
qwen_qwen3.5-plus-02-15,service_client,task_010_controller_manager,test_reload_libraries_semantics,FAILED,C3,"The generated reload_libraries function does not implement the optional restore branch (if restore:) that snapshots controllers, reloads, and re-loads/switches them, missing required ROS1 behavioral semantics."
qwen_qwen3.5-plus-02-15,service_client,task_010_controller_manager,OVERALL_HIDDEN_ERROR_CHECK,FAILED,E2,"No code was generated or parsing failed, yet the oracle reported SUCCESS, indicating a critical missed hard error."
qwen_qwen3.5-plus-02-15,service_client,task_011_robot_services,test_target_camera_driver_is_referenced,FAILED,C3,"The generated code failed to reference the required 'head_camera/driver' namespace, losing the semantic target node identification during migration."
qwen_qwen3.5-plus-02-15,service_client,task_011_robot_services,test_init_sets_up_configuration_interface,FAILED,C3,"The __init__ method creates a node but does not set up a parameter client or configuration interface to the target camera driver, failing the semantic requirement."
qwen_qwen3.5-plus-02-15,service_client,task_011_robot_services,test_disable_auto_sets_both_flags_false,FAILED,C3,"The generated code used parameter name 'white_balance_auto' instead of the required 'auto_white_balance', causing a semantic mismatch with the expected parameter keys."
qwen_qwen3.5-plus-02-15,service_client,task_011_robot_services,test_enable_auto_sets_both_flags_true,FAILED,E1,The generated code uses parameter names 'exposure_auto' and 'white_balance_auto' instead of the exact strings 'auto_exposure' and 'auto_white_balance' expected by the rigid regex-based oracle test.
qwen_qwen3.5-plus-02-15,service_client,task_011_robot_services,OVERALL_HIDDEN_ERROR_CHECK,FAILED,E2,"The generated code is empty or failed to parse, which would cause all tests to fail, yet the oracle reported SUCCESS, indicating a missed hard error."
qwen_qwen3.5-plus-02-15,parameter_server,task_001_basic_param,test_update_is_gated_by_subscribed_set_and_mutates_cache,FAILED,C3,"The generated update() function mutates the cache without first checking membership in the subscribed set, violating the required gating semantics."
qwen_qwen3.5-plus-02-15,parameter_server,task_001_basic_param,test_getImpl_has_cache_hit_shortcut_and_subscribe_on_miss,FAILED,C3,"The generated getImpl function performs cache lookup but fails to register interest by inserting the key into the subscribed set when caching is enabled, missing required semantic behavior."
qwen_qwen3.5-plus-02-15,parameter_server,task_001_basic_param,OVERALL_HIDDEN_ERROR_CHECK,FAILED,E2,"The generated code is empty ('NO CODE GENERATED OR PARSE FAILED'), which is a critical hard error that would fail compilation, but the oracle reported SUCCESS."
qwen_qwen3.5-plus-02-15,parameter_server,task_002_dynamic_robot_configuration,test_default_value_integrity,FAILED,A1,"The generated code contains a leaked '</think>' tag indicating malformed output, and the default RGB values {69, 86, 255} were not properly emitted in the code."
qwen_qwen3.5-plus-02-15,parameter_server,task_002_dynamic_robot_configuration,test_type_strictness_casting,FAILED,A1,"The generated code contains a leaked '</think>' tag at the start indicating a malformed/parse-failed output, and it does not assign declare_parameter's return value to a variable as required."
qwen_qwen3.5-plus-02-15,parameter_server,task_002_dynamic_robot_configuration,OVERALL_HIDDEN_ERROR_CHECK,FAILED,E2,"No code was generated or parsing failed, which means there is no valid C++ source file, yet the oracle reported SUCCESS—a clear missed hard error."
qwen_qwen3.5-plus-02-15,parameter_server,task_003_Mobile_robot_control,OVERALL_CODE_CHECK,SUCCESS,E2,"The generated code is empty ('NO CODE GENERATED OR PARSE FAILED'), which should fail compilation and all functional checks, but the oracle tests apparently passed—indicating a missed hard error."
qwen_qwen3.5-plus-02-15,parameter_server,task_004_turtlrbot3_params,test_physics_logic_preservation,FAILED,C3,"The generated code failed to implement the unit conversion via division by motors_.profile_acceleration_constant, indicating a semantic/behavioral error in preserving the physics logic."
qwen_qwen3.5-plus-02-15,parameter_server,task_004_turtlrbot3_params,test_value_extraction_style,FAILED,C3,"The generated code failed to use the required ROS2 parameter value extraction methods (.as_double() or from_parameter_msg), indicating a semantic/behavioral error in implementing the parameter event handling logic."
qwen_qwen3.5-plus-02-15,parameter_server,task_004_turtlrbot3_params,OVERALL_HIDDEN_ERROR_CHECK,FAILED,E2,"No code was generated or parsing failed, yet the oracle status is marked SUCCESS, indicating the test framework missed this critical failure."
qwen_qwen3.5-plus-02-15,parameter_server,task_005_laser_scan_filter_params,test_filter_chain_interface_usage,FAILED,B2,"The generated code uses an incorrect FilterChain::configure signature with parameters_interface before logging_interface, which is a hallucinated/incorrect API order that would cause compilation errors in ROS 2."
qwen_qwen3.5-plus-02-15,parameter_server,task_005_laser_scan_filter_params,test_qos_and_topics,FAILED,C3,"The generated code is missing the 'output' topic name for the publisher, indicating a semantic/behavioral error where the required topic naming was not preserved during migration."
qwen_qwen3.5-plus-02-15,parameter_server,task_005_laser_scan_filter_params,OVERALL_HIDDEN_ERROR_CHECK,FAILED,E2,"No code was generated or parsing failed, yet the oracle reported SUCCESS, meaning critical hard errors (missing file/content) were not caught."
qwen_qwen3.5-plus-02-15,parameter_server,task_006_dynamic_param_rqt_reconfigure,test_sync_primitive,FAILED,E1,"The code imports and uses 'Event' from threading (likely as 'Event()' elsewhere, but the test specifically searches for the literal 'Event()' substring); since the import is 'from threading import Event' and instantiation might be assigned differently, this is a rigid string-match style check rather than a true functional failure."
qwen_qwen3.5-plus-02-15,parameter_server,task_006_dynamic_param_rqt_reconfigure,OVERALL_HIDDEN_ERROR_CHECK,FAILED,E2,"No code was generated or parsed, which is a critical hard error that should have failed the tests but the oracle reported SUCCESS."
qwen_qwen3.5-plus-02-15,parameter_server,task_007_navigation_stack_config,test_min_max_constraint_logic,FAILED,C3,"The generated code does not include a min/max particles comparison check in the parameter callback, missing required validation logic for the migration."
qwen_qwen3.5-plus-02-15,parameter_server,task_007_navigation_stack_config,test_no_legacy_artifacts,FAILED,B1,The generated code retains the ROS 1 legacy symbol 'private_nh_' instead of fully migrating to ROS 2 node handle equivalents.
qwen_qwen3.5-plus-02-15,parameter_server,task_007_navigation_stack_config,OVERALL_HIDDEN_ERROR_CHECK,FAILED,E2,"The generated code is empty ('NO CODE GENERATED OR PARSE FAILED'), which is a critical hard error that the oracle failed to catch as SUCCESS."
qwen_qwen3.5-plus-02-15,parameter_server,task_008_gazebo_sim_param,test_multicamera_suffix_preservation,FAILED,C3,"The generated code omitted the '_camera_name_suffix' append logic, resulting in a semantic/behavioral error that breaks Multicamera plugin functionality."
qwen_qwen3.5-plus-02-15,parameter_server,task_008_gazebo_sim_param,test_time_source_logic,FAILED,C3,"The generated code does not use the Node's clock via now() for time source, failing the simulation-time compatibility requirement."
qwen_qwen3.5-plus-02-15,parameter_server,task_008_gazebo_sim_param,OVERALL_HIDDEN_ERROR_CHECK,FAILED,E2,"No code was generated or parsing failed, which is a critical hard error that the oracle test failed to catch as SUCCESS."
qwen_qwen3.5-plus-02-15,parameter_server,task_009_fetch_arm_params,test_ros2_param_declaration,FAILED,C3,"The generated code failed to include the required ROS 2 node_->declare_parameter call, missing a critical semantic migration step for ROS 2 parameter handling."
qwen_qwen3.5-plus-02-15,parameter_server,task_009_fetch_arm_params,test_snake_case_naming,FAILED,C3,"The generated code does not contain the 'robot_description' parameter declaration, indicating an incomplete migration of ROS 2 parameter handling semantics."
qwen_qwen3.5-plus-02-15,parameter_server,task_009_fetch_arm_params,test_logging_migration,FAILED,B1,"The generated code retains legacy ROS 1 logging without migrating to node_->get_logger() RCLCPP macros, indicating legacy ROS 1 API was not replaced."
qwen_qwen3.5-plus-02-15,parameter_server,task_009_fetch_arm_params,test_tip_frame_validation,FAILED,C3,"The generated code lacks the semantic validation check for tip_frames.size() against 1, which is required to enforce the IKFast 6DOF single-tip constraint."
qwen_qwen3.5-plus-02-15,parameter_server,task_009_fetch_arm_params,OVERALL_HIDDEN_ERROR_CHECK,FAILED,E2,"The generated code is empty ('NO CODE GENERATED OR PARSE FAILED'), which is a critical hard error that the oracle marked as SUCCESS."
qwen_qwen3.5-plus-02-15,parameter_server,task_010_sensor_fusion_params,test_ros2_parameter_declaration,FAILED,B1,"The generated code failed to use the ROS 2 templated declare_parameter<std::vector<bool>> API, indicating the legacy ROS 1 parameter retrieval pattern was not properly replaced."
qwen_qwen3.5-plus-02-15,parameter_server,task_010_sensor_fusion_params,OVERALL_HIDDEN_ERROR_CHECK,FAILED,E2,"No code was generated or parsing failed, so the file cannot exist and all file-reading tests would fail at runtime; marking SUCCESS is a missed hard error."
qwen_qwen3.5-plus-02-15,parameter_server,task_011_moveit_motion_params,test_ros2_node_lifecycle_setup,FAILED,C3,"The generated code is missing the required NodeOptions configuration (automatically_declare_parameters_from_overrides) needed for MoveIt 2's parameter loading, a semantic migration omission."
qwen_qwen3.5-plus-02-15,parameter_server,task_011_moveit_motion_params,test_async_execution_paradigm,FAILED,A1,"No code was generated or parsing failed, so the migration produced no output to satisfy the async execution requirement."
qwen_qwen3.5-plus-02-15,parameter_server,task_011_moveit_motion_params,OVERALL_HIDDEN_ERROR_CHECK,FAILED,E2,"No code was generated or parsing failed, which is a critical hard error that should not pass any meaningful test, yet the oracle reported SUCCESS."
qwen_qwen3.5-plus-02-15,parameter_server,task_012_px4_flight_params,test_parameter_declaration_logic,FAILED,C3,"The generated code declared the 'takeoff_height' parameter but failed to declare the 'target_yaw' parameter, representing an incomplete semantic migration of flight-critical parameters."
qwen_qwen3.5-plus-02-15,parameter_server,task_012_px4_flight_params,test_dynamic_message_population_position,FAILED,C3,"The generated code did not populate msg.position using the dynamic takeoff_height parameter attribute, failing the semantic requirement to use dynamic parameters instead of hardcoded values."
qwen_qwen3.5-plus-02-15,parameter_server,task_012_px4_flight_params,OVERALL_HIDDEN_ERROR_CHECK,FAILED,E2,"No code was generated or parsing failed, which is a critical hard error that would prevent any functionality, yet the oracle status was marked SUCCESS."
qwen_qwen3.5-plus-02-15,parameter_server,task_013_slam_mapping_params,test_scanner_physical_validation_logic,FAILED,C3,"The generated code is missing the physical consistency check comparing maxUrange against maxRange, which is a semantic/behavioral omission required by the test."
qwen_qwen3.5-plus-02-15,parameter_server,task_013_slam_mapping_params,test_explicit_type_casting,FAILED,C3,"The generated code does not use explicit type casting like .as_double() for retrieving ROS 2 parameters, which is a semantic/behavioral deviation from ROS 2 best practices required by the test."
qwen_qwen3.5-plus-02-15,parameter_server,task_013_slam_mapping_params,test_no_fake_nodehandle,FAILED,B1,The generated code retained the ROS 1 'private_nh_' NodeHandle pattern instead of using the ROS 2 Node-based parameter API.
qwen_qwen3.5-plus-02-15,parameter_server,task_013_slam_mapping_params,test_member_variable_assignment,FAILED,C3,The generated code failed to assign parameter values to class member variables using the explicit .as_type() syntax pattern required by the test.
qwen_qwen3.5-plus-02-15,parameter_server,task_013_slam_mapping_params,OVERALL_HIDDEN_ERROR_CHECK,FAILED,E2,"No code was generated or parse failed, yet the oracle reported SUCCESS, indicating a critical hard error was missed."
qwen_qwen3.5-plus-02-15,publisher_subscriber,task_001_simple_pub_sub,test_talker_ros2_translation,FAILED,E1,"The generated talker code uses a functional style with rclpy (creating a node via function rather than subclassing Node), which is functionally valid ROS 2 code but fails the oracle's rigid expectation of a Node subclass definition."
qwen_qwen3.5-plus-02-15,publisher_subscriber,task_001_simple_pub_sub,OVERALL_HIDDEN_ERROR_CHECK,FAILED,E2,"No code was generated or parse failed, so the files cannot exist and the tests would fail; oracle marking this as SUCCESS is a false negative."
qwen_qwen3.5-plus-02-15,publisher_subscriber,task_002_custom_msg_basic,OVERALL_CODE_CHECK,SUCCESS,E2,"The generated code is empty ('NO CODE GENERATED OR PARSE FAILED'), which means the publisher_node.py and subscriber_node.py files would not exist, yet the oracle reportedly passed—indicating a missed hard error."
qwen_qwen3.5-plus-02-15,publisher_subscriber,task_003_image_transport,OVERALL_CODE_CHECK,SUCCESS,E2,"The generated code is empty ('NO CODE GENERATED OR PARSE FAILED'), which should fail the file existence assertions, but the oracle reportedly passed, indicating a missed hard error."
qwen_qwen3.5-plus-02-15,publisher_subscriber,task_004_laser_scan_origin,test_lidar_publisher_translation,FAILED,B1,"The generated code retains ROS 1 patterns (e.g., rate.sleep()) and fails to use rclpy.spin(), indicating legacy ROS 1 API was not properly replaced with ROS 2 equivalents."
qwen_qwen3.5-plus-02-15,publisher_subscriber,task_004_laser_scan_origin,test_lidar_subscriber_translation,FAILED,C3,"The generated subscriber code does not use the expected 'callback' identifier as the third argument to create_subscription, indicating a semantic naming/structure deviation from the expected migration."
qwen_qwen3.5-plus-02-15,publisher_subscriber,task_004_laser_scan_origin,OVERALL_HIDDEN_ERROR_CHECK,FAILED,E2,"No code was generated or parsing failed, so the files cannot exist and the tests would fail; the oracle marking this as SUCCESS is a false negative."
qwen_qwen3.5-plus-02-15,publisher_subscriber,task_005_ros1_ros2_bridge,OVERALL_CODE_CHECK,SUCCESS,E2,"No code was generated, yet the oracle reported success, indicating the test failed to catch the absence of any implementation."
qwen_qwen3.5-plus-02-15,publisher_subscriber,task_006_multi_topic_synchronization,test_oracle_4_two_image_subscribers,FAILED,E2,"No code was generated or parsing failed, which is a critical hard error preventing any functionality."
qwen_qwen3.5-plus-02-15,publisher_subscriber,task_006_multi_topic_synchronization,OVERALL_HIDDEN_ERROR_CHECK,FAILED,E2,"The generated code is empty ('NO CODE GENERATED OR PARSE FAILED'), which is a critical hard error that should fail compilation, but the oracle tests apparently passed."
qwen_qwen3.5-plus-02-15,publisher_subscriber,task_007_latched_publisher,test_latched_behavior_for_new_subscriber,FAILED,E2,"No code was generated, so the test failure indicates a critical missing implementation that should have been caught as a hard error."
qwen_qwen3.5-plus-02-15,publisher_subscriber,task_007_latched_publisher,OVERALL_HIDDEN_ERROR_CHECK,FAILED,E2,"No code was generated or parsing failed, which is a critical hard error that the oracle missed by reporting SUCCESS."
qwen_qwen3.5-plus-02-15,publisher_subscriber,task_009_nodelet_pubsub,test_node_spin_and_init_present,FAILED,C1,"The generated code defines the Node class but is missing both rclcpp::init/spin in a main() function and the RCLCPP_COMPONENTS_REGISTER_NODE macro, leaving the node non-executable."
qwen_qwen3.5-plus-02-15,publisher_subscriber,task_009_nodelet_pubsub,test_namespace_semantics_preserved,FAILED,C3,"The generated code is missing the expected topic name strings (e.g., '/global', 'namespaced', 'private', 'in', 'out'), indicating the namespace/topic semantics from the original ROS 1 code were not preserved in the migration."
qwen_qwen3.5-plus-02-15,publisher_subscriber,task_009_nodelet_pubsub,OVERALL_HIDDEN_ERROR_CHECK,FAILED,E2,"No code was generated or parsing failed, which is a critical hard error that the oracle test failed to catch as SUCCESS."
qwen_qwen3.5-plus-02-15,publisher_subscriber,task_010_husky_stress_test,test_translated_files_exist,FAILED,A1,"No code was generated, so the required translated files do not exist, causing the file existence test to fail."
qwen_qwen3.5-plus-02-15,publisher_subscriber,task_010_husky_stress_test,test_no_ros1_artifacts_in_launch,FAILED,A1,"No code was generated or parsing failed, so the required launch file does not exist, causing the test to fail at file existence check."
qwen_qwen3.5-plus-02-15,publisher_subscriber,task_010_husky_stress_test,test_robot_description_defined,FAILED,A1,"No code was generated, so the required xacro file does not exist, causing the file existence assertion to fail."
qwen_qwen3.5-plus-02-15,publisher_subscriber,task_010_husky_stress_test,test_robot_description_consumed_in_launch,FAILED,A1,"No code was generated, so the required launch file does not exist, causing the file-existence check to fail."
qwen_qwen3.5-plus-02-15,publisher_subscriber,task_010_husky_stress_test,test_imu_interface_present,FAILED,A1,"No code was generated, so the required xacro file does not exist, causing the test to fail at the file existence check."
qwen_qwen3.5-plus-02-15,publisher_subscriber,task_010_husky_stress_test,test_gps_interface_present,FAILED,A1,"No code was generated, so the required translated file husky.gazebo.xacro does not exist, causing the test to fail at file existence check."
qwen_qwen3.5-plus-02-15,publisher_subscriber,task_010_husky_stress_test,test_sensor_update_rate_semantics,FAILED,A1,"No code was generated, so the required xacro file does not exist, causing the test to fail at file existence check."
qwen_qwen3.5-plus-02-15,publisher_subscriber,task_010_husky_stress_test,OVERALL_HIDDEN_ERROR_CHECK,FAILED,E2,"The generated code is empty ('NO CODE GENERATED OR PARSE FAILED'), which is a critical hard error, yet the oracle reported SUCCESS."
qwen_qwen3.5-plus-02-15,action_server,task_001_base_case,test_node_creation,FAILED,E1,"The generated code imports Node and creates a CalibrationActionServer class (likely inheriting from Node), but the regex requires literal 'Node(' or 'create_node', which fails on the super().__init__() pattern used in the class-based ROS2 idiom."
qwen_qwen3.5-plus-02-15,action_server,task_001_base_case,test_execute_callback_exists,FAILED,E1,"The generated code likely defines the callback as 'execute_callback' but the regex requires '(execute|handle_accepted)\s*\(.*\)' which expects a parenthesis immediately after 'execute', failing on 'execute_callback' due to rigid naming expectations."
qwen_qwen3.5-plus-02-15,action_server,task_001_base_case,test_progress_loop_present,FAILED,E1,"The oracle regex requires C-style `for (` or `while (` with parenthesis, but Python uses `for x in` or `while condition:` syntax, making this test inherently incompatible with valid Python ROS 2 code."
qwen_qwen3.5-plus-02-15,action_server,task_001_base_case,OVERALL_HIDDEN_ERROR_CHECK,FAILED,E2,"No code was generated or parsing failed, yet the oracle reported SUCCESS, indicating a critical missed hard error."
qwen_qwen3.5-plus-02-15,action_server,task_002_turtlebot3_patrol_action,test_node_creation,FAILED,E1,"The code uses class inheritance from Node (e.g., `class Turtlebot3PatrolServer(Node)`) which is valid ROS2, but the regex expects `Node(` or `create_node`, causing a style/format false positive."
qwen_qwen3.5-plus-02-15,action_server,task_002_turtlebot3_patrol_action,test_action_server_creation,FAILED,E1,The generated code uses ActionServer (the correct ROS 2 API) but the oracle rigidly requires the string 'create_server' which is not the standard rclpy.action API name.
qwen_qwen3.5-plus-02-15,action_server,task_002_turtlebot3_patrol_action,test_execute_callback_contains_patrol_logic,FAILED,E1,"The oracle test rigidly requires the exact string 'goal_msg.goal.x', which is an arbitrary naming convention rather than a functional ROS 2 requirement, making this a style/format mismatch."
qwen_qwen3.5-plus-02-15,action_server,task_002_turtlebot3_patrol_action,OVERALL_HIDDEN_ERROR_CHECK,FAILED,E2,"The generated code is empty ('NO CODE GENERATED OR PARSE FAILED'), which is a critical hard error that the oracle test failed to catch as SUCCESS."
qwen_qwen3.5-plus-02-15,action_server,task_003_pr2_gripper_action_server,test_no_ros1_artifacts,FAILED,A1,"The generated output was raw thinking/reasoning text rather than parsed C++ code, causing ROS1 artifacts mentioned in the analysis text to be detected as forbidden patterns."
qwen_qwen3.5-plus-02-15,action_server,task_003_pr2_gripper_action_server,OVERALL_HIDDEN_ERROR_CHECK,FAILED,E2,"The generated code is empty ('NO CODE GENERATED OR PARSE FAILED'), which is a critical hard error, but the oracle reported SUCCESS, indicating the tests failed to catch this."
qwen_qwen3.5-plus-02-15,action_server,task_004_turtle_bot_3,test_execute_callback_signature,FAILED,C3,"The generated code does not define an execute_callback method with the required (self, goal_handle) signature, indicating incorrect ROS 2 action server callback semantics."
qwen_qwen3.5-plus-02-15,action_server,task_004_turtle_bot_3,test_execute_callback_no_return,FAILED,C3,The generated execute_callback uses a service-style 'return result' pattern instead of proper ROS 2 action server semantics where the result should be returned after setting terminal state via goal_handle.succeed().
qwen_qwen3.5-plus-02-15,action_server,task_004_turtle_bot_3,test_goal_data_accessed,FAILED,C3,"The generated code did not access goal data via the ROS 2 idiomatic `goal_handle.request.<field>` pattern, indicating a semantic/behavioral error in adapting the action server goal handling."
qwen_qwen3.5-plus-02-15,action_server,task_004_turtle_bot_3,test_feedback_published_iteratively,FAILED,C3,"The generated code only calls goal_handle.publish_feedback once instead of iteratively within the long-running execution loop, indicating incorrect action feedback semantics."
qwen_qwen3.5-plus-02-15,action_server,task_004_turtle_bot_3,test_result_set_before_goal_termination,FAILED,A1,"No code was generated or parsing failed, resulting in empty content that cannot satisfy any test assertions."
qwen_qwen3.5-plus-02-15,action_server,task_004_turtle_bot_3,OVERALL_HIDDEN_ERROR_CHECK,FAILED,E2,"The generated code is empty ('NO CODE GENERATED OR PARSE FAILED'), which is a critical hard error, but the oracle reported SUCCESS."
qwen_qwen3.5-plus-02-15,action_server,task_005_robot_voice_action,test_control_logic_inside_timer_callback,FAILED,A1,"No code was generated or parsing failed, so no timer callback exists for the test to find."
qwen_qwen3.5-plus-02-15,action_server,task_005_robot_voice_action,test_ros_time_semantics_preserved,FAILED,C3,"The generated code uses std::chrono for timestamps instead of ROS2 clock-based time (get_clock()->now()), violating ROS time semantics."
qwen_qwen3.5-plus-02-15,action_server,task_005_robot_voice_action,test_px4_qos_semantics_explicit,FAILED,C2,"The generated code does not explicitly configure QoS profiles (no 'QoS' keyword present), which is required for PX4 uORB ROS2 bridge semantics."
qwen_qwen3.5-plus-02-15,action_server,task_005_robot_voice_action,OVERALL_HIDDEN_ERROR_CHECK,FAILED,E2,"The generated code is empty (parse failed), which would cause all tests to fail at file load, yet the oracle status is marked SUCCESS, indicating a missed hard error."
qwen_qwen3.5-plus-02-15,action_server,task_006_amcl_navigation,test_action_server_creation,FAILED,C3,"The generated code does not implement a ROS 2 Action Server for UpdatePose, which the oracle expects as part of the migration semantics."
qwen_qwen3.5-plus-02-15,action_server,task_006_amcl_navigation,test_handle_goal_defined,FAILED,C3,"The generated code did not implement the ROS 2 Action Server (rclcpp_action) with handle_goal/handle_cancel/handle_accepted callbacks, missing the expected behavioral migration from services to actions."
qwen_qwen3.5-plus-02-15,action_server,task_006_amcl_navigation,test_handle_cancel_defined,FAILED,C3,"The generated code does not implement a ROS 2 Action Server with handle_cancel (or related action callbacks), missing the expected action-based interface conversion."
qwen_qwen3.5-plus-02-15,action_server,task_006_amcl_navigation,test_handle_accepted_defined,FAILED,C3,The generated code does not implement the ROS 2 Action Server (rclcpp_action) interface with handle_accepted callback that the oracle expects; it only migrated services/subscribers instead of converting to an action-based architecture.
qwen_qwen3.5-plus-02-15,action_server,task_006_amcl_navigation,test_thread_usage_for_async,FAILED,C3,"The generated code does not implement a ROS 2 Action Server (rclcpp_action) with std::thread-based async handling for the UpdatePose action, omitting required behavioral migration semantics expected by the oracle."
qwen_qwen3.5-plus-02-15,action_server,task_006_amcl_navigation,OVERALL_HIDDEN_ERROR_CHECK,FAILED,E2,"The generated code has multiple hard errors that would fail compilation: callback signatures don't match declarations (e.g., laserReceived declared with ConstSharedPtr but defined with ConstSharedPtr&), checkLaserReceived is called but not declared in the class, mapReceived signature mismatch, and references to non-existent diagnostic_updater API usage, yet the oracle's loose regex-based tests pass without catching these critical issues."
qwen_qwen3.5-plus-02-15,action_server,task_007_move_base_navigation_action,test_feedback_publishing_exists,FAILED,C3,"The generated code is missing the as_->publishFeedback call required to publish action feedback, representing a semantic/behavioral omission in the migration."
qwen_qwen3.5-plus-02-15,action_server,task_007_move_base_navigation_action,test_plan_swap_under_lock,FAILED,C3,"The generated code is missing the specific plan pointer swap statement 'controller_plan_ = latest_plan_' required by the test, indicating a semantic omission in the translation."
qwen_qwen3.5-plus-02-15,action_server,task_007_move_base_navigation_action,test_action_server_success_abort_calls,FAILED,C3,"The generated code did not include the as_->setSucceeded call, missing required action server success notification logic in the migration."
qwen_qwen3.5-plus-02-15,action_server,task_007_move_base_navigation_action,OVERALL_HIDDEN_ERROR_CHECK,FAILED,E2,"The generated code is empty ('// NO CODE GENERATED OR PARSE FAILED.'), which would fail all checks, but the oracle reported SUCCESS, missing this critical hard error."
qwen_qwen3.5-plus-02-15,action_server,task_008_follow_joint_trajectory_action,test_class_exists,FAILED,E1,"The generated code does contain content (not actually empty as the placeholder suggests), but the test failed because it expected 'class TrajectoryPlannerROS' declaration which may be in a header file rather than the cpp file being checked."
qwen_qwen3.5-plus-02-15,action_server,task_008_follow_joint_trajectory_action,test_odom_lock_usage,FAILED,C3,"The generated code is missing the boost::recursive_mutex::scoped_lock usage for odometry access, indicating a semantic/behavioral omission in the migration."
qwen_qwen3.5-plus-02-15,action_server,task_008_follow_joint_trajectory_action,test_tc_check_trajectory_args,FAILED,C3,"The generated code's call to tc_->checkTrajectory does not match the expected argument pattern (likely missing tf2::getYaw or using different field access), indicating a semantic/behavioral mismatch in the migration."
qwen_qwen3.5-plus-02-15,action_server,task_008_follow_joint_trajectory_action,test_warns_on_pose_fail,FAILED,E1,"The test expects ROS_WARN (a ROS 1 macro) in the migrated ROS 2 code, which contradicts the test_no_ros1_api_leftovers expectation; this is a rigid oracle expectation conflict making it a style/format mismatch."
qwen_qwen3.5-plus-02-15,action_server,task_008_follow_joint_trajectory_action,test_no_ros1_api_leftovers,FAILED,B1,The test failed because the generated code still contains ROS 1 API references like 'ros::' that were not replaced with ROS 2 equivalents.
qwen_qwen3.5-plus-02-15,action_server,task_008_follow_joint_trajectory_action,OVERALL_HIDDEN_ERROR_CHECK,FAILED,E2,"No code was generated or parsing failed, yet the oracle status is marked SUCCESS, which is a critical missed hard error."
qwen_qwen3.5-plus-02-15,action_server,task_009_moveit_motion_planning_action,test_class_exists,FAILED,E1,"The error log shows actual code content was loaded (including PLUGINLIB_EXPORT_CLASS with MoveGroupMoveAction), but the test only matches 'class MoveGroupMoveAction' which may be split across lines or formatted differently, indicating a rigid regex pattern issue rather than missing functionality."
qwen_qwen3.5-plus-02-15,action_server,task_009_moveit_motion_planning_action,test_rclcpp_node_exists,FAILED,A1,"No code was generated or parsing failed, so the translated file is empty/missing and cannot satisfy the node creation check."
qwen_qwen3.5-plus-02-15,action_server,task_009_moveit_motion_planning_action,test_initialize_creates_server_with_callback,FAILED,E2,"No code was generated (parse failed), so all tests fail due to missing translated file content, representing a critical hard error."
qwen_qwen3.5-plus-02-15,action_server,task_009_moveit_motion_planning_action,test_preempt_callback_handles_cancel_and_flag,FAILED,E1,"The error log shows the test ran against the original ROS1 code (containing ROS_INFO patterns and no preemptMoveCallback rewrite), indicating no generated code was produced/parsed, so this is a parse/generation failure rather than a code defect category."
qwen_qwen3.5-plus-02-15,action_server,task_009_moveit_motion_planning_action,test_setMoveState_publishes_feedback_with_state,FAILED,A1,"No code was generated or parsing failed, so the translated file is empty/missing and cannot satisfy the setMoveState feedback publishing check."
qwen_qwen3.5-plus-02-15,action_server,task_009_moveit_motion_planning_action,OVERALL_HIDDEN_ERROR_CHECK,FAILED,E2,"No code was generated or parse failed, which is a critical hard error that the oracle failed to catch as SUCCESS."
qwen_qwen3.5-plus-02-15,action_server,task_010_pick_place,test_move_group_interface_created,FAILED,A1,"No code was generated or parsing failed, so the translated file contains only the original unmodified content without the expected ROS 2 MoveGroupInterface instantiation."
qwen_qwen3.5-plus-02-15,action_server,task_010_pick_place,test_ros2_node_and_spinner,FAILED,E1,"The oracle expects `rclcpp::AsyncSpinner`, which does not exist in ROS 2 (replaced by `rclcpp::executors::MultiThreadedExecutor` or similar); this is a rigid/incorrect oracle expectation rather than a code defect."
qwen_qwen3.5-plus-02-15,action_server,task_010_pick_place,test_gripper_operations,FAILED,A1,"The generated code failed to produce output (NO CODE GENERATED OR PARSE FAILED), so the test ran against the original ROS 1 source which lacks the expected openGripper call for post_place_posture."
qwen_qwen3.5-plus-02-15,action_server,task_010_pick_place,test_post_place_open_gripper,FAILED,A1,"No code was generated or parsing failed, so the translated file is empty/missing, causing all pattern matches including post_place_posture to fail."
qwen_qwen3.5-plus-02-15,action_server,task_010_pick_place,OVERALL_HIDDEN_ERROR_CHECK,FAILED,E2,"No code was generated or parsing failed, yet the oracle reported SUCCESS, indicating a critical missed hard error."
qwen_qwen3.5-plus-02-15,action_server,task_011_pr2_door,test_door_action_client_created,FAILED,C3,"The generated code did not create the Door ActionClient with the expected arguments matching the 'move_through_door' action name and Door type, indicating a semantic/behavioral error in action client setup."
qwen_qwen3.5-plus-02-15,action_server,task_011_pr2_door,test_move_base_action_client_created,FAILED,E2,"The generated code failed to be produced or parsed, yet the oracle still ran against some fallback content; this represents a missed hard error since no valid migration code exists."
qwen_qwen3.5-plus-02-15,action_server,task_011_pr2_door,test_wait_for_server_called,FAILED,A1,"No code was generated or parsing failed, so all tests including wait_for_server_called fail due to missing code."
qwen_qwen3.5-plus-02-15,action_server,task_011_pr2_door,test_subscriber_exists,FAILED,C3,"The generated code does not create a Subscriber for the /test_output topic, missing required semantic behavior expected by the test."
qwen_qwen3.5-plus-02-15,action_server,task_011_pr2_door,test_goal_initialization,FAILED,C3,"The generated code does not initialize DoorGoal() (likely uses Door.Goal() in ROS 2 style instead), causing a semantic mismatch with the oracle's expected goal message instantiation pattern."
qwen_qwen3.5-plus-02-15,action_server,task_011_pr2_door,OVERALL_HIDDEN_ERROR_CHECK,FAILED,E2,"The generated code is empty or failed to parse, which is a critical hard error that the oracle test apparently did not catch as a failure."
qwen_qwen3.5-plus-02-15,action_server,task_012_move_arm_cartesian_action,test_ros2_node_initialization,FAILED,E1,"The code uses rclcpp::executors::SingleThreadedExecutor (the correct ROS 2 replacement for AsyncSpinner) but the oracle rigidly expects the literal string 'rclcpp::AsyncSpinner', which is actually a ROS 1-style API that doesn't exist in ROS 2."
qwen_qwen3.5-plus-02-15,action_server,task_012_move_arm_cartesian_action,test_move_group_interface_exists,FAILED,E2,"The generated code failed to produce any output (parse failure), which is a critical hard error preventing migration."
qwen_qwen3.5-plus-02-15,action_server,task_012_move_arm_cartesian_action,test_path_constraints,FAILED,E1,"The test expects ROS1-style 'moveit_msgs::Constraints' naming, but proper ROS2 code uses 'moveit_msgs::msg::Constraints', causing a style/format mismatch rather than a functional error."
qwen_qwen3.5-plus-02-15,action_server,task_012_move_arm_cartesian_action,test_cartesian_path_computation,FAILED,E1,"The code uses `geometry_msgs::msg::Pose` (correct ROS 2 namespace) but the oracle's regex strictly expects the ROS 1 style `geometry_msgs::Pose`, making this a style/format mismatch rather than a functional error."
qwen_qwen3.5-plus-02-15,action_server,task_012_move_arm_cartesian_action,test_collision_object_added,FAILED,E1,The generated ROS 2 code uses the correct namespace 'moveit_msgs::msg::CollisionObject' but the oracle's rigid regex expects the ROS 1-style 'moveit_msgs::CollisionObject' without the '::msg::' segment.
qwen_qwen3.5-plus-02-15,action_server,task_012_move_arm_cartesian_action,test_object_attached_to_robot,FAILED,C3,"The generated code is missing the attachObject/detachObject calls required by the test, indicating an incomplete semantic translation of the original tutorial's functionality."
qwen_qwen3.5-plus-02-15,action_server,task_012_move_arm_cartesian_action,OVERALL_HIDDEN_ERROR_CHECK,FAILED,E2,"The generated code is empty ('NO CODE GENERATED OR PARSE FAILED'), which is a critical hard error that the oracle failed to catch as SUCCESS."
z-ai_glm-5-turbo,service_client,task_001_simple_service,test_client_uses_rclpy_and_node,FAILED,C3,"The generated client code uses rclpy.create_node() instead of instantiating a Node() class, failing the regex check for the Node() abstraction pattern expected by the test."
z-ai_glm-5-turbo,service_client,task_001_simple_service,OVERALL_HIDDEN_ERROR_CHECK,FAILED,E2,"The generated code is empty ('NO CODE GENERATED OR PARSE FAILED'), which would cause all file reads to fail, yet the oracle reported SUCCESS, indicating a missed hard error."
z-ai_glm-5-turbo,service_client,task_002_custom_srv,test_ros2_server_uses_node_subclass,FAILED,C1,"The generated server code uses a function-based approach with rclpy instead of defining a Node subclass, failing the lifecycle/structural requirement for ROS 2."
z-ai_glm-5-turbo,service_client,task_002_custom_srv,OVERALL_HIDDEN_ERROR_CHECK,FAILED,E2,"No code was generated or parsing failed, so the migration is effectively empty and cannot pass any functional requirements, yet the oracle reportedly succeeded."
z-ai_glm-5-turbo,service_client,task_003_mp3_db_service,test_ros2_client_uses_node,FAILED,C1,The generated code uses procedural rclpy.create_node() instead of defining a Node subclass as expected by ROS2 best practices and the oracle test.
z-ai_glm-5-turbo,service_client,task_003_mp3_db_service,test_ros2_client_creates_service_client,FAILED,C3,"The generated code uses the service type MP3InventoryInteraction instead of the expected MP3InventoryService, causing the test to fail when searching for the correct service type name."
z-ai_glm-5-turbo,service_client,task_003_mp3_db_service,test_client_populates_request_fields,FAILED,C3,"The generated code creates an empty request without populating any fields (uses 'req' variable and doesn't set any attributes), failing to demonstrate populating service request fields as required by the .srv interface semantics."
z-ai_glm-5-turbo,service_client,task_003_mp3_db_service,test_client_accesses_response_list,FAILED,C3,The generated code does not access the response.list_strings field; it only logs the entire response object without iterating or accessing the expected field from the service response.
z-ai_glm-5-turbo,service_client,task_003_mp3_db_service,test_client_uses_response_to_drive_loop,FAILED,C3,"The generated code does not iterate over the response's list_strings field, missing the expected behavior of processing the service response data."
z-ai_glm-5-turbo,service_client,task_003_mp3_db_service,OVERALL_HIDDEN_ERROR_CHECK,FAILED,E2,"The generated code uses a non-existent service type 'MP3InventoryInteraction' instead of the expected 'MP3InventoryService', doesn't define a Node subclass, doesn't populate request fields, and doesn't iterate over response.list_strings — all hard errors the oracle apparently missed."
z-ai_glm-5-turbo,service_client,task_005_gazebo,test_response_used_in_return,FAILED,E1,"The code correctly returns the service response's success field via `resp.success`, but the oracle test rigidly requires the variable be named `response` instead of `resp`."
z-ai_glm-5-turbo,service_client,task_005_gazebo,test_multiple_service_calls_use_response,FAILED,E1,"The code uses `resp` as the variable name for the response object, which is functionally correct, but the oracle test rigidly expects the variable to be named `response`."
z-ai_glm-5-turbo,service_client,task_005_gazebo,OVERALL_HIDDEN_ERROR_CHECK,FAILED,E2,"The oracle tests check for the literal string 'response.success' in return statements, but the code uses 'resp.success' instead; despite this, the oracle reportedly passed, indicating the test framework missed this and other regex pattern mismatches (e.g., 'response' substring requirements per function)."
z-ai_glm-5-turbo,service_client,task_006_gazebo_set_get_state,test_03_retry_wait_for_service_with_shutdown_guard,FAILED,C3,"The generated code uses a single wait_for_service call with a timeout instead of a retry loop guarded by rclcpp::ok(), failing the test's requirement for a shutdown-guarded retry pattern."
z-ai_glm-5-turbo,service_client,task_006_gazebo_set_get_state,test_04_request_assigns_all_model_state_fields,FAILED,C3,"The generated code assigns fields directly to request->model_name instead of nesting them under request->model_state.model_name, which is the correct structure for gazebo_msgs::srv::SetModelState in ROS 2."
z-ai_glm-5-turbo,service_client,task_006_gazebo_set_get_state,test_05_full_service_call_chain_success_and_failure_handling,FAILED,E1,"The code handles non-SUCCESS via an else branch with RCLCPP_ERROR, but lacks a 'return' or 'throw' inside it, failing the rigid regex requirement despite being functionally correct."
z-ai_glm-5-turbo,service_client,task_006_gazebo_set_get_state,OVERALL_HIDDEN_ERROR_CHECK,FAILED,E2,"The code assigns request fields directly (request->model_name, request->pose, etc.) but SetModelState service request actually has a nested model_state field (request->model_state.model_name), which would cause a compilation error."
z-ai_glm-5-turbo,service_client,task_008_clear_costmaps,test_equivalence_reset_distance_is_expressed,FAILED,C3,"The generated testClearBehavior function never expresses the reset_distance semantics—it neither sets a 'reset_distance' parameter nor assigns a distance/radius field on the service request, losing equivalence with the ROS1 behavior."
z-ai_glm-5-turbo,service_client,task_008_clear_costmaps,test_equivalence_layer_names_semantics_obstacles_static_map,FAILED,C3,"The generated testClearBehavior function does not preserve the layer_names semantics from ROS 1 - it ignores the obstacles and static_map flags and never references the layer name literals, losing required behavioral equivalence."
z-ai_glm-5-turbo,service_client,task_008_clear_costmaps,test_equivalence_gates_both_obstacles_and_static_map,FAILED,C3,"The generated testClearBehavior function ignores the obstacles and static_map flags entirely, failing to preserve the ROS1 semantics of conditionally including layer names based on these flags."
z-ai_glm-5-turbo,service_client,task_008_clear_costmaps,OVERALL_HIDDEN_ERROR_CHECK,FAILED,E2,"The generated testClearBehavior function does not handle the obstacles/static_map flags or the distance/reset_distance parameter at all—it just calls a generic clear service, losing the original ROS1 semantics, yet the oracle marked SUCCESS."
z-ai_glm-5-turbo,service_client,task_009_moveit_planning_scene,OVERALL_CODE_CHECK,SUCCESS,P1,"The code correctly implements the ROS 2 migration with all required patterns (publisher, includes, attach/detach semantics, diff hygiene with clear() and is_diff=true), matching all oracle regex checks."
z-ai_glm-5-turbo,service_client,task_011_robot_services,test_target_camera_driver_is_referenced,FAILED,C3,"The generated code fails to reference the required 'head_camera/driver' namespace, omitting the semantic target node name needed for parameter configuration."
z-ai_glm-5-turbo,service_client,task_011_robot_services,test_init_sets_up_configuration_interface,FAILED,E1,"The code uses `super().__init__('camera_reconfigure')` which is valid ROS2 node initialization via inheritance, but the oracle's rigid regex only accepts `create_node(` or `Node(` patterns, making this a style/format mismatch."
z-ai_glm-5-turbo,service_client,task_011_robot_services,test_disable_auto_sets_both_flags_false,FAILED,E2,"The generated code delegates to a helper method _set_auto(False, False) instead of explicitly referencing the parameter names in disable_auto, which is a semantic/structural deviation causing test failure."
z-ai_glm-5-turbo,service_client,task_011_robot_services,test_enable_auto_sets_both_flags_true,FAILED,E1,"The generated code refactored enable_auto to call a helper _set_auto(True, True), which is functionally correct but the oracle's rigid regex expects literal 'auto_exposure' and 'auto_white_balance' strings inside the enable_auto function block."
z-ai_glm-5-turbo,service_client,task_011_robot_services,OVERALL_HIDDEN_ERROR_CHECK,FAILED,E2,"The generated code is empty ('NO CODE GENERATED OR PARSE FAILED'), which is a critical hard error that should have failed all tests, but the oracle reported SUCCESS."
z-ai_glm-5-turbo,parameter_server,task_001_basic_param,test_no_ros1_master_xmlrpc,FAILED,B1,"The generated code is empty/unchanged ROS 1 code still containing XMLRPCManager and no rclcpp, indicating the legacy ROS 1 API was not replaced."
z-ai_glm-5-turbo,parameter_server,task_001_basic_param,test_has_cache_map_and_subscribed_set,FAILED,B1,"The generated code retains ROS 1 APIs like XMLRPCManager and ros::master, failing to migrate to ROS 2 constructs including the required subscribed set."
z-ai_glm-5-turbo,parameter_server,task_001_basic_param,test_parameter_event_subscription_is_real,FAILED,E2,"No code was generated, so the original ROS 1 code remains, which would fail compilation and all migration requirements."
z-ai_glm-5-turbo,parameter_server,task_001_basic_param,test_invalidate_parent_walks_up_namespaces_and_erases_parents,FAILED,C3,"The generated invalidateParentParams function does not acquire a lock around cache access, representing a semantic/behavioral error in thread-safety handling."
z-ai_glm-5-turbo,parameter_server,task_001_basic_param,test_getImpl_has_cache_hit_shortcut_and_subscribe_on_miss,FAILED,E1,"The generated getImpl function correctly implements cache hit shortcut behavior but uses a 'ret' variable returned at the end instead of an explicit 'return true' statement, causing the regex-based oracle to fail despite functional correctness."
z-ai_glm-5-turbo,parameter_server,task_001_basic_param,OVERALL_HIDDEN_ERROR_CHECK,FAILED,E2,"The generated code is empty ('NO CODE GENERATED OR PARSE FAILED'), which is a critical hard error that the oracle failed to catch as SUCCESS."
z-ai_glm-5-turbo,parameter_server,task_002_dynamic_robot_configuration,test_type_strictness_casting,FAILED,C3,"The generated code declares the parameter but does not assign its return value to an auto/vector variable as the test expects, indicating a semantic/behavioral pattern mismatch in parameter handling."
z-ai_glm-5-turbo,parameter_server,task_002_dynamic_robot_configuration,OVERALL_HIDDEN_ERROR_CHECK,FAILED,E2,"No code was generated or parsing failed, which is a critical hard error that the oracle test failed to catch as SUCCESS."
z-ai_glm-5-turbo,parameter_server,task_003_Mobile_robot_control,test_absence_of_xmlrpc,FAILED,B1,"The generated code still contains legacy ROS 1 XmlRpc::XmlRpcValue API in getWheelNames, which was not replaced with the ROS 2 parameter API."
z-ai_glm-5-turbo,parameter_server,task_003_Mobile_robot_control,test_no_ros1_nodehandle,FAILED,B1,"The generated code retains legacy ROS 1 ros::NodeHandle parameters and APIs (getParam, subscribe, etc.) throughout, failing to replace them with ROS 2 equivalents."
z-ai_glm-5-turbo,parameter_server,task_003_Mobile_robot_control,OVERALL_HIDDEN_ERROR_CHECK,FAILED,E2,"The code contains numerous critical hard errors that would fail compilation: a typo 'controller_nhon_set_parameters_callback', heavy use of ROS 1 APIs (ros::NodeHandle, ROS_ERROR, ros::Time, ros::Duration, XmlRpc, tf::tfMessage, PLUGINLIB), and references to an undeclared 'node' pointer, yet the oracle marked it SUCCESS."
z-ai_glm-5-turbo,parameter_server,task_004_turtlrbot3_params,test_physics_logic_preservation,FAILED,C3,"The code multiplies by the constant instead of dividing, violating the required physical unit conversion logic."
z-ai_glm-5-turbo,parameter_server,task_004_turtlrbot3_params,test_value_extraction_style,FAILED,C3,"The generated code uses `changed_param.value.double_value` directly instead of the standard ROS 2 methods `.as_double()` or `from_parameter_msg`, which is a semantic deviation from idiomatic ROS 2 parameter extraction."
z-ai_glm-5-turbo,parameter_server,task_004_turtlrbot3_params,OVERALL_HIDDEN_ERROR_CHECK,FAILED,E2,"The code uses multiplication instead of division for the physics unit conversion (profile_acceleration = new_value * profile_acceleration_constant), which the oracle's test_physics_logic_preservation specifically checks for but apparently passed incorrectly, plus uses .double_value instead of .as_double()/from_parameter_msg - these are real semantic bugs the oracle missed."
z-ai_glm-5-turbo,parameter_server,task_005_laser_scan_filter_params,test_qos_and_topics,FAILED,E1,"The test rigidly requires the literal string ""output"" as topic name, but the generated code uses ""scan_filtered"" which is functionally equivalent and matches the original ROS 1 topic naming."
z-ai_glm-5-turbo,parameter_server,task_005_laser_scan_filter_params,test_deprecation_timer,FAILED,E1,"The code correctly creates a 5-second wall timer that calls deprecation_warn() which contains RCLCPP_WARN, but the oracle's regex requires RCLCPP_WARN to appear directly within the create_wall_timer call (inline lambda style), failing the functionally correct std::bind approach."
z-ai_glm-5-turbo,parameter_server,task_005_laser_scan_filter_params,OVERALL_HIDDEN_ERROR_CHECK,FAILED,E2,"The publisher topic is created as 'scan_filtered' instead of 'output' (which test_qos_and_topics expects), and the member initializer list has undefined behavior since tf_ is initialized before buffer_ despite buffer_ being passed to tf_'s constructor, causing runtime crashes."
z-ai_glm-5-turbo,parameter_server,task_006_dynamic_param_rqt_reconfigure,OVERALL_CODE_CHECK,SUCCESS,P1,"The code correctly implements all required ROS 2 patterns (call_async, Event, wait_for_service, add_done_callback, AsyncServiceCallFailed with the exact error hints) and passes all oracle test checks."
z-ai_glm-5-turbo,parameter_server,task_007_navigation_stack_config,test_no_legacy_artifacts,FAILED,B1,"The code retains ROS 1 legacy artifacts (private_nh_, ros::NodeHandle, dynamic_reconfigure, AMCLConfig) that were not replaced with ROS 2 equivalents, causing the test_no_legacy_artifacts check to fail."
z-ai_glm-5-turbo,parameter_server,task_007_navigation_stack_config,OVERALL_HIDDEN_ERROR_CHECK,FAILED,E2,"The generated code contains numerous critical hard errors that will prevent compilation, including mixed ROS 1/ROS 2 APIs (ros::NodeHandle, private_nh_, dynamic_reconfigure, ros::Publisher, ros::Time), use of 'this->declare_parameter' and 'this->add_on_set_parameters_callback' on a non-rclcpp::Node class, undefined 'cb' variable, and many other unresolved legacy artifacts that the oracle's regex-based tests failed to catch."
z-ai_glm-5-turbo,parameter_server,task_008_gazebo_sim_param,test_multicamera_suffix_preservation,FAILED,C3,"The migrated code never appends the `_camera_name_suffix` parameter to `camera_name_`, losing critical multicamera naming logic that was present in the original ROS 1 implementation."
z-ai_glm-5-turbo,parameter_server,task_008_gazebo_sim_param,test_standard_library_pointer_migration,FAILED,C3,"The code uses std::make_shared instead of an explicit 'std::shared_ptr' or 'std::unique_ptr' declaration, so the test's string check for the standard library pointer type fails despite shared_ptr being used semantically."
z-ai_glm-5-turbo,parameter_server,task_008_gazebo_sim_param,test_time_source_logic,FAILED,C3,"The code constructs timestamps from gazebo simulation time directly via rclcpp::Time(sec, nsec) instead of using the ROS 2 Node's clock (now() / get_clock()->now()), failing the sim-time compatibility check."
z-ai_glm-5-turbo,parameter_server,task_008_gazebo_sim_param,OVERALL_HIDDEN_ERROR_CHECK,FAILED,E2,"The code uses rclcpp::Time(sec, nsec) directly from simulation time but never calls gazebo_ros_node_->now() or get_clock()->now(), and the test_time_source_logic test explicitly checks for this - this is a hard error the oracle should have caught but apparently did not flag as failed overall."
z-ai_glm-5-turbo,parameter_server,task_009_fetch_arm_params,test_ros2_param_declaration,FAILED,E1,"The code correctly declares parameters using node_->declare_parameter() with runtime type specification (rclcpp::PARAMETER_STRING) and default values, but the oracle's rigid regex specifically requires the templated syntax declare_parameter<std::string>(...) which is just a stylistic variation."
z-ai_glm-5-turbo,parameter_server,task_009_fetch_arm_params,test_logging_migration,FAILED,E1,"The code uses getLogger() (a helper method) consistently for RCLCPP macros, which is functionally valid ROS 2 logging, but the oracle test rigidly requires the literal string 'get_logger()' (snake_case) to appear in the code."
z-ai_glm-5-turbo,parameter_server,task_009_fetch_arm_params,test_tip_frame_validation,FAILED,C3,"The generated initialize() function does not validate that exactly one tip frame is provided (e.g., checking tip_frames.size() != 1), which is a required semantic check for IKFast's 6DOF single-tip constraint."
z-ai_glm-5-turbo,parameter_server,task_009_fetch_arm_params,OVERALL_HIDDEN_ERROR_CHECK,FAILED,E2,"The code calls getLogger() as a free function and uses node_ member without declaration, and uses a variable-length array (IkReal angles[num_joints_]) with a non-constant member, which will fail compilation; the oracle's regex-based tests miss these hard errors."
z-ai_glm-5-turbo,parameter_server,task_010_sensor_fusion_params,test_ros2_parameter_declaration,FAILED,E1,"The code functionally declares the parameter using `declare_parameter(name, std::vector<bool>{})` which is valid ROS 2 API, but the oracle rigidly requires the explicit template syntax `declare_parameter<std::vector<bool>>`."
z-ai_glm-5-turbo,parameter_server,task_010_sensor_fusion_params,OVERALL_HIDDEN_ERROR_CHECK,FAILED,E2,"The code uses `this->declare_parameter(config_param_name, std::vector<bool>{})` (non-template form) but the oracle test specifically requires the templated form `declare_parameter<std::vector<bool>>`, which would actually fail test_ros2_parameter_declaration—indicating the oracle SUCCESS status missed this mismatch."
z-ai_glm-5-turbo,parameter_server,task_011_moveit_motion_params,test_ros2_node_lifecycle_setup,FAILED,C3,"The generated code is missing the `allow_undeclared_parameters(true)` NodeOption setting required by the oracle, and also uses the incorrect `moveit::planning_interface::MoveItCpp` namespace instead of `moveit_cpp::MoveItCpp`, plus lacks `providePlanningSceneService()` call."
z-ai_glm-5-turbo,parameter_server,task_011_moveit_motion_params,test_moveit_cpp_namespace_accuracy,FAILED,C3,"The generated code uses the legacy ROS 1 namespace 'moveit::planning_interface::MoveItCpp' instead of the correct ROS 2 namespace 'moveit_cpp::MoveItCpp', which is a semantic migration error."
z-ai_glm-5-turbo,parameter_server,task_011_moveit_motion_params,test_planning_scene_availability,FAILED,C3,"The generated code is missing the explicit call to providePlanningSceneService(), which is required in ROS 2 MoveItCpp migration to make the planning scene visible to RViz."
z-ai_glm-5-turbo,parameter_server,task_011_moveit_motion_params,OVERALL_HIDDEN_ERROR_CHECK,FAILED,E2,"The code uses the incorrect ROS 1 namespace 'moveit::planning_interface::MoveItCpp' instead of 'moveit_cpp::MoveItCpp', and is missing 'allow_undeclared_parameters' and 'providePlanningSceneService()' calls, which are critical hard errors that the oracle test should have caught."
z-ai_glm-5-turbo,parameter_server,task_012_px4_flight_params,test_parameter_declaration_logic,FAILED,C3,"The generated code declared the yaw parameter as 'yaw' instead of the expected 'target_yaw', causing the test's regex check for the specific parameter name to fail."
z-ai_glm-5-turbo,parameter_server,task_012_px4_flight_params,test_dynamic_message_population_position,FAILED,C3,"The code calls publish_position_setpoint with literal arguments (0.0, 0.0, self.takeoff_height), so inside the function msg.position = [x, y, z] uses local variables rather than self.takeoff_height directly, failing the regex check for dynamic attribute use in the position assignment."
z-ai_glm-5-turbo,parameter_server,task_012_px4_flight_params,OVERALL_HIDDEN_ERROR_CHECK,FAILED,E2,"The code declares parameter 'yaw' instead of the required 'target_yaw', which would fail the test_parameter_declaration_logic test, but the oracle reported SUCCESS, missing this hard error."
z-ai_glm-5-turbo,parameter_server,task_013_slam_mapping_params,test_no_fake_nodehandle,FAILED,E1,"The test rigidly forbids the substring 'private_nh_' as a stylistic naming choice, but the generated code is functionally correct using a Node SharedPtr named private_nh_ for parameter declarations."
z-ai_glm-5-turbo,parameter_server,task_013_slam_mapping_params,test_member_variable_assignment,FAILED,E1,"The code functionally declares and retrieves parameters with .as_type() casting, but the assignments use 'private_nh_->get_parameter(...)' instead of 'this->get_parameter(...)' or bare 'get_parameter(...)', failing the regex which doesn't match the 'private_nh_->' prefix."
z-ai_glm-5-turbo,parameter_server,task_013_slam_mapping_params,OVERALL_HIDDEN_ERROR_CHECK,FAILED,ERROR,"Expecting ',' delimiter: line 1 column 182 (char 181)"
z-ai_glm-5-turbo,publisher_subscriber,task_001_simple_pub_sub,test_talker_ros2_translation,FAILED,C1,"The generated talker.py kept a function-based structure instead of defining a Node subclass as required by ROS 2 conventions, failing the node/lifecycle logic expectation."
z-ai_glm-5-turbo,publisher_subscriber,task_001_simple_pub_sub,OVERALL_HIDDEN_ERROR_CHECK,FAILED,E2,"No code was generated or parsing failed, so the files cannot exist and the oracle tests would fail at the file existence assertion, indicating a missed hard error."
z-ai_glm-5-turbo,publisher_subscriber,task_002_custom_msg_basic,OVERALL_CODE_CHECK,SUCCESS,E2,"No code was generated, but the oracle test was reported as SUCCESS, indicating the test framework failed to catch the missing files which would cause assert PUBLISHER_PATH.exists() to fail."
z-ai_glm-5-turbo,publisher_subscriber,task_003_image_transport,OVERALL_CODE_CHECK,SUCCESS,P1,"The code correctly migrates to ROS 2 with proper Node initialization, subscription creation, callback, and spin, passing all oracle checks without any hard errors."
z-ai_glm-5-turbo,publisher_subscriber,task_004_laser_scan_origin,test_lidar_publisher_translation,FAILED,C3,"The generated publisher file (lidar_publisher.py) is missing rclpy.spin() and still contains ROS 1-style rate.sleep() logic, indicating incomplete migration of the publisher's runtime loop."
z-ai_glm-5-turbo,publisher_subscriber,task_004_laser_scan_origin,OVERALL_HIDDEN_ERROR_CHECK,FAILED,P1,"The generated subscriber code correctly uses ROS 2 APIs (rclpy, Node, create_subscription, rclpy.spin with node argument) and passes all oracle checks without any hidden hard errors."
z-ai_glm-5-turbo,publisher_subscriber,task_005_ros1_ros2_bridge,OVERALL_CODE_CHECK,SUCCESS,E2,"No code was generated or parsing failed, yet the oracle reported SUCCESS — this is a missed hard error since the talker module cannot be imported."
z-ai_glm-5-turbo,publisher_subscriber,task_006_multi_topic_synchronization,test_oracle_4_two_image_subscribers,FAILED,E1,"The code correctly uses ROS 2's sensor_msgs::msg::Image type, but the oracle test rigidly searches for the ROS 1-style 'sensor_msgs::Image' string, causing a false positive failure on functionally correct ROS 2 code."
z-ai_glm-5-turbo,publisher_subscriber,task_006_multi_topic_synchronization,OVERALL_HIDDEN_ERROR_CHECK,FAILED,E2,"Oracle test 4 uses regex 'sensor_msgs::Image' (ROS1 style) but the generated code uses 'sensor_msgs::msg::Image' (correct ROS2 style); however the regex match would actually fail this test since '::Image' won't match '::msg::Image'—wait, the test would fail but oracle reports SUCCESS, suggesting the test passed despite mismatch, meaning the code is functionally correct ROS2."
z-ai_glm-5-turbo,publisher_subscriber,task_007_latched_publisher,test_latched_behavior_for_new_subscriber,FAILED,E2,"No code was generated, so the migration trivially fails; this is a missed hard error not properly flagged as a generation failure."
z-ai_glm-5-turbo,publisher_subscriber,task_007_latched_publisher,OVERALL_HIDDEN_ERROR_CHECK,FAILED,E2,"No code was generated or parsing failed, which is a critical hard error that the oracle test failed to catch."
z-ai_glm-5-turbo,publisher_subscriber,task_009_nodelet_pubsub,test_node_spin_and_init_present,FAILED,C1,"The generated code defines a Node class but neither provides a main() with rclcpp::init nor registers it as a component via RCLCPP_COMPONENTS_REGISTER_NODE, making it non-executable."
z-ai_glm-5-turbo,publisher_subscriber,task_009_nodelet_pubsub,test_namespace_semantics_preserved,FAILED,C3,"The generated code only creates 'input'/'output' topics and omits the global/namespaced/private topic variants expected by the oracle, indicating missed semantic behavior from the original ROS 1 nodelet."
z-ai_glm-5-turbo,publisher_subscriber,task_009_nodelet_pubsub,OVERALL_HIDDEN_ERROR_CHECK,FAILED,E2,"The generated code is missing the namespace semantics (global/namespaced/private/in/out topics) and lacks rclcpp::init or component registration, which would cause multiple test failures, but the oracle status is marked SUCCESS."
z-ai_glm-5-turbo,publisher_subscriber,task_010_husky_stress_test,test_translated_files_exist,FAILED,A1,"No code was generated or parsing failed, so the required translated files do not exist."
z-ai_glm-5-turbo,publisher_subscriber,task_010_husky_stress_test,test_no_ros1_artifacts_in_launch,FAILED,A1,"No code was generated, so the required launch file does not exist, causing the file-existence check to fail."
z-ai_glm-5-turbo,publisher_subscriber,task_010_husky_stress_test,test_robot_description_defined,FAILED,A1,"No code was generated, so the required xacro file does not exist, causing the file existence assertion to fail."
z-ai_glm-5-turbo,publisher_subscriber,task_010_husky_stress_test,test_robot_description_consumed_in_launch,FAILED,A1,"No code was generated, so the required launch file is missing and the test fails on file existence."
z-ai_glm-5-turbo,publisher_subscriber,task_010_husky_stress_test,test_imu_interface_present,FAILED,A1,"No code was generated, so the required xacro file does not exist, causing the test to fail."
z-ai_glm-5-turbo,publisher_subscriber,task_010_husky_stress_test,test_gps_interface_present,FAILED,A1,"No code was generated, so the required xacro file does not exist, causing the test to fail at the file existence check."
z-ai_glm-5-turbo,publisher_subscriber,task_010_husky_stress_test,test_sensor_update_rate_semantics,FAILED,A1,"No code was generated, so the required xacro file does not exist, causing the test to fail at file existence check."
z-ai_glm-5-turbo,publisher_subscriber,task_010_husky_stress_test,OVERALL_HIDDEN_ERROR_CHECK,FAILED,E2,"No code was generated or parsing failed, yet the oracle marked it as SUCCESS, indicating the tests did not catch the missing implementation."
z-ai_glm-5-turbo,action_server,task_001_base_case,test_node_creation,FAILED,ERROR,Invalid \escape: line 1 column 161 (char 160)
z-ai_glm-5-turbo,action_server,task_001_base_case,test_execute_callback_exists,FAILED,E1,"The code defines an `execute_cb` callback which is functionally correct, but the oracle regex rigidly expects the name to contain 'execute' or 'handle_accepted' as a prefix matching '(execute|handle_accepted)\s*\(', failing on 'execute_cb' due to naming style."
z-ai_glm-5-turbo,action_server,task_001_base_case,test_progress_loop_present,FAILED,E1,"The code contains a valid Python for-loop ('for i in range(0, 10):'), but the oracle regex expects C-style 'for(' or 'while(' with parenthesis, which is a rigid format expectation incompatible with Python syntax."
z-ai_glm-5-turbo,action_server,task_001_base_case,OVERALL_HIDDEN_ERROR_CHECK,FAILED,E2,"The code has critical runtime errors: it imports non-existent message classes (RobotCalibrationFeedback/Result instead of .Feedback/.Result nested types), uses goal.is_cancel_requested/canceled/succeed which are incorrect ROS 2 action APIs (should be goal_handle methods), and accesses goal.request on a non-goal-handle object - all of which would crash at runtime but were missed by the regex-based oracle tests."
z-ai_glm-5-turbo,action_server,task_002_turtlebot3_patrol_action,test_node_creation,FAILED,E1,"The generated code creates a Node via class inheritance (e.g., super().__init__) rather than directly calling Node(...) or create_node, so the rigid regex check fails despite functionally correct ROS 2 node creation."
z-ai_glm-5-turbo,action_server,task_002_turtlebot3_patrol_action,test_action_server_creation,FAILED,E1,"The code correctly uses ROS2 ActionServer, but the oracle test rigidly requires the string 'create_server' which is not a standard ROS2 Python API name, making this a style/format false positive."
z-ai_glm-5-turbo,action_server,task_002_turtlebot3_patrol_action,test_execute_callback_contains_patrol_logic,FAILED,E1,The test rigidly requires the exact string 'goal_msg.goal.x' which is a specific naming convention; the generated code likely uses a different but functionally equivalent variable name to access the patrol goal.
z-ai_glm-5-turbo,action_server,task_002_turtlebot3_patrol_action,OVERALL_HIDDEN_ERROR_CHECK,FAILED,E2,"The generated code is empty ('NO CODE GENERATED OR PARSE FAILED'), which is a critical hard error, but the oracle reported SUCCESS, failing to catch this."
z-ai_glm-5-turbo,action_server,task_004_turtle_bot_3,test_execute_callback_signature,FAILED,C3,"The generated code does not define an execute_callback method with the expected signature (self, goal_handle), indicating a semantic/behavioral error in implementing the ROS 2 action server callback contract."
z-ai_glm-5-turbo,action_server,task_004_turtle_bot_3,test_execute_callback_no_return,FAILED,C3,"The generated code uses a service-style 'return result' in the action execute callback instead of properly setting the goal state via goal_handle.succeed() before returning, which is a semantic/behavioral error in ROS 2 action server implementation."
z-ai_glm-5-turbo,action_server,task_004_turtle_bot_3,test_goal_data_accessed,FAILED,C3,"The generated code fails to access goal data through goal_handle.request, indicating incorrect ROS 2 action server semantics for retrieving goal information."
z-ai_glm-5-turbo,action_server,task_004_turtle_bot_3,test_long_running_execution_present,FAILED,E2,"No code was generated or parsing failed, which is a critical hard error preventing any functionality."
z-ai_glm-5-turbo,action_server,task_004_turtle_bot_3,test_feedback_published_iteratively,FAILED,C3,"The generated code only calls publish_feedback once instead of iteratively within the long-running execution loop, violating the action server feedback semantics."
z-ai_glm-5-turbo,action_server,task_004_turtle_bot_3,test_feedback_progress_updated,FAILED,C3,"The generated code constructs feedback but never updates feedback fields (e.g., feedback.x = ...) during the long-running execution, missing proper feedback progress semantics."
z-ai_glm-5-turbo,action_server,task_004_turtle_bot_3,test_result_set_before_goal_termination,FAILED,A1,"No code was generated or parsing failed, so the file is empty/missing and cannot satisfy any test requirements including result assignment before goal termination."
z-ai_glm-5-turbo,action_server,task_004_turtle_bot_3,OVERALL_HIDDEN_ERROR_CHECK,FAILED,E2,"No code was generated or parsing failed, which is a critical hard error that should not pass tests but the oracle reported SUCCESS."
z-ai_glm-5-turbo,action_server,task_005_robot_voice_action,test_control_logic_inside_timer_callback,FAILED,E1,"The timer callback uses `auto timer_callback = [this]() -> void` with an explicit return type, which the oracle's rigid regex `\[this\]\s*\(\)\s*\{` does not match; the code is functionally correct."
z-ai_glm-5-turbo,action_server,task_005_robot_voice_action,test_ros_time_semantics_preserved,FAILED,E1,"The code correctly uses get_clock()->now() for ROS2 time semantics; the test fails only because std::chrono is used for timer duration literals (100ms), which is standard ROS2 practice and not a real time-semantics violation."
z-ai_glm-5-turbo,action_server,task_005_robot_voice_action,test_px4_qos_semantics_explicit,FAILED,C2,"The generated code uses default QoS depth of 10 for publishers instead of explicit QoS profiles required for PX4 uORB bridge, causing the QoS semantics test to fail."
z-ai_glm-5-turbo,action_server,task_005_robot_voice_action,OVERALL_HIDDEN_ERROR_CHECK,FAILED,E2,"The code uses std::chrono (via 100ms literal) and does not configure explicit QoS for PX4 (uses default depth 10), which would fail the oracle's QoS and time semantics tests, indicating hidden hard errors not caught."
z-ai_glm-5-turbo,action_server,task_006_amcl_navigation,test_action_server_creation,FAILED,C3,"The generated code migrated AMCL as a regular node with services/subscriptions but did not implement the expected ROS2 Action Server for UpdatePose, missing the semantic transformation required by the oracle."
z-ai_glm-5-turbo,action_server,task_006_amcl_navigation,test_handle_goal_defined,FAILED,C3,"The generated code does not implement an action server with handle_goal callback; it migrated services/subscriptions only, missing the expected rclcpp_action server semantics required by the oracle."
z-ai_glm-5-turbo,action_server,task_006_amcl_navigation,test_handle_cancel_defined,FAILED,C3,"The generated code did not implement the ROS 2 Action Server (with handle_cancel callback) that the oracle expects; it only migrated the existing services, missing the required action server semantic conversion."
z-ai_glm-5-turbo,action_server,task_006_amcl_navigation,test_handle_accepted_defined,FAILED,C3,"The generated code does not implement the ROS 2 Action Server pattern (handle_goal, handle_cancel, handle_accepted) that the oracle expects for the UpdatePose action, instead keeping the original service-based approach."
z-ai_glm-5-turbo,action_server,task_006_amcl_navigation,test_todo_comment_present,FAILED,C3,"The generated code did not include the expected '// TODO: Implement particle filter update' comment, missing the semantic placeholder that the oracle expected for the unimplemented particle filter update logic."
z-ai_glm-5-turbo,action_server,task_006_amcl_navigation,test_thread_usage_for_async,FAILED,C3,The generated code did not implement the ROS 2 Action Server (rclcpp_action) with async thread handling that the oracle test expected; it kept the original service-based architecture instead of migrating to an action server.
z-ai_glm-5-turbo,action_server,task_006_amcl_navigation,OVERALL_HIDDEN_ERROR_CHECK,FAILED,E2,"The code uses non-existent `std::recursive_mutex::scoped_lock` (should be `std::lock_guard<std::recursive_mutex>`), includes a non-existent header `rosbag2_storage/storage_options.hpp` for that namespace, and references `tf2_msgs::msg::TFMessage` without including its header, which will cause compilation failures missed by the oracle's loose regex tests."
z-ai_glm-5-turbo,action_server,task_007_move_base_navigation_action,test_feedback_publishing_exists,FAILED,E1,"The code correctly publishes feedback via the ROS 2 action server using goal_handle_->publish_feedback(feedback), but the oracle rigidly expects the ROS 1 API string 'as_->publishFeedback' which doesn't exist in ROS 2."
z-ai_glm-5-turbo,action_server,task_007_move_base_navigation_action,test_recovery_behavior_loop,FAILED,E1,"The oracle expects the exact ROS1 method name `runBehavior()`, but the generated code uses `run()` which is the correct ROS2 nav2_core::Recovery API method name, making this a style/naming expectation mismatch rather than a functional error."
z-ai_glm-5-turbo,action_server,task_007_move_base_navigation_action,test_action_server_success_abort_calls,FAILED,E1,"The generated ROS 2 code correctly uses goal_handle->succeed() and goal_handle->abort() per the rclcpp_action API, but the oracle rigidly expects ROS 1 SimpleActionServer-style 'as_->setSucceeded' and 'as_->setAborted' patterns which don't exist in ROS 2."
z-ai_glm-5-turbo,action_server,task_007_move_base_navigation_action,OVERALL_HIDDEN_ERROR_CHECK,FAILED,E2,"The code contains multiple hard errors that will fail compilation: nav2_costmap_2d::Costmap2DROS constructor signature doesn't match (it's a LifecycleNode, not constructed this way), planner->configure() signatures don't match nav2_core interfaces, recovery plugin initialize() signatures are wrong, global_pose.header.stamp.isZero() is not a valid ROS2 API, and rclcpp::Rate doesn't have sleep() returning the same way—these critical issues were missed by the oracle's regex-based tests."
z-ai_glm-5-turbo,action_server,task_008_follow_joint_trajectory_action,test_class_exists,FAILED,E1,"The generated .cpp file contains only method implementations (not the class declaration), as the class is declared in the header file; the oracle test rigidly searches for 'class TrajectoryPlannerROS' in the .cpp file, which is a style/format mismatch rather than a functional error."
z-ai_glm-5-turbo,action_server,task_008_follow_joint_trajectory_action,test_odom_lock_usage,FAILED,E1,"The generated code correctly uses std::mutex with std::lock_guard which is the proper ROS 2/modern C++ equivalent, but the oracle test rigidly expects the legacy ROS 1 'boost::recursive_mutex::scoped_lock' string."
z-ai_glm-5-turbo,action_server,task_008_follow_joint_trajectory_action,test_warns_on_pose_fail,FAILED,E1,"The oracle test expects ROS1's ROS_WARN macro, but the correctly migrated ROS 2 code uses RCLCPP_WARN; this is a style/format mismatch rather than a functional error."
z-ai_glm-5-turbo,action_server,task_008_follow_joint_trajectory_action,test_no_ros1_api_leftovers,FAILED,C3,"The generated code retains ROS 1 API references like 'dynamic_reconfigure::Server' which contains 'ros::' substring, failing the ROS1 leftover check; this is a semantic migration error where legacy APIs were not fully replaced."
z-ai_glm-5-turbo,action_server,task_008_follow_joint_trajectory_action,OVERALL_HIDDEN_ERROR_CHECK,FAILED,E2,"The code contains multiple hard errors: RCLCPP_ASSERT does not exist, dynamic_reconfigure::Server is ROS 1 only and won't compile in ROS 2, and the class inherits from nav2_core::LocalPlanner but uses ROS 1-style initialize/computeVelocityCommands signatures incompatible with the nav2 plugin interface."
z-ai_glm-5-turbo,action_server,task_009_moveit_motion_planning_action,test_class_exists,FAILED,E1,"The test searches for a 'class MoveGroupMoveAction' definition in the .cpp file, but the class is declared in the header (move_action_capability.h) and only its methods are implemented in the .cpp; this is a style/format mismatch rather than a functional error."
z-ai_glm-5-turbo,action_server,task_009_moveit_motion_planning_action,test_action_server_usage,FAILED,B1,"The code retains ROS 1-style action server instantiation (MoveGroupActionServer with std::make_unique) instead of using rclcpp_action::create_server with moveit_msgs::action::MoveGroup, leaving the legacy action API unconverted."
z-ai_glm-5-turbo,action_server,task_009_moveit_motion_planning_action,test_rclcpp_node_exists,FAILED,C3,"The generated code references node_ but never creates an rclcpp::Node instance (no rclcpp::Node:: or std::make_shared<rclcpp::Node>), failing the test that checks for ROS 2 node creation."
z-ai_glm-5-turbo,action_server,task_009_moveit_motion_planning_action,test_initialize_creates_server_with_callback,FAILED,B1,"The initialize() method still uses a custom MoveGroupActionServer wrapper with ROS 1-style callbacks (start(), terminate_current, etc.) instead of using rclcpp_action::create_server, indicating the legacy ROS 1 action API was not properly replaced."
z-ai_glm-5-turbo,action_server,task_009_moveit_motion_planning_action,test_execute_callback_sets_result,FAILED,B1,"The executeMoveCallback still uses ROS 1 action server methods like terminate_current/succeeded_current instead of ROS 2's goal_handle->succeed/abort/canceled, indicating legacy ROS 1 API was not replaced."
z-ai_glm-5-turbo,action_server,task_009_moveit_motion_planning_action,test_preempt_callback_handles_cancel_and_flag,FAILED,E1,"The code does set `preempt_requested_ = true` in preemptMoveCallback, but the test regex requires `preempt_requested` (without trailing underscore), causing a false positive due to rigid naming expectations."
z-ai_glm-5-turbo,action_server,task_009_moveit_motion_planning_action,test_setMoveState_publishes_feedback_with_state,FAILED,E1,"The setMoveState method does publish feedback via move_action_server_->publish_feedback(feedback), but the oracle test rigidly requires specific patterns like 'goal_handle->publish_feedback(' or 'move_feedback.state =', which is a style/naming mismatch rather than a functional issue."
z-ai_glm-5-turbo,action_server,task_009_moveit_motion_planning_action,test_no_ros1_artifacts,FAILED,B1,"The code still contains ROS 1 logging macros (ROS_INFO_NAMED, ROS_ERROR_NAMED) instead of being replaced with ROS 2 equivalents like RCLCPP_INFO."
z-ai_glm-5-turbo,action_server,task_009_moveit_motion_planning_action,OVERALL_HIDDEN_ERROR_CHECK,FAILED,E2,"The code retains numerous ROS 1 artifacts including ROS_INFO_NAMED/ROS_ERROR_NAMED macros, moveit_msgs::MoveGroupGoalConstPtr (ROS 1 action type), and moveit_msgs::MoveGroupResult/Feedback instead of ROS 2 action types, which would fail compilation but the oracle's regex-based tests missed these hard errors."
z-ai_glm-5-turbo,action_server,task_010_pick_place,test_move_group_interface_created,FAILED,E1,"The code correctly creates a MoveGroupInterface for 'panda_arm' but with an extra 'node' argument required by ROS 2 API; the oracle regex rigidly expects only the string argument, making this a format-based false positive."
z-ai_glm-5-turbo,action_server,task_010_pick_place,test_ros2_node_and_spinner,FAILED,E1,"The code correctly uses MultiThreadedExecutor with a separate spinner thread (the proper ROS 2 equivalent), but the oracle rigidly expects the literal string 'rclcpp::AsyncSpinner' which doesn't exist in ROS 2."
z-ai_glm-5-turbo,action_server,task_010_pick_place,test_gripper_operations,FAILED,E1,"The code calls openGripper(grasps[0].pre_grasp_posture) which is functionally correct, but the regex expects a simple identifier (\w+) before .pre_grasp_posture, not an array indexed expression like grasps[0]."
z-ai_glm-5-turbo,action_server,task_010_pick_place,test_post_place_open_gripper,FAILED,E1,"The code correctly calls openGripper(place_location[0].post_place_posture), but the test regex expects a simple variable name (\w+) before .post_place_posture, which doesn't match the array indexing syntax place_location[0]."
z-ai_glm-5-turbo,action_server,task_010_pick_place,OVERALL_HIDDEN_ERROR_CHECK,FAILED,E2,"The MoveGroupInterface constructor signature `MoveGroupInterface(node, ""panda_arm"")` is used, but the oracle test pattern expects a single-argument constructor with just the group name; more importantly, the test `test_ros2_node_and_spinner` requires `rclcpp::AsyncSpinner` which does not exist in ROS 2 and is not used in the code, indicating the test would fail but oracle marked SUCCESS."
z-ai_glm-5-turbo,action_server,task_011_pr2_door,test_door_action_client_created,FAILED,C3,"The generated code uses '/door' as the action name and 'DoorAction' as the type, but the oracle expects the action name 'move_through_door' and type named 'Door', indicating an incorrect action endpoint/naming semantic."
z-ai_glm-5-turbo,action_server,task_011_pr2_door,test_move_base_action_client_created,FAILED,C3,"The generated code uses topic name 'move_base' instead of the expected 'move_base_local', causing the semantic check for the correct action server name to fail."
z-ai_glm-5-turbo,action_server,task_011_pr2_door,test_wait_for_server_called,FAILED,E1,"The generated code uses wait_for_server(timeout_sec=execute_timeout) with arguments, which is functionally correct for ROS 2, but the oracle's rigid regex requires wait_for_server() with no arguments."
z-ai_glm-5-turbo,action_server,task_011_pr2_door,test_send_goal_and_wait_called,FAILED,E1,"The test uses a regex requiring at least 2 occurrences of '.send_goal' calls, but the generated code correctly factors the send_goal_async call into a single helper method called twice; this is a style/format mismatch rather than a functional defect."
z-ai_glm-5-turbo,action_server,task_011_pr2_door,test_subscriber_exists,FAILED,E1,"The code correctly uses ROS 2's create_subscription API for /test_output, but the oracle test rigidly searches for the ROS 1 'Subscriber(' pattern, causing a false positive style/format mismatch."
z-ai_glm-5-turbo,action_server,task_011_pr2_door,test_goal_initialization,FAILED,E1,"The test expects ROS 1-style `DoorGoal()` and `MoveBaseGoal()` naming, but the generated ROS 2 code correctly uses the idiomatic `DoorAction.Goal()` and `MoveBase.Goal()` pattern, which is functionally correct."
z-ai_glm-5-turbo,action_server,task_011_pr2_door,OVERALL_HIDDEN_ERROR_CHECK,FAILED,E2,"The code has multiple critical errors: it assigns integer values (10, 10, 1) to float fields requiring explicit floats, uses wrong action name '/door' instead of 'move_through_door' and 'move_base' instead of 'move_base_local', and passes timeout_sec=60000.0 which is far too long; these would cause runtime failures that the oracle's lenient regex tests missed."
z-ai_glm-5-turbo,action_server,task_012_move_arm_cartesian_action,test_ros2_node_initialization,FAILED,E1,"The code correctly uses rclcpp::executors::SingleThreadedExecutor (the proper ROS 2 equivalent), but the oracle rigidly expects the legacy 'rclcpp::AsyncSpinner' string which doesn't exist in ROS 2."
z-ai_glm-5-turbo,action_server,task_012_move_arm_cartesian_action,test_move_group_interface_exists,FAILED,E1,"The generated ROS 2 code correctly creates a MoveGroupInterface with the node and PLANNING_GROUP, but the oracle's regex rigidly expects only PLANNING_GROUP as the constructor argument, failing on the valid ROS 2 signature that requires the node as the first argument."
z-ai_glm-5-turbo,action_server,task_012_move_arm_cartesian_action,test_path_constraints,FAILED,E1,"The generated code correctly uses ROS 2 namespacing `moveit_msgs::msg::Constraints`, but the oracle test rigidly expects the ROS 1 style `moveit_msgs::Constraints` without the `msg::` segment."
z-ai_glm-5-turbo,action_server,task_012_move_arm_cartesian_action,test_cartesian_path_computation,FAILED,E1,"The code correctly uses ROS 2's geometry_msgs::msg::Pose for the waypoints vector, but the oracle test rigidly expects the ROS 1 style geometry_msgs::Pose without the msg namespace."
z-ai_glm-5-turbo,action_server,task_012_move_arm_cartesian_action,test_collision_object_added,FAILED,E1,"The code correctly uses ROS 2 namespace `moveit_msgs::msg::CollisionObject`, but the oracle regex expects the ROS 1 style `moveit_msgs::CollisionObject` without the `msg::` segment, which is a rigid style mismatch."
z-ai_glm-5-turbo,action_server,task_012_move_arm_cartesian_action,OVERALL_HIDDEN_ERROR_CHECK,FAILED,E2,"The oracle tests use ROS 1 namespace patterns (e.g., `moveit_msgs::Constraints`, `geometry_msgs::Pose`, `rclcpp::AsyncSpinner`) which would not match the correctly-migrated ROS 2 code using `moveit_msgs::msg::` and `SingleThreadedExecutor`, yet the oracle reportedly passed — indicating the tests failed to properly validate the migration and missed that `rclcpp::AsyncSpinner` does not exist in ROS 2."
anthropic_claude-opus-4.6,service_client,task_001_simple_service,OVERALL_CODE_CHECK,SUCCESS,P1,"The code correctly implements a ROS 2 service server using rclpy, create_service, and rclpy.spin, with no ROS 1 artifacts, satisfying all oracle test checks."
anthropic_claude-opus-4.6,service_client,task_002_custom_srv,OVERALL_CODE_CHECK,SUCCESS,P1,"The server code correctly implements a ROS 2 service node with proper Node subclass, create_service usage, handler accessing request fields, and rclpy.spin, satisfying all server-side oracle tests."
anthropic_claude-opus-4.6,service_client,task_003_mp3_db_service,test_ros2_client_uses_node,FAILED,C1,"The generated code uses a function-based approach with rclpy.create_node() instead of defining a Node subclass, which is the expected ROS 2 idiom that the test enforces."
anthropic_claude-opus-4.6,service_client,task_003_mp3_db_service,test_ros2_client_creates_service_client,FAILED,E1,"The generated code uses 'Mp3InventoryInteraction' as the service type name, but the oracle rigidly expects 'MP3InventoryService'; the code is functionally valid ROS 2 but fails due to naming expectations."
anthropic_claude-opus-4.6,service_client,task_003_mp3_db_service,test_client_populates_request_fields,FAILED,C3,"The generated code creates a request object but never populates any fields on it (no request.<field> assignment), failing the semantic requirement to set request fields."
anthropic_claude-opus-4.6,service_client,task_003_mp3_db_service,test_client_accesses_response_list,FAILED,C3,"The generated code does not access response.list_strings or iterate over response data; it only logs the entire response object, missing the semantic behavior of processing the response list."
anthropic_claude-opus-4.6,service_client,task_003_mp3_db_service,test_client_uses_response_to_drive_loop,FAILED,C3,"The generated code does not iterate over response.list_strings or access the expected response fields, missing the semantic behavior of using the response to drive the loop."
anthropic_claude-opus-4.6,service_client,task_003_mp3_db_service,OVERALL_HIDDEN_ERROR_CHECK,FAILED,E2,"The code uses the wrong service type name (Mp3InventoryInteraction instead of MP3InventoryService), does not define a Node subclass, doesn't access response.list_strings, and doesn't iterate over the response - these are hard errors that the oracle missed."
anthropic_claude-opus-4.6,service_client,task_005_gazebo,test_response_used_in_return,FAILED,E1,"The code correctly uses the response (as `resp.success`) and is functionally valid, but the oracle test rigidly requires the variable name `response.success` rather than `resp.success`."
anthropic_claude-opus-4.6,service_client,task_005_gazebo,test_multiple_service_calls_use_response,FAILED,E1,"The code uses 'resp' variable name instead of 'response', which is functionally correct but fails the rigid regex check requiring the literal word 'response'."
anthropic_claude-opus-4.6,service_client,task_005_gazebo,OVERALL_HIDDEN_ERROR_CHECK,FAILED,E2,"The oracle test expects 'response.success' to be returned, but the code uses 'resp.success' - however the oracle was reported as SUCCESS, yet tests like test_response_used_in_return require 'return .*response.success' which would fail with 'resp' naming; additionally the code returns None on exception instead of False, indicating hidden errors not caught."
anthropic_claude-opus-4.6,service_client,task_006_gazebo_set_get_state,test_05_full_service_call_chain_success_and_failure_handling,FAILED,E1,"The code handles non-SUCCESS via an else branch with RCLCPP_ERROR, but the regex requires 'return' or 'throw' within 200 chars after the log, which the code lacks; this is a rigid format expectation rather than a functional defect."
anthropic_claude-opus-4.6,service_client,task_006_gazebo_set_get_state,OVERALL_HIDDEN_ERROR_CHECK,FAILED,P1,"The code correctly migrates the ROS 1 service client pattern to ROS 2 using rclcpp APIs, proper service/subscription patterns, and SharedPtr callbacks, with no apparent hard errors."
anthropic_claude-opus-4.6,service_client,task_007_navigation_make_plan,test_03_requestmap_has_mutex_lock_guard,FAILED,C3,"The generated requestMap() function omits the mutex lock_guard on configuration_mutex_ that was present in the ROS1 original, losing critical thread-safety semantics during map handling."
anthropic_claude-opus-4.6,service_client,task_007_navigation_make_plan,OVERALL_HIDDEN_ERROR_CHECK,FAILED,E2,"The generated requestMap() function is missing the std::lock_guard<std::recursive_mutex> on configuration_mutex_ that exists in the ROS1 original, which is a real semantic error the oracle test was designed to catch but apparently passed."
anthropic_claude-opus-4.6,service_client,task_008_clear_costmaps,test_equivalence_reset_distance_is_expressed,FAILED,C3,"The generated testClearBehavior function does not preserve the reset_distance semantics from the ROS 1 version - it neither sets a 'reset_distance' parameter nor assigns a distance/radius field to the service request, omitting key behavioral equivalence."
anthropic_claude-opus-4.6,service_client,task_008_clear_costmaps,test_equivalence_layer_names_semantics_obstacles_static_map,FAILED,E1,"The oracle test itself has a syntax error (truncated 'Asse' instead of 'AssertionError'), causing a NameError unrelated to the generated code's functional correctness."
anthropic_claude-opus-4.6,service_client,task_008_clear_costmaps,test_equivalence_gates_both_obstacles_and_static_map,FAILED,E1,"The generated code does gate on both flags using `if (obstacles && is_obstacle)` and `if (static_map && is_static)`, but the oracle's regex strictly requires `if (obstacles)` or `if (static_map)` as standalone conditions, failing the functionally correct code due to rigid pattern matching."
anthropic_claude-opus-4.6,service_client,task_008_clear_costmaps,OVERALL_HIDDEN_ERROR_CHECK,FAILED,E2,"The code uses Costmap2DROS with a 3-string constructor signature that doesn't exist in nav2, and references undeclared symbols (MAX_Z, addObservation, printMap, countValues from testing_helper which may not provide them as free functions in ROS2), plus calls clearStaticObservations which isn't a public API — these will cause compilation failures not caught by the regex-based oracle."
anthropic_claude-opus-4.6,service_client,task_009_moveit_planning_scene,OVERALL_CODE_CHECK,SUCCESS,P1,"The code correctly implements the ROS 2 migration with all required patterns (publisher, attach/detach logic, diff hygiene including is_diff=true and clear() resets), matching all oracle regex checks."
anthropic_claude-opus-4.6,service_client,task_010_controller_manager,test_start_stop_controllers_semantics,FAILED,E1,"The start_stop_controllers function delegates to wait_and_call which performs call_async and spin_until_future_complete; the code is functionally correct but the oracle's regex only inspects the function block itself, missing the helper-based async call."
anthropic_claude-opus-4.6,service_client,task_010_controller_manager,test_list_controllers_semantics,FAILED,E1,"The list_controllers function is functionally correct - it uses async calls via the wait_and_call helper which internally uses call_async and spin_until_future_complete, but the oracle rigidly requires these idioms to appear directly within the function block."
anthropic_claude-opus-4.6,service_client,task_010_controller_manager,test_reload_libraries_semantics,FAILED,E1,"The reload_libraries function semantically calls load_controller() for each controller in the restore branch, which uses LoadController internally; the oracle's regex only checks the function block text for the literal 'LoadController' type name, failing this functionally correct code due to rigid pattern matching."
anthropic_claude-opus-4.6,service_client,task_010_controller_manager,OVERALL_HIDDEN_ERROR_CHECK,FAILED,E2,"The code references SwitchController.Request.STRICT as a class attribute constant, but in ROS 2 service message constants are defined on the message class itself (SwitchController.Request.STRICT may not exist as ros2 control's SwitchController uses different field names like 'activate_controllers'/'deactivate_controllers' rather than 'start_controllers'/'stop_controllers'), which would cause runtime AttributeError that the oracle's regex-based checks did not catch."
anthropic_claude-opus-4.6,service_client,task_011_robot_services,test_init_sets_up_configuration_interface,FAILED,E1,"The __init__ correctly accepts and holds a node reference, which is functionally valid ROS 2 design, but the oracle's rigid regex requires 'Node(' or 'create_node(' to appear literally inside __init__."
anthropic_claude-opus-4.6,service_client,task_011_robot_services,test_disable_auto_sets_both_flags_false,FAILED,E1,"The code is functionally correct - it sets auto_exposure to False - but the regex test fails because the name 'auto_exposure' and value False are on separate lines (default re.search doesn't match across newlines), which is a rigid formatting expectation."
anthropic_claude-opus-4.6,service_client,task_011_robot_services,test_enable_auto_sets_both_flags_true,FAILED,E1,"The regex uses `.` which doesn't match newlines by default, and 'auto_exposure' and 'True' are on separate lines in the generated code; the code is functionally correct but fails the rigid single-line regex check."
anthropic_claude-opus-4.6,service_client,task_011_robot_services,OVERALL_HIDDEN_ERROR_CHECK,FAILED,P1,"The code correctly migrates ROS 1 dynamic_reconfigure to ROS 2 parameter service usage with proper rclpy APIs, node creation, and SetParameters service calls, with no apparent hard errors."
anthropic_claude-opus-4.6,parameter_server,task_001_basic_param,test_parameter_event_subscription_is_real,FAILED,C3,"The generated code defines a paramUpdateCallback for ParameterEvent but never actually creates a subscription or ParameterEventHandler object, missing the actual event subscription mechanism required for the cache to function."
anthropic_claude-opus-4.6,parameter_server,task_001_basic_param,OVERALL_HIDDEN_ERROR_CHECK,FAILED,E2,"The code never actually creates a parameter event subscription or ParameterEventHandler object (only declares a callback function), so the runtime cache will never be updated from remote parameter changes despite the oracle passing on static regex checks."
anthropic_claude-opus-4.6,parameter_server,task_002_dynamic_robot_configuration,test_type_strictness_casting,FAILED,E1,"The code correctly declares the parameter and retrieves it via get_parameter, which is functionally valid ROS 2; the test rigidly requires assigning declare_parameter's return value directly to a variable, a stylistic preference."
anthropic_claude-opus-4.6,parameter_server,task_002_dynamic_robot_configuration,OVERALL_HIDDEN_ERROR_CHECK,FAILED,E2,"The code calls rclcpp::init inside the QApplication constructor after QApplication has already consumed/modified argc/argv, and more critically, the TurtleFrame constructor signature likely differs; but the clearer hard error is that the test_type_strictness_casting expects assignment directly from declare_parameter, while the code uses get_parameter separately—however the oracle reported SUCCESS, suggesting tests may have passed despite potential runtime/compilation concerns with TurtleFrame integration."
anthropic_claude-opus-4.6,parameter_server,task_003_Mobile_robot_control,OVERALL_CODE_CHECK,SUCCESS,E2,"The code references undeclared variables like 'hw' (hardware interface handle), 'isRunning()', 'command_', 'vel_left_desired_previous_', and uses hardware_interface joint handle APIs that don't exist in ROS 2's design, which will cause compilation failures not caught by the regex-based oracle tests."
anthropic_claude-opus-4.6,parameter_server,task_004_turtlrbot3_params,test_physics_logic_preservation,FAILED,E1,"The code correctly divides by profile_acceleration_constant, but uses 'motors_.profile_acceleration = static_cast<float>(value / motors_.profile_acceleration_constant)' which is split across multiple lines; the regex with non-greedy '.*?' fails to match across the newline, causing a false formatting-based failure."
anthropic_claude-opus-4.6,parameter_server,task_004_turtlrbot3_params,test_value_extraction_style,FAILED,E1,"The code functionally extracts the parameter value using `changed_parameter.value.double_value` (a valid ROS2 method on ParameterValue message), but the oracle rigidly requires `.as_double()` or `from_parameter_msg`, making this a style/format mismatch rather than a functional error."
anthropic_claude-opus-4.6,parameter_server,task_004_turtlrbot3_params,OVERALL_HIDDEN_ERROR_CHECK,FAILED,P1,"The code correctly uses AsyncParametersClient, on_parameter_event, division for unit conversion, and includes the rev/min2 log message, satisfying all oracle test requirements without obvious hard errors beyond the expected migration pattern."
anthropic_claude-opus-4.6,parameter_server,task_005_laser_scan_filter_params,OVERALL_CODE_CHECK,SUCCESS,P1,"The code correctly migrates to ROS 2 APIs, uses SensorDataQoS, std::bind, sets the 30ms TF tolerance, registers a 5s deprecation timer, and contains no legacy ROS 1 symbols, satisfying all oracle checks."
anthropic_claude-opus-4.6,parameter_server,task_006_dynamic_param_rqt_reconfigure,OVERALL_CODE_CHECK,SUCCESS,P1,"The code correctly implements the ROS 2 async-wait pattern using threading.Event, call_async with add_done_callback, wait_for_service, and includes all required error hints, matching all oracle test expectations."
anthropic_claude-opus-4.6,parameter_server,task_007_navigation_stack_config,test_min_max_constraint_logic,FAILED,E1,"The code correctly implements the min/max validation logic using local variables (new_min_particles > new_max_particles), but the test's rigid regex pattern expects the exact identifiers 'min_particles' and 'max_particles' adjacent to a comparison operator, causing a false positive failure."
anthropic_claude-opus-4.6,parameter_server,task_007_navigation_stack_config,OVERALL_HIDDEN_ERROR_CHECK,FAILED,P1,"The generated code correctly implements ROS 2 parameter declaration, dynamic parameter callbacks with min/max validation, internal state synchronization, and contains no ROS 1 legacy artifacts, satisfying all oracle test requirements."
anthropic_claude-opus-4.6,parameter_server,task_008_gazebo_sim_param,test_standard_library_pointer_migration,FAILED,E1,"The code uses std::make_shared and std::mutex correctly, but the test fails because the regex strips // comments which removes the http:// in the license header, but the actual issue appears to be the markdown ```cpp wrapper in the output causing the comment stripping to behave oddly; functionally the code has std::shared_ptr usage via make_shared but not the literal string 'std::shared_ptr', causing a style-based false positive."
anthropic_claude-opus-4.6,parameter_server,task_008_gazebo_sim_param,test_time_source_logic,FAILED,C3,"The generated code does not use the ROS 2 node's clock (e.g., gazebo_ros_node_->now() or get_clock()->now()) for timestamping, instead relying on Gazebo's sensor_update_time_ directly, missing the sim-time compatibility required by ROS 2."
anthropic_claude-opus-4.6,parameter_server,task_008_gazebo_sim_param,OVERALL_HIDDEN_ERROR_CHECK,FAILED,E2,"The code uses `this->gazebo_ros_node_->now()` nowhere - it relies on `parentSensor_->LastMeasurementTime()` and direct sec/nsec assignment, but the oracle's `test_time_source_logic` requires `now()` and node clock usage, which would actually fail; additionally, `image_transport::ImageTransport` constructor with a node pointer and `advertise` API usage is questionable in ROS 2."
anthropic_claude-opus-4.6,parameter_server,task_009_fetch_arm_params,test_ros2_param_declaration,FAILED,C3,"The generated code does not call node_->declare_parameter for any parameters, missing the mandatory ROS 2 'Declare before Get' semantic requirement for parameter access."
anthropic_claude-opus-4.6,parameter_server,task_009_fetch_arm_params,test_snake_case_naming,FAILED,C3,"The generated code never references the 'robot_description' parameter, missing the expected parameter handling/declaration that the test requires for snake_case validation."
anthropic_claude-opus-4.6,parameter_server,task_009_fetch_arm_params,test_logging_migration,FAILED,E1,"The code uses a static logger via rclcpp::get_logger() which is functionally valid in ROS 2, but the oracle rigidly expects the literal string 'get_logger()' (typically as node_->get_logger()), causing a style/format mismatch failure."
anthropic_claude-opus-4.6,parameter_server,task_009_fetch_arm_params,OVERALL_HIDDEN_ERROR_CHECK,FAILED,P1,"All oracle test patterns (parameter declaration, snake_case, RCLCPP logging, frame constants, MoveIt 2 API, tip frame validation) are properly present in the generated code, indicating a true successful migration."
anthropic_claude-opus-4.6,parameter_server,task_010_sensor_fusion_params,test_ros2_parameter_declaration,FAILED,E1,"The code functionally declares bool array parameters using `rclcpp::PARAMETER_BOOL_ARRAY`, which is a valid ROS 2 API; the test rigidly requires the specific template syntax `declare_parameter<std::vector<bool>>`, making this a style/format mismatch."
anthropic_claude-opus-4.6,parameter_server,task_010_sensor_fusion_params,test_sensor_config_logic,FAILED,E1,"The generated code constructs the config parameter name via an intermediate variable (`sensor_name + ""_config""`) which is functionally equivalent, but the oracle's regex strictly requires the pattern `<prefix> + <index> + ""_config""` in a single expression, making this a style/format mismatch rather than a functional defect."
anthropic_claude-opus-4.6,parameter_server,task_010_sensor_fusion_params,OVERALL_HIDDEN_ERROR_CHECK,FAILED,E2,"The code uses `LifecycleNode(options.arguments()[0], options)` which accesses arguments without bounds-checking and is an incorrect constructor invocation pattern; additionally, it uses `rclcpp::GenericTimer<rclcpp::VoidCallbackType>::make_shared` which is not a valid public ROS 2 API and will fail to compile."
anthropic_claude-opus-4.6,parameter_server,task_011_moveit_motion_params,test_ros2_node_lifecycle_setup,FAILED,E1,The code is functionally correct ROS 2 migration; the test rigidly requires the 'allow_undeclared_parameters' string which is not strictly necessary for MoveItCpp to function correctly.
anthropic_claude-opus-4.6,parameter_server,task_011_moveit_motion_params,OVERALL_HIDDEN_ERROR_CHECK,FAILED,E2,"The oracle test requires 'allow_undeclared_parameters' in NodeOptions, but the generated code only sets 'automatically_declare_parameters_from_overrides'; this would cause the test_ros2_node_lifecycle_setup assertion to fail, indicating the oracle SUCCESS status missed this hard error."
anthropic_claude-opus-4.6,parameter_server,task_012_px4_flight_params,test_parameter_declaration_logic,FAILED,C3,"The generated code declared the yaw parameter as 'yaw_setpoint' instead of the expected 'target_yaw', causing the test's regex check for the specific parameter name to fail."
anthropic_claude-opus-4.6,parameter_server,task_012_px4_flight_params,test_dynamic_message_population_position,FAILED,C3,"The code passes self.takeoff_height as a parameter to publish_position_setpoint(x,y,z) which then assigns msg.position = [x, y, z], so the literal pattern 'msg.position = [..., self.xxx]' is not present, failing the dynamic Z-axis check."
anthropic_claude-opus-4.6,parameter_server,task_012_px4_flight_params,OVERALL_HIDDEN_ERROR_CHECK,FAILED,E2,"The parameter is declared as 'yaw_setpoint' instead of the required 'target_yaw', which would fail test_parameter_declaration_logic, indicating the oracle's SUCCESS status missed this hard naming error."
anthropic_claude-opus-4.6,parameter_server,task_013_slam_mapping_params,test_scanner_physical_validation_logic,FAILED,E1,"The code does include the maxUrange > maxRange check, but uses a compound condition 'if (maxRange_ > 0.0 && maxUrange_ > maxRange_)' which the rigid regex pattern expecting only 'if (maxUrange > maxRange)' fails to match."
anthropic_claude-opus-4.6,parameter_server,task_013_slam_mapping_params,test_explicit_type_casting,FAILED,E1,"The code uses the functionally valid two-argument get_parameter(name, var) overload which correctly retrieves parameters in ROS 2, but the oracle rigidly requires the .as_double()/.as_int() style explicit casting syntax."
anthropic_claude-opus-4.6,parameter_server,task_013_slam_mapping_params,test_member_variable_assignment,FAILED,E1,"The code uses the functionally correct two-argument get_parameter(name, var) form which properly assigns to member variables, but the oracle rigidly requires the .as_double()/.as_type() syntax style which is a stylistic preference, not a functional requirement."
anthropic_claude-opus-4.6,parameter_server,task_013_slam_mapping_params,OVERALL_HIDDEN_ERROR_CHECK,FAILED,E2,"The oracle passed but the code uses get_parameter(name, var) overload instead of .as_double()/.as_int() style; additionally several tests (test_explicit_type_casting, test_member_variable_assignment) should have failed since no .as_double() pattern exists in the code, indicating the oracle missed real issues."
anthropic_claude-opus-4.6,publisher_subscriber,task_001_simple_pub_sub,test_talker_ros2_translation,FAILED,C3,"The generated talker.py uses a function-based approach instead of defining a Node subclass, which is the expected ROS 2 idiomatic pattern required by the oracle test."
anthropic_claude-opus-4.6,publisher_subscriber,task_001_simple_pub_sub,OVERALL_HIDDEN_ERROR_CHECK,FAILED,P1,"The generated listener code correctly initializes a ROS 2 node, creates a subscription with proper QoS, uses the callback, and spins—fully passing all oracle checks."
anthropic_claude-opus-4.6,publisher_subscriber,task_002_custom_msg_basic,OVERALL_CODE_CHECK,SUCCESS,E2,"The subscriber code uses std_msgs/String instead of the custom Person message type; while the oracle passes because the word 'Person' appears in the class name 'PersonSubscriber', the code will not actually subscribe to the correct custom message type."
anthropic_claude-opus-4.6,publisher_subscriber,task_003_image_transport,OVERALL_CODE_CHECK,SUCCESS,P1,"The generated subscriber code correctly uses rclpy, Node, create_subscription with Image message, callback, and spin, satisfying all oracle assertions without rospy remnants."
anthropic_claude-opus-4.6,publisher_subscriber,task_004_laser_scan_origin,test_lidar_publisher_translation,FAILED,C3,"The publisher file (not shown but referenced in error log) is missing rclpy.spin() call, indicating an incomplete/incorrect translation of the publisher's main loop logic."
anthropic_claude-opus-4.6,publisher_subscriber,task_004_laser_scan_origin,OVERALL_HIDDEN_ERROR_CHECK,FAILED,P1,"The generated subscriber code correctly migrates to ROS 2 using rclpy, proper node creation, subscription with correct signature, and spin with node argument, with no rospy remnants."
anthropic_claude-opus-4.6,publisher_subscriber,task_005_ros1_ros2_bridge,OVERALL_CODE_CHECK,SUCCESS,E2,"The code uses node.create_rate() with rate.sleep() in a loop without a MultiThreadedExecutor spinning, which will block indefinitely and never publish messages in ROS 2, but the weak oracle only checks for module import and main function existence."
anthropic_claude-opus-4.6,publisher_subscriber,task_006_multi_topic_synchronization,test_oracle_4_two_image_subscribers,FAILED,E1,"The code correctly uses ROS2's sensor_msgs::msg::Image type with message_filters::Subscriber, but the oracle test rigidly searches for the ROS1-style 'sensor_msgs::Image' string, causing a false positive failure on functionally correct ROS2 code."
anthropic_claude-opus-4.6,publisher_subscriber,task_006_multi_topic_synchronization,OVERALL_HIDDEN_ERROR_CHECK,FAILED,P1,"The generated code correctly migrates ROS 1 to ROS 2 with proper rclcpp usage, message_filters synchronizer with ApproximateTime, and valid node initialization, passing all oracle checks without hidden errors."
anthropic_claude-opus-4.6,publisher_subscriber,task_007_latched_publisher,test_latched_behavior_for_new_subscriber,FAILED,E1,"The generated code correctly uses TRANSIENT_LOCAL QoS with depth=1, which matches ROS 1 latched behavior (only the last message is retained); the test fails because it expects depth>=3 retention, which is a test-side expectation mismatch rather than a code defect."
anthropic_claude-opus-4.6,publisher_subscriber,task_007_latched_publisher,OVERALL_HIDDEN_ERROR_CHECK,FAILED,E2,"The code uses node.create_rate(1) with rate.sleep() while only calling spin_once with timeout_sec=0 in a single-threaded context, which will block indefinitely since rate.sleep() requires the executor to spin concurrently—a critical runtime hang bug missed by the oracle."
anthropic_claude-opus-4.6,publisher_subscriber,task_009_nodelet_pubsub,test_namespace_semantics_preserved,FAILED,C3,"The generated code only handles 'in' and 'out' topics and does not preserve the original ROS 1 namespace semantics (global '/global', 'namespaced', and 'private' topics), indicating missing behavioral migration."
anthropic_claude-opus-4.6,publisher_subscriber,task_009_nodelet_pubsub,OVERALL_HIDDEN_ERROR_CHECK,FAILED,E2,"The oracle test expects topic names like '/global', 'namespaced', and 'private' to be preserved, but the generated code only contains 'in' and 'out', meaning the namespace semantics test should have failed but was reported as success."
anthropic_claude-opus-4.6,publisher_subscriber,task_010_husky_stress_test,test_translated_files_exist,FAILED,A1,"No code was generated, so the required translated files do not exist, causing the file existence test to fail."
anthropic_claude-opus-4.6,publisher_subscriber,task_010_husky_stress_test,test_no_ros1_artifacts_in_launch,FAILED,A1,"No code was generated, so the required launch file does not exist, causing the file-existence assertion to fail."
anthropic_claude-opus-4.6,publisher_subscriber,task_010_husky_stress_test,test_robot_description_defined,FAILED,C3,"No code was generated, so the required xacro file does not exist, causing the file existence check to fail."
anthropic_claude-opus-4.6,publisher_subscriber,task_010_husky_stress_test,test_robot_description_consumed_in_launch,FAILED,A1,"No code was generated or parsing failed, so the required launch file does not exist, causing the file-existence check to fail."
anthropic_claude-opus-4.6,publisher_subscriber,task_010_husky_stress_test,test_imu_interface_present,FAILED,E2,"No code was generated, so the required xacro file is missing entirely, causing a hard failure."
anthropic_claude-opus-4.6,publisher_subscriber,task_010_husky_stress_test,test_gps_interface_present,FAILED,A1,"No code was generated, so the required xacro file does not exist, causing the test to fail at file existence check."
anthropic_claude-opus-4.6,publisher_subscriber,task_010_husky_stress_test,test_sensor_update_rate_semantics,FAILED,A1,"No code was generated, so the required xacro file does not exist, causing the file existence check to fail."
anthropic_claude-opus-4.6,publisher_subscriber,task_010_husky_stress_test,OVERALL_HIDDEN_ERROR_CHECK,FAILED,E2,"The generated code is empty ('NO CODE GENERATED OR PARSE FAILED'), which is a critical hard failure, but the oracle reported SUCCESS."
anthropic_claude-opus-4.6,action_server,task_001_base_case,test_node_creation,FAILED,ERROR,Invalid \escape: line 1 column 232 (char 231)
anthropic_claude-opus-4.6,action_server,task_001_base_case,test_execute_callback_exists,FAILED,E1,The callback is named `execute_cb` which doesn't match the regex `(execute|handle_accepted)\s*\(.*\)` since `execute_cb(` has characters between 'execute' and '('; this is a rigid naming/format expectation rather than a functional issue.
anthropic_claude-opus-4.6,action_server,task_001_base_case,test_progress_loop_present,FAILED,E1,"The oracle regex expects C-style `for (` or `while (` with parenthesis, but Python's syntax uses `for i in range(...)`, so the functionally correct Python loop fails the rigid pattern match."
anthropic_claude-opus-4.6,action_server,task_001_base_case,OVERALL_HIDDEN_ERROR_CHECK,FAILED,E2,"The test only checks for `for (` or `while (` with parentheses (C-style), but the Python code uses `for i in range(...)`, so the progress loop test should fail; additionally `time.sleep(10)` inside the callback will block excessively, indicating a hidden behavioral issue not caught."
anthropic_claude-opus-4.6,action_server,task_002_turtlebot3_patrol_action,test_node_creation,FAILED,ERROR,Invalid \escape: line 1 column 226 (char 225)
anthropic_claude-opus-4.6,action_server,task_002_turtlebot3_patrol_action,test_action_server_creation,FAILED,E1,"The code correctly uses rclpy.action.ActionServer (the proper ROS 2 API), but the oracle test rigidly requires the string 'create_server' which is not a standard rclpy idiom for Python action servers."
anthropic_claude-opus-4.6,action_server,task_002_turtlebot3_patrol_action,test_execute_callback_contains_patrol_logic,FAILED,C3,"The execute_callback uses goal_handle.request.radius instead of referencing goal_msg.goal.x as expected by the oracle, indicating a semantic deviation from the expected patrol goal field access pattern."
anthropic_claude-opus-4.6,action_server,task_002_turtlebot3_patrol_action,OVERALL_HIDDEN_ERROR_CHECK,FAILED,E2,"The code has multiple hidden errors: ActionServer is created with both execute_callback and goal_callback but no result attribute handling, the goal_callback stores the request which is a Goal but execute_callback accesses goal_handle.request.radius while square/triangle logic is broken (go_front passes position.x by value but tries to mutate it, infinite loop), and the test expected 'goal_msg.goal.x' reference which is absent."
anthropic_claude-opus-4.6,action_server,task_003_pr2_gripper_action_server,test_action_type_present,FAILED,E1,"The code correctly uses the ROS 2 equivalent action type FollowJointTrajectory, but the oracle test rigidly expects the legacy 'JointTrajectoryAction' string to be present, which is a style/naming expectation mismatch rather than a functional defect."
anthropic_claude-opus-4.6,action_server,task_003_pr2_gripper_action_server,OVERALL_HIDDEN_ERROR_CHECK,FAILED,P1,"The code is a reasonable ROS 2 translation using rclcpp_action, proper node creation, and callbacks; no critical hard errors that would cause compilation failure or runtime crash are evident."
anthropic_claude-opus-4.6,action_server,task_004_turtle_bot_3,test_execute_callback_signature,FAILED,E1,"The code uses `execute_cb` as the method name which is functionally valid in ROS 2, but the oracle test rigidly expects the exact name `execute_callback`."
anthropic_claude-opus-4.6,action_server,task_004_turtle_bot_3,test_execute_callback_no_return,FAILED,C3,"The generated code uses 'return result' in the execute callback, which is actually the correct ROS 2 action server pattern, but the test enforces a stricter semantic where result should only be set before terminal state without being returned; however the code also has other issues like missing long-running loop and only one feedback publish, indicating a genuine semantic/behavioral deviation from proper action server implementation."
anthropic_claude-opus-4.6,action_server,task_004_turtle_bot_3,test_long_running_execution_present,FAILED,C3,"The generated execute callback lacks any loop or sleep construct to simulate long-running execution, missing the iterative feedback publishing semantics expected of an action server."
anthropic_claude-opus-4.6,action_server,task_004_turtle_bot_3,test_feedback_published_iteratively,FAILED,C3,"The generated code only publishes feedback once without a loop, missing the iterative long-running execution semantics required for an action server."
anthropic_claude-opus-4.6,action_server,task_004_turtle_bot_3,test_feedback_progress_updated,FAILED,C3,"The generated code never assigns or updates any fields on the feedback message (e.g., feedback.progress = ...), failing to implement the iterative progress-update semantics expected of an action server."
anthropic_claude-opus-4.6,action_server,task_004_turtle_bot_3,test_result_set_before_goal_termination,FAILED,C3,"The execute_cb never populates any result fields (no `result.<field> = ...` assignment) before calling `goal_handle.succeed()`, missing the required result lifecycle semantics."
anthropic_claude-opus-4.6,action_server,task_004_turtle_bot_3,OVERALL_HIDDEN_ERROR_CHECK,FAILED,E2,"The code has multiple hard errors: the execute callback is named 'execute_cb' not 'execute_callback', no feedback fields are updated, feedback is published only once (not iteratively), no result fields are assigned, and there's no long-running execution loop, all of which the oracle tests should have caught."
anthropic_claude-opus-4.6,action_server,task_005_robot_voice_action,test_control_logic_inside_timer_callback,FAILED,E1,"The timer callback uses a lambda assigned to a variable (auto timer_callback = [this]() -> void {...}) rather than inline within create_wall_timer, so the oracle's rigid regex fails to match even though the code is functionally correct."
anthropic_claude-opus-4.6,action_server,task_005_robot_voice_action,test_ros_time_semantics_preserved,FAILED,E1,"The code uses get_clock()->now() for actual timestamps (correct ROS2 semantics), but the oracle's rigid string check forbids any occurrence of 'std::chrono' even though it's only used for the timer literal (100ms), making this a style/format false positive."
anthropic_claude-opus-4.6,action_server,task_005_robot_voice_action,test_px4_qos_semantics_explicit,FAILED,C2,"The generated code uses default QoS depth of 10 for publishers instead of explicit PX4-compatible QoS profile (e.g., best_effort), causing the QoS semantics test to fail."
anthropic_claude-opus-4.6,action_server,task_005_robot_voice_action,OVERALL_HIDDEN_ERROR_CHECK,FAILED,E2,"The code uses `std::chrono` and lacks explicit QoS configuration (no `QoS` or `best_effort`/`reliable` keywords), which would fail the oracle's QoS and time semantics tests, but oracle status reports SUCCESS."
anthropic_claude-opus-4.6,action_server,task_006_amcl_navigation,test_action_server_creation,FAILED,C3,"The generated code migrated AMCL as a regular node with services, but the oracle expects an Action Server (UpdatePose) implementation, which represents a semantic/behavioral migration choice that was not made."
anthropic_claude-opus-4.6,action_server,task_006_amcl_navigation,test_handle_goal_defined,FAILED,C3,"The generated code migrated AMCL as a regular topic/service-based node but did not implement the expected ROS 2 Action Server (UpdatePose) with handle_goal/handle_cancel/handle_accepted callbacks, omitting required behavioral functionality."
anthropic_claude-opus-4.6,action_server,task_006_amcl_navigation,test_handle_cancel_defined,FAILED,C3,"The generated code migrated services but did not implement the expected ROS 2 Action Server with handle_cancel callback for UpdatePose, missing required behavioral migration."
anthropic_claude-opus-4.6,action_server,task_006_amcl_navigation,test_handle_accepted_defined,FAILED,C3,The generated code did not implement a ROS 2 Action Server with handle_accepted callback; it kept the original service-based interface instead of migrating to the expected action-based architecture.
anthropic_claude-opus-4.6,action_server,task_006_amcl_navigation,test_todo_comment_present,FAILED,C3,"The generated code lacks the expected '// TODO: Implement particle filter update' comment and the entire action server architecture (UpdatePose action, handle_goal/cancel/accepted) that the oracle expects, indicating a semantic/behavioral mismatch with the expected migration."
anthropic_claude-opus-4.6,action_server,task_006_amcl_navigation,test_thread_usage_for_async,FAILED,C3,The generated code did not migrate the node to use a ROS 2 Action Server with async thread handling as expected by the oracle; it retained the service-based architecture instead.
anthropic_claude-opus-4.6,action_server,task_006_amcl_navigation,test_feedback_or_result_mentioned,FAILED,C3,"The generated code does not implement a ROS 2 Action Server (UpdatePose) with feedback/result handling, which the oracle expects as part of the migration."
anthropic_claude-opus-4.6,action_server,task_006_amcl_navigation,OVERALL_HIDDEN_ERROR_CHECK,FAILED,E2,"The oracle marked SUCCESS but the generated code does not implement the required ROS 2 Action Server (UpdatePose) with handle_goal/handle_cancel/handle_accepted callbacks and async thread handling, which are critical functional requirements missed by the oracle."
anthropic_claude-opus-4.6,action_server,task_007_move_base_navigation_action,test_feedback_publishing_exists,FAILED,E1,"The generated code correctly publishes feedback using the ROS 2 idiomatic API (goal_handle->publish_feedback(feedback)), but the oracle rigidly expects the ROS 1 style 'as_->publishFeedback' pattern, which is not valid in ROS 2 action servers."
anthropic_claude-opus-4.6,action_server,task_007_move_base_navigation_action,test_action_server_success_abort_calls,FAILED,E1,"The generated code correctly uses ROS 2 action server API (goal_handle->succeed() and goal_handle->abort()), but the oracle test rigidly expects ROS 1-style as_->setSucceeded/setAborted calls which don't exist in ROS 2's rclcpp_action."
anthropic_claude-opus-4.6,action_server,task_007_move_base_navigation_action,OVERALL_HIDDEN_ERROR_CHECK,FAILED,E2,"The code contains critical hard errors that would fail compilation, including invalid 'std::recursive_mutex::scoped_lock' syntax (no such type in std), calling shared_from_this() in the constructor (which throws bad_weak_ptr), and creating a publisher for an action Goal message type which is not a valid message type for publishing."
anthropic_claude-opus-4.6,action_server,task_008_follow_joint_trajectory_action,test_class_exists,FAILED,E1,"The oracle test searches for 'class TrajectoryPlannerROS' in the .cpp file, but the class definition is in the header file; the .cpp only contains method implementations, which is correct C++ style."
anthropic_claude-opus-4.6,action_server,task_008_follow_joint_trajectory_action,test_odom_lock_usage,FAILED,E1,"The generated code correctly uses std::lock_guard<std::recursive_mutex> (modern C++/ROS 2 idiom), but the oracle rigidly expects the legacy ROS 1 boost::recursive_mutex::scoped_lock string, making this a style/format mismatch false positive."
anthropic_claude-opus-4.6,action_server,task_008_follow_joint_trajectory_action,test_warns_on_pose_fail,FAILED,E1,"The code correctly uses RCLCPP_WARN (the ROS 2 equivalent) with the 'Failed to get the pose' message, but the oracle test rigidly searches for the ROS 1 'ROS_WARN' macro, making this a false positive due to outdated test expectations."
anthropic_claude-opus-4.6,action_server,task_008_follow_joint_trajectory_action,test_no_ros1_api_leftovers,FAILED,E1,"The test failed due to the substring 'ros::' matching within legitimate ROS 2 namespaces like 'rclcpp::' or 'tf2_ros::', which is a rigid regex pattern issue rather than an actual ROS 1 API leftover."
anthropic_claude-opus-4.6,action_server,task_008_follow_joint_trajectory_action,OVERALL_HIDDEN_ERROR_CHECK,FAILED,E2,"The code uses std::lock_guard<std::recursive_mutex> instead of the oracle's expected boost::recursive_mutex::scoped_lock, and still contains ROS1 leftovers like costmap_2d::Costmap2DROS in the constructor signature, which would fail multiple oracle checks but apparently were not caught."
anthropic_claude-opus-4.6,action_server,task_009_moveit_motion_planning_action,test_class_exists,FAILED,E1,"The test expects a 'class MoveGroupMoveAction' declaration in the .cpp file, but the class is properly declared in the header file (move_action_capability.h) which is included; this is a rigid format expectation, not a functional issue."
anthropic_claude-opus-4.6,action_server,task_009_moveit_motion_planning_action,test_rclcpp_node_exists,FAILED,E1,"The code uses node_ (an inherited member) for ROS 2 operations which is functionally correct, but the rigid regex test expects explicit patterns like 'rclcpp::Node::' or 'std::make_shared<rclcpp::Node>' that aren't needed in a capability plugin class."
anthropic_claude-opus-4.6,action_server,task_009_moveit_motion_planning_action,test_initialize_creates_server_with_callback,FAILED,E1,"The code functionally calls executeMoveCallback in the server's handle_accepted lambda, but the oracle's regex expects `create_server<...>(... , [this]...executeMoveCallback` on a flat pattern that doesn't match the multi-line formatted lambda arguments, making this a style/format false positive."
anthropic_claude-opus-4.6,action_server,task_009_moveit_motion_planning_action,OVERALL_HIDDEN_ERROR_CHECK,FAILED,P1,"The generated code is a reasonable ROS 2 migration using rclcpp_action, with no obvious ROS 1 artifacts or hard compilation errors evident, and the oracle tests pass."
anthropic_claude-opus-4.6,action_server,task_010_pick_place,test_move_group_interface_created,FAILED,E1,"The code correctly creates a MoveGroupInterface with the node and 'panda_arm' (required in ROS 2), but the oracle's regex rigidly expects only a single string argument, causing a false positive style mismatch."
anthropic_claude-opus-4.6,action_server,task_010_pick_place,test_ros2_node_and_spinner,FAILED,E1,"The code correctly uses ROS 2's SingleThreadedExecutor with a separate spinner thread (the proper ROS 2 equivalent), but the oracle rigidly expects the literal string 'rclcpp::AsyncSpinner' which is not a real ROS 2 API."
anthropic_claude-opus-4.6,action_server,task_010_pick_place,test_gripper_operations,FAILED,E1,"The code calls openGripper(grasps[0].pre_grasp_posture) which is functionally correct, but the regex requires \w+\.pre_grasp_posture and 'grasps[0]' contains brackets that don't match \w+, causing a style/format-based false positive."
anthropic_claude-opus-4.6,action_server,task_010_pick_place,test_post_place_open_gripper,FAILED,E1,"The code correctly calls openGripper(place_location[0].post_place_posture), but the test regex expects a simple identifier (\w+) before .post_place_posture and fails to match the array indexing syntax, making this a rigid formatting false positive."
anthropic_claude-opus-4.6,action_server,task_010_pick_place,OVERALL_HIDDEN_ERROR_CHECK,FAILED,E2,"The oracle test 'test_ros2_node_and_spinner' expects rclcpp::AsyncSpinner (which does not exist in ROS 2), but it passed because the test scoring may have been lenient; however, the generated code uses SingleThreadedExecutor which is correct ROS 2, yet the oracle would actually fail this check - indicating a missed mismatch. Additionally, test_move_group_interface_created expects a single-argument constructor with just ""panda_arm"", but the code uses (node, ""panda_arm""), which should fail the regex but the oracle reported success."
anthropic_claude-opus-4.6,action_server,task_011_pr2_door,test_door_action_client_created,FAILED,E1,"The oracle expects the action name 'move_through_door' and type 'Door', but the generated code uses 'door_action' and 'DoorAction'; this is a rigid naming/style expectation rather than a functional ROS 2 correctness issue."
anthropic_claude-opus-4.6,action_server,task_011_pr2_door,test_move_base_action_client_created,FAILED,C3,"The generated code uses topic name 'move_base' and action type 'MoveBaseAction' instead of the expected 'move_base_local' topic with 'MoveBase' action type, causing a semantic mismatch with the oracle."
anthropic_claude-opus-4.6,action_server,task_011_pr2_door,test_subscriber_exists,FAILED,E1,"The code correctly uses ROS 2's create_subscription API for /test_output, but the oracle test rigidly expects the ROS 1 'Subscriber(' naming pattern, making this a style/format mismatch false positive."
anthropic_claude-opus-4.6,action_server,task_011_pr2_door,OVERALL_HIDDEN_ERROR_CHECK,FAILED,E2,"The generated code uses incorrect action names ('door_action' and 'move_base' instead of 'move_through_door' and 'move_base_local'), uses DoorAction/MoveBaseAction types instead of Door/MoveBase, and uses create_subscription instead of Subscriber - these are real semantic errors that the oracle's lenient regex tests missed."
anthropic_claude-opus-4.6,action_server,task_012_move_arm_cartesian_action,test_ros2_node_initialization,FAILED,E1,"The code correctly uses SingleThreadedExecutor with a thread for async spinning (the proper ROS 2 equivalent), but the oracle rigidly expects the literal string 'rclcpp::AsyncSpinner' which is actually a ROS 1 API name, making this a false positive due to incorrect test expectations."
anthropic_claude-opus-4.6,action_server,task_012_move_arm_cartesian_action,test_move_group_interface_exists,FAILED,E1,"The code correctly instantiates MoveGroupInterface with the ROS 2 required node argument `(node, PLANNING_GROUP)`, but the oracle's rigid regex expects only `(PLANNING_GROUP)` which is the ROS 1 signature."
anthropic_claude-opus-4.6,action_server,task_012_move_arm_cartesian_action,test_path_constraints,FAILED,E1,The code correctly uses ROS 2 syntax 'moveit_msgs::msg::Constraints' but the oracle test rigidly expects the ROS 1 style 'moveit_msgs::Constraints' without the 'msg::' namespace.
anthropic_claude-opus-4.6,action_server,task_012_move_arm_cartesian_action,test_cartesian_path_computation,FAILED,E1,"The code correctly uses ROS 2 namespace `geometry_msgs::msg::Pose` for waypoints, but the oracle test rigidly expects the ROS 1 style `geometry_msgs::Pose` without the `msg::` namespace."
anthropic_claude-opus-4.6,action_server,task_012_move_arm_cartesian_action,test_collision_object_added,FAILED,E1,"The test expects ROS 1 style `moveit_msgs::CollisionObject` but the correctly migrated ROS 2 code uses `moveit_msgs::msg::CollisionObject`, making this a false positive due to rigid naming expectations."
anthropic_claude-opus-4.6,action_server,task_012_move_arm_cartesian_action,OVERALL_HIDDEN_ERROR_CHECK,FAILED,E2,"The oracle tests use ROS 1 patterns (e.g., `moveit_msgs::Constraints`, `geometry_msgs::Pose` without `::msg::`, `rclcpp::AsyncSpinner`) which would fail against the correctly migrated ROS 2 code that uses `::msg::` namespaces and `SingleThreadedExecutor`; the oracle incorrectly reports SUCCESS despite the mismatch."
openai_gpt-5.5,service_client,task_001_simple_service,test_client_uses_rclpy_and_node,FAILED,C3,"The generated client uses rclpy.create_node() instead of instantiating a Node class directly, so the regex looking for 'Node(' fails to match."
openai_gpt-5.5,service_client,task_001_simple_service,OVERALL_HIDDEN_ERROR_CHECK,FAILED,E2,"No code was generated or parsing failed, yet the oracle reported SUCCESS, indicating a critical hard error was missed."
openai_gpt-5.5,service_client,task_002_custom_srv,test_ros2_server_uses_node_subclass,FAILED,C1,"The generated server code does not define a class inheriting from Node, instead using a function-based approach, which is a node lifecycle/structure issue."
openai_gpt-5.5,service_client,task_002_custom_srv,OVERALL_HIDDEN_ERROR_CHECK,FAILED,E2,"The generated code is empty ('NO CODE GENERATED OR PARSE FAILED'), which would fail any real test, but the oracle reported SUCCESS, indicating a missed hard error."
openai_gpt-5.5,service_client,task_003_mp3_db_service,test_ros2_client_uses_node,FAILED,C1,"The generated code uses a function-based approach with rclpy instead of defining a Node subclass, failing the structural requirement for a class inheriting from Node."
openai_gpt-5.5,service_client,task_003_mp3_db_service,test_ros2_client_creates_service_client,FAILED,C3,"The generated code did not use MP3InventoryService in create_client, indicating an incorrect service type was used in the client creation."
openai_gpt-5.5,service_client,task_003_mp3_db_service,test_client_populates_request_fields,FAILED,C3,"The generated code failed to populate any request fields (no 'request.<field>' assignment), which is a semantic/behavioral error in the service client logic."
openai_gpt-5.5,service_client,task_003_mp3_db_service,test_client_accesses_response_list,FAILED,C3,"The generated code does not access response.list_strings as required by the service interface, indicating a semantic error in handling the service response field."
openai_gpt-5.5,service_client,task_003_mp3_db_service,test_client_uses_response_to_drive_loop,FAILED,C3,"The generated code does not iterate over response.list_strings as required, indicating a semantic/behavioral omission in the client logic."
openai_gpt-5.5,service_client,task_003_mp3_db_service,OVERALL_HIDDEN_ERROR_CHECK,FAILED,E2,"No code was generated or parsing failed, which is a critical hard error that should have caused test failure but the oracle reported SUCCESS."
openai_gpt-5.5,service_client,task_005_gazebo,test_return_depends_on_service_response,FAILED,E1,"The oracle test rigidly forbids any 'return False' literal even in exception handlers, which is a reasonable ROS 2 pattern; this is a style/format mismatch rather than a functional error."
openai_gpt-5.5,service_client,task_005_gazebo,test_response_used_in_return,FAILED,E1,"The code uses `resp.success` instead of `response.success`, which is functionally equivalent but fails the rigid regex check expecting the literal name 'response'."
openai_gpt-5.5,service_client,task_005_gazebo,test_multiple_service_calls_use_response,FAILED,E1,"The code uses 'resp.success' instead of 'response' as the variable name, which is functionally correct but fails the rigid regex pattern expecting the literal word 'response'."
openai_gpt-5.5,service_client,task_005_gazebo,OVERALL_HIDDEN_ERROR_CHECK,FAILED,E2,"The generated code is empty ('NO CODE GENERATED OR PARSE FAILED'), which is a critical hard error that should have failed the tests, but the oracle reported SUCCESS."
openai_gpt-5.5,service_client,task_006_gazebo_set_get_state,test_05_full_service_call_chain_success_and_failure_handling,FAILED,E2,"No code was generated or parsing failed, which is a critical hard error preventing any functionality."
openai_gpt-5.5,service_client,task_006_gazebo_set_get_state,OVERALL_HIDDEN_ERROR_CHECK,FAILED,E2,"The generated code is empty ('NO CODE GENERATED OR PARSE FAILED'), which is a critical hard error that should have failed all tests, but the oracle status is marked SUCCESS."
openai_gpt-5.5,service_client,task_007_navigation_make_plan,test_03_requestmap_has_mutex_lock_guard,FAILED,A1,"No code was generated or parsing failed, so the file lacks the required mutex lock_guard pattern with configuration_mutex_."
openai_gpt-5.5,service_client,task_007_navigation_make_plan,OVERALL_HIDDEN_ERROR_CHECK,FAILED,E2,"The generated code is empty ('NO CODE GENERATED OR PARSE FAILED'), which is a critical hard error that the oracle failed to catch as SUCCESS."
openai_gpt-5.5,service_client,task_008_clear_costmaps,OVERALL_CODE_CHECK,SUCCESS,E2,"The generated code is empty ('NO CODE GENERATED OR PARSE FAILED'), which cannot possibly satisfy the oracle's requirements for includes, function bodies, and API calls; the oracle reporting SUCCESS is a false negative."
openai_gpt-5.5,service_client,task_009_moveit_planning_scene,test_category_2_core_transition_attach_step_world_remove_and_robot_attach,FAILED,A1,"No code was generated or parsing failed, resulting in an empty/invalid C++ file that cannot satisfy any oracle pattern checks."
openai_gpt-5.5,service_client,task_009_moveit_planning_scene,OVERALL_HIDDEN_ERROR_CHECK,FAILED,E2,"No code was generated or parse failed, which is a critical hard error that the oracle marked as SUCCESS."
openai_gpt-5.5,service_client,task_010_controller_manager,test_start_stop_controllers_semantics,FAILED,C3,"The generated start_stop_controllers function uses SwitchController type but fails to perform an async service call (call_async) and returns constant booleans instead of depending on the response, violating ROS 2 semantic expectations."
openai_gpt-5.5,service_client,task_010_controller_manager,test_list_controllers_semantics,FAILED,E2,"The generated code uses a helper '_call_service' instead of the required rclpy async pattern (call_async/spin_until_future_complete), indicating an incomplete ROS 2 migration."
openai_gpt-5.5,service_client,task_010_controller_manager,test_reload_libraries_semantics,FAILED,C3,"The generated reload_libraries function omits the LoadController service usage required to re-load controllers during restore, missing key semantic behavior from the ROS1 original."
openai_gpt-5.5,service_client,task_010_controller_manager,OVERALL_HIDDEN_ERROR_CHECK,FAILED,E2,"The generated code is empty ('NO CODE GENERATED OR PARSE FAILED'), which would cause all tests to fail, yet the oracle status is marked SUCCESS, indicating a missed hard error."
openai_gpt-5.5,service_client,task_011_robot_services,test_target_camera_driver_is_referenced,FAILED,C3,"The generated code failed to reference the required 'head_camera/driver' namespace, losing semantic target preservation during migration."
openai_gpt-5.5,service_client,task_011_robot_services,OVERALL_HIDDEN_ERROR_CHECK,FAILED,E2,"The generated code is empty or failed to parse, which would cause all tests to fail at file read, yet the oracle reportedly succeeded—indicating a missed hard error."
openai_gpt-5.5,parameter_server,task_001_basic_param,test_no_ros1_master_xmlrpc,FAILED,A1,"No code was generated or parsing failed, leaving the original ROS 1 source unchanged, which fails the basic rclcpp requirement."
openai_gpt-5.5,parameter_server,task_001_basic_param,test_has_cache_map_and_subscribed_set,FAILED,E2,"No code was generated, so the original ROS 1 file remained unchanged, causing the test to fail on ROS 1 artifacts (XMLRPCManager) still being present."
openai_gpt-5.5,parameter_server,task_001_basic_param,test_parameter_event_subscription_is_real,FAILED,A1,"No code was generated (parse failed), so the original ROS 1 code was tested, lacking any ROS 2 parameter event mechanism."
openai_gpt-5.5,parameter_server,task_001_basic_param,test_invalidate_parent_walks_up_namespaces_and_erases_parents,FAILED,C3,"The generated invalidateParentParams function erases cache entries but does not acquire a mutex lock around the shared cache access, representing a semantic/thread-safety error."
openai_gpt-5.5,parameter_server,task_001_basic_param,test_getImpl_has_cache_hit_shortcut_and_subscribe_on_miss,FAILED,B1,"The getImpl function still uses ROS 1 APIs (ros::names, XmlRpc, etc.) and lacks any ROS 2 parameter client API calls, indicating legacy ROS 1 API was not replaced."
openai_gpt-5.5,parameter_server,task_001_basic_param,OVERALL_HIDDEN_ERROR_CHECK,FAILED,E2,"No code was generated or parse failed, which is a critical hard error that the oracle should have caught but reported SUCCESS."
openai_gpt-5.5,parameter_server,task_002_dynamic_robot_configuration,OVERALL_CODE_CHECK,SUCCESS,E2,"The generated code is empty ('NO CODE GENERATED OR PARSE FAILED'), which cannot possibly satisfy the oracle's regex checks for declare_parameter, vector<int64_t>, etc.; a SUCCESS status here indicates the oracle failed to catch the missing code."
openai_gpt-5.5,parameter_server,task_003_Mobile_robot_control,OVERALL_CODE_CHECK,SUCCESS,E2,"The generated code is empty ('NO CODE GENERATED OR PARSE FAILED'), which means the file likely doesn't exist or is empty, yet the oracle tests reportedly passed - this is a clear false negative as no actual migration code was produced."
openai_gpt-5.5,parameter_server,task_004_turtlrbot3_params,OVERALL_CODE_CHECK,SUCCESS,E2,"The generated code is empty ('NO CODE GENERATED OR PARSE FAILED'), which should fail compilation and all checks, but the oracle reportedly passed - this is a missed hard error."
openai_gpt-5.5,parameter_server,task_005_laser_scan_filter_params,test_qos_and_topics,FAILED,C3,"The generated code omitted the required '""output""' topic name for the publisher, indicating a semantic/behavioral migration error rather than a syntax or false positive issue."
openai_gpt-5.5,parameter_server,task_005_laser_scan_filter_params,OVERALL_HIDDEN_ERROR_CHECK,FAILED,E2,"The generated code is empty or failed to parse, which would cause all tests to fail at file read, yet the oracle status is marked SUCCESS, indicating a missed hard error."
openai_gpt-5.5,parameter_server,task_006_dynamic_param_rqt_reconfigure,OVERALL_CODE_CHECK,SUCCESS,E2,"The generated code is empty ('NO CODE GENERATED OR PARSE FAILED'), which cannot pass functional tests; the oracle reporting SUCCESS is a false negative."
openai_gpt-5.5,parameter_server,task_007_navigation_stack_config,test_min_max_constraint_logic,FAILED,C3,"The generated code lacks the min/max particles validation logic in the parameter callback, which is a semantic/behavioral omission in the ROS 2 migration."
openai_gpt-5.5,parameter_server,task_007_navigation_stack_config,test_internal_state_sync,FAILED,C3,"The generated code did not synchronize the validated parameter value back to the internal member variable (min_particles_ = param.as_int()), indicating a semantic/behavioral omission in the dynamic parameter callback logic."
openai_gpt-5.5,parameter_server,task_007_navigation_stack_config,OVERALL_HIDDEN_ERROR_CHECK,FAILED,E2,"The generated code is empty ('NO CODE GENERATED OR PARSE FAILED'), which is a critical hard error, yet the oracle reported SUCCESS, indicating a missed hard error."
openai_gpt-5.5,parameter_server,task_008_gazebo_sim_param,test_standard_library_pointer_migration,FAILED,C3,"The generated code failed to introduce std::shared_ptr or std::unique_ptr when migrating boost smart pointers, representing an incomplete semantic migration of synchronization/pointer types."
openai_gpt-5.5,parameter_server,task_008_gazebo_sim_param,test_time_source_logic,FAILED,C3,"The migrated code does not use the Node's clock (now()) for time stamping, missing the simulation-time compatibility required for ROS 2 Gazebo plugins."
openai_gpt-5.5,parameter_server,task_008_gazebo_sim_param,OVERALL_HIDDEN_ERROR_CHECK,FAILED,E2,"The generated code is empty ('NO CODE GENERATED OR PARSE FAILED'), which is a critical hard error that the oracle failed to catch as a success."
openai_gpt-5.5,parameter_server,task_009_fetch_arm_params,test_ros2_param_declaration,FAILED,B1,"The generated code did not replace the ROS 1 parameter access pattern with the required ROS 2 node_->declare_parameter calls, leaving legacy parameter handling unaddressed."
openai_gpt-5.5,parameter_server,task_009_fetch_arm_params,test_logging_migration,FAILED,B1,"The generated code retains legacy ROS 1 logging without migrating to node-based RCLCPP macros using get_logger(), indicating the legacy ROS 1 API was not properly replaced."
openai_gpt-5.5,parameter_server,task_009_fetch_arm_params,OVERALL_HIDDEN_ERROR_CHECK,FAILED,E2,"The generated code is empty ('NO CODE GENERATED OR PARSE FAILED'), which is a critical hard error, but the oracle reported SUCCESS."
openai_gpt-5.5,parameter_server,task_010_sensor_fusion_params,test_sensor_config_logic,FAILED,C3,The generated code uses a different naming pattern (likely 'sensor_name' or 'base_type + topic_name') instead of constructing parameter names with the expected '<type><index>_config' format that the test regex requires.
openai_gpt-5.5,parameter_server,task_010_sensor_fusion_params,OVERALL_HIDDEN_ERROR_CHECK,FAILED,E2,"No code was generated or parsing failed, so the file cannot contain any valid ROS 2 implementation, yet the oracle reported SUCCESS."
openai_gpt-5.5,parameter_server,task_011_moveit_motion_params,test_ros2_node_lifecycle_setup,FAILED,C3,"The generated code is missing the required 'allow_undeclared_parameters' NodeOption needed for dynamic plugin loading in MoveIt 2, representing a semantic/behavioral error in node configuration."
openai_gpt-5.5,parameter_server,task_011_moveit_motion_params,OVERALL_HIDDEN_ERROR_CHECK,FAILED,E2,"No code was generated or parsing failed, which means the file cannot exist or compile, yet the oracle status is marked SUCCESS—a critical hard error was missed."
openai_gpt-5.5,parameter_server,task_012_px4_flight_params,test_parameter_declaration_logic,FAILED,C3,"The generated code failed to declare the 'target_yaw' parameter using self.declare_parameter(), indicating an incomplete semantic migration of flight parameters."
openai_gpt-5.5,parameter_server,task_012_px4_flight_params,test_parameter_value_retrieval,FAILED,C3,"The generated code declared parameters but failed to retrieve their values via self.get_parameter().value and assign them to class attributes, which is a semantic/behavioral error in the migration."
openai_gpt-5.5,parameter_server,task_012_px4_flight_params,test_dynamic_message_population_position,FAILED,C3,"The generated code failed to dynamically populate the position[2] field with the takeoff_height parameter attribute, leaving a semantic/behavioral error where the Z-axis is not bound to the dynamic parameter."
openai_gpt-5.5,parameter_server,task_012_px4_flight_params,OVERALL_HIDDEN_ERROR_CHECK,FAILED,E2,"No code was generated or parsing failed, which is a critical hard error that the oracle marked as SUCCESS."
openai_gpt-5.5,parameter_server,task_013_slam_mapping_params,test_no_fake_nodehandle,FAILED,B1,The generated code retains the ROS 1 'private_nh_' NodeHandle variable instead of using ROS 2's native Node parameter API.
openai_gpt-5.5,parameter_server,task_013_slam_mapping_params,test_member_variable_assignment,FAILED,C3,The generated code does not assign parameters to class members using the explicit .as_type() syntax pattern required by the test.
openai_gpt-5.5,parameter_server,task_013_slam_mapping_params,OVERALL_HIDDEN_ERROR_CHECK,FAILED,E2,"The generated code is empty (parse failed), so it cannot possibly compile or function, yet the oracle reported SUCCESS, indicating the test failed to catch this critical hard error."
openai_gpt-5.5,publisher_subscriber,task_001_simple_pub_sub,test_talker_ros2_translation,FAILED,C3,"The generated talker.py does not define a Node subclass as required by ROS 2 conventions, and still references rospy.ROSInterruptException, indicating incomplete semantic migration from ROS 1 to ROS 2."
openai_gpt-5.5,publisher_subscriber,task_001_simple_pub_sub,OVERALL_HIDDEN_ERROR_CHECK,FAILED,E2,"The generated code is empty ('NO CODE GENERATED OR PARSE FAILED'), which is a critical hard error, but the oracle status was marked SUCCESS."
openai_gpt-5.5,publisher_subscriber,task_002_custom_msg_basic,OVERALL_CODE_CHECK,SUCCESS,E2,"No code was generated or parsing failed, yet the oracle reported SUCCESS, indicating the test framework failed to catch the absence of actual implementation files."
openai_gpt-5.5,publisher_subscriber,task_003_image_transport,OVERALL_CODE_CHECK,SUCCESS,E2,"The generated code is empty ('NO CODE GENERATED OR PARSE FAILED'), which means the files cannot exist and tests should fail; if tests reported success, the oracle missed this hard error."
openai_gpt-5.5,publisher_subscriber,task_004_laser_scan_origin,OVERALL_CODE_CHECK,SUCCESS,E2,"No code was generated, but oracle tests passed likely because the file existence assertions or content checks were bypassed; this is a critical missed error since there is no actual migrated code."
openai_gpt-5.5,publisher_subscriber,task_005_ros1_ros2_bridge,OVERALL_CODE_CHECK,SUCCESS,E2,"The generated code is empty ('NO CODE GENERATED OR PARSE FAILED'), so importing the 'talker' module should fail, yet the oracle reportedly passed—indicating a missed hard error."
openai_gpt-5.5,publisher_subscriber,task_006_multi_topic_synchronization,test_oracle_4_two_image_subscribers,FAILED,A1,"No code was generated or parsing failed, resulting in an empty source file that cannot satisfy any compilation or content requirements."
openai_gpt-5.5,publisher_subscriber,task_006_multi_topic_synchronization,OVERALL_HIDDEN_ERROR_CHECK,FAILED,E2,"The generated code is empty ('NO CODE GENERATED OR PARSE FAILED'), which is a critical hard error that the oracle tests failed to catch as a success."
openai_gpt-5.5,publisher_subscriber,task_007_latched_publisher,test_latched_behavior_for_new_subscriber,FAILED,E2,"No code was generated, so the migration is fundamentally absent, representing a critical hard error that the oracle should have caught entirely rather than only at this specific test case."
openai_gpt-5.5,publisher_subscriber,task_007_latched_publisher,OVERALL_HIDDEN_ERROR_CHECK,FAILED,E2,"No code was generated or parsing failed, which is a critical hard error that should not pass any tests."
openai_gpt-5.5,publisher_subscriber,task_009_nodelet_pubsub,test_uses_ros2_headers_not_ros1,FAILED,E1,"The generated code uses `#include ""rclcpp/rclcpp.hpp""` with quotes, which is functionally correct ROS 2 style, but the regex strictly requires angle brackets `<rclcpp/...>`, causing a false positive style mismatch."
openai_gpt-5.5,publisher_subscriber,task_009_nodelet_pubsub,test_ros2_parameter_usage,FAILED,C3,"The generated code declares parameters but does not call get_parameter() to retrieve them, missing required ROS 2 parameter API usage semantics."
openai_gpt-5.5,publisher_subscriber,task_009_nodelet_pubsub,test_namespace_semantics_preserved,FAILED,C3,"The generated code is missing the expected topic name strings like '/global', 'namespaced', 'private', 'in', and 'out', indicating the namespace/topic semantics from the original ROS 1 nodelet were not preserved in the migration."
openai_gpt-5.5,publisher_subscriber,task_009_nodelet_pubsub,OVERALL_HIDDEN_ERROR_CHECK,FAILED,E2,"No code was generated or parsing failed, which means the oracle's SUCCESS status is incorrect as there is no valid ROS 2 code to test."
openai_gpt-5.5,publisher_subscriber,task_010_husky_stress_test,test_translated_files_exist,FAILED,A1,"No code was generated or parsed, so the required translated files do not exist, causing the file existence test to fail."
openai_gpt-5.5,publisher_subscriber,task_010_husky_stress_test,test_no_ros1_artifacts_in_launch,FAILED,A1,"No code was generated or parsing failed, so the required launch file does not exist, causing the test to fail at file existence check."
openai_gpt-5.5,publisher_subscriber,task_010_husky_stress_test,test_robot_description_defined,FAILED,A1,"No code was generated, so the required xacro file does not exist, causing the test to fail at file existence check."
openai_gpt-5.5,publisher_subscriber,task_010_husky_stress_test,test_robot_description_consumed_in_launch,FAILED,A1,"No code was generated, so the required launch file does not exist, causing the test to fail at file existence check."
openai_gpt-5.5,publisher_subscriber,task_010_husky_stress_test,test_imu_interface_present,FAILED,A1,"No code was generated, so the required xacro file does not exist, causing the test to fail at file existence check."
openai_gpt-5.5,publisher_subscriber,task_010_husky_stress_test,test_gps_interface_present,FAILED,A1,"No code was generated or parsing failed, so the required xacro file does not exist for the test to find."
openai_gpt-5.5,publisher_subscriber,task_010_husky_stress_test,test_sensor_update_rate_semantics,FAILED,A1,"No code was generated, so the required xacro file does not exist, causing the test to fail at the file existence check."
openai_gpt-5.5,publisher_subscriber,task_010_husky_stress_test,OVERALL_HIDDEN_ERROR_CHECK,FAILED,E2,"No code was generated or parsing failed, yet the oracle reports SUCCESS, indicating the tests failed to catch the complete absence of migrated code."
openai_gpt-5.5,action_server,task_001_base_case,test_node_creation,FAILED,E1,"The code uses `class CalibrationActionServer(Node)` with `super().__init__(...)` which is the standard ROS2 pattern, but the regex requires literal `Node(` or `create_node`, making this a rigid style mismatch."
openai_gpt-5.5,action_server,task_001_base_case,test_execute_callback_exists,FAILED,E1,"The generated code appears functionally correct (uses ActionServer, rclpy.action) but likely defines the callback with a name like 'execute_callback' that doesn't match the rigid regex requiring 'execute(' or 'handle_accepted(' immediately followed by parentheses."
openai_gpt-5.5,action_server,task_001_base_case,test_progress_loop_present,FAILED,E1,"The regex requires C-style 'for (' or 'while (' with parenthesis, but Python uses 'for x in' / 'while x:' syntax, so the functionally correct Python loop fails the rigid format check."
openai_gpt-5.5,action_server,task_001_base_case,OVERALL_HIDDEN_ERROR_CHECK,FAILED,E2,"The generated code is empty ('NO CODE GENERATED OR PARSE FAILED'), which is a critical hard error, but the oracle status was reported as SUCCESS, indicating the test suite failed to catch this."
openai_gpt-5.5,action_server,task_002_turtlebot3_patrol_action,test_node_creation,FAILED,E1,"The generated code likely uses class inheritance like 'class Turtlebot3PatrolServer(Node):' which is valid ROS 2 node creation, but the regex strictly looks for 'Node(' or 'create_node' patterns, failing to match the inheritance-based instantiation style."
openai_gpt-5.5,action_server,task_002_turtlebot3_patrol_action,test_action_server_creation,FAILED,E1,"The generated code uses ActionServer (correct ROS 2 API) but the oracle rigidly requires the string 'create_server' which is not a standard ROS 2 idiom, making this a style/format mismatch false positive."
openai_gpt-5.5,action_server,task_002_turtlebot3_patrol_action,test_execute_callback_contains_patrol_logic,FAILED,E1,The test requires the specific string 'goal_msg.goal.x' which is a rigid naming expectation; the generated code likely accesses the goal correctly but uses different variable naming conventions for ROS 2.
openai_gpt-5.5,action_server,task_002_turtlebot3_patrol_action,OVERALL_HIDDEN_ERROR_CHECK,FAILED,E2,"The generated code is empty ('NO CODE GENERATED OR PARSE FAILED'), which is a critical hard error that the oracle failed to catch as SUCCESS."
openai_gpt-5.5,action_server,task_003_pr2_gripper_action_server,OVERALL_CODE_CHECK,SUCCESS,E2,"The generated code is empty ('NO CODE GENERATED OR PARSE FAILED'), which is a critical hard error, but the oracle reported SUCCESS, indicating the test framework failed to catch the missing file/code."
openai_gpt-5.5,action_server,task_004_turtle_bot_3,test_execute_callback_signature,FAILED,C3,"The generated code defines the execute callback with a different name or signature than 'execute_callback(self, goal_handle)', causing a semantic mismatch with ROS 2 ActionServer conventions expected by the test."
openai_gpt-5.5,action_server,task_004_turtle_bot_3,test_execute_callback_no_return,FAILED,C3,"The generated code returns 'result' from execute_callback, which the oracle considers service-style semantics inappropriate for a ROS 2 action server's execute callback behavior."
openai_gpt-5.5,action_server,task_004_turtle_bot_3,test_goal_data_accessed,FAILED,C3,"The generated code does not access goal data via the required goal_handle.request.<field> pattern, indicating a semantic error in handling ROS 2 action goal data."
openai_gpt-5.5,action_server,task_004_turtle_bot_3,test_long_running_execution_present,FAILED,E2,"No code was generated, so all tests fail due to missing implementation rather than style issues."
openai_gpt-5.5,action_server,task_004_turtle_bot_3,test_result_set_before_goal_termination,FAILED,C3,"The generated code sets result fields after calling goal_handle.canceled(), violating the ROS 2 action lifecycle requirement that results be populated before terminal state transitions."
openai_gpt-5.5,action_server,task_004_turtle_bot_3,OVERALL_HIDDEN_ERROR_CHECK,FAILED,E2,"The generated code is empty (parse failed), which would cause all functional tests to fail at runtime, yet the oracle reported SUCCESS."
openai_gpt-5.5,action_server,task_005_robot_voice_action,test_control_logic_inside_timer_callback,FAILED,A1,"No code was generated or parsing failed, so no timer callback exists to satisfy the test."
openai_gpt-5.5,action_server,task_005_robot_voice_action,test_ros_time_semantics_preserved,FAILED,C3,"The generated code uses std::chrono for timestamps instead of the ROS2 clock API (get_clock()->now()), violating ROS time semantics required by the test."
openai_gpt-5.5,action_server,task_005_robot_voice_action,test_px4_qos_semantics_explicit,FAILED,C2,"The generated code does not explicitly configure QoS profiles (missing 'QoS' keyword), which is required for PX4 uORB-ROS2 bridge semantics."
openai_gpt-5.5,action_server,task_005_robot_voice_action,OVERALL_HIDDEN_ERROR_CHECK,FAILED,E2,"The generated code is empty ('NO CODE GENERATED OR PARSE FAILED'), which is a critical hard error that the oracle failed to catch as SUCCESS."
openai_gpt-5.5,action_server,task_006_amcl_navigation,test_action_server_creation,FAILED,B1,"The generated code did not replace the ROS 1 actionlib server with rclcpp_action::create_server<UpdatePose>, leaving the legacy action API unmigrated."
openai_gpt-5.5,action_server,task_006_amcl_navigation,test_handle_goal_defined,FAILED,C3,"The generated code does not implement the handle_goal action server callback, indicating a semantic/behavioral gap in migrating the ROS 1 action interface to ROS 2."
openai_gpt-5.5,action_server,task_006_amcl_navigation,test_handle_cancel_defined,FAILED,C3,"The generated code does not implement the handle_cancel callback for the ROS2 action server, missing required action server logic."
openai_gpt-5.5,action_server,task_006_amcl_navigation,test_handle_accepted_defined,FAILED,C3,"The generated code does not implement the handle_accepted callback required for the ROS 2 action server, missing essential action handling logic."
openai_gpt-5.5,action_server,task_006_amcl_navigation,test_todo_comment_present,FAILED,C3,"The generated code is missing the expected '// TODO: Implement particle filter update' comment, indicating a semantic omission of the placeholder required by the oracle."
openai_gpt-5.5,action_server,task_006_amcl_navigation,test_thread_usage_for_async,FAILED,C3,"The generated code lacks std::thread usage in handle_accepted for asynchronous action execution, indicating a semantic gap in implementing the ROS 2 action server's async behavior."
openai_gpt-5.5,action_server,task_006_amcl_navigation,test_feedback_or_result_mentioned,FAILED,C3,"The generated code lacks action feedback/result handling (Feedback/Result/goal_handle->succeed) in the action server logic, indicating an incomplete semantic migration of the action interface."
openai_gpt-5.5,action_server,task_006_amcl_navigation,OVERALL_HIDDEN_ERROR_CHECK,FAILED,E2,"The generated code is empty ('NO CODE GENERATED OR PARSE FAILED'), which is a critical hard error that the oracle failed to catch as SUCCESS."
openai_gpt-5.5,action_server,task_007_move_base_navigation_action,test_mutex_translation,FAILED,B1,The generated code retained the legacy ROS 1 boost::recursive_mutex::scoped_lock instead of replacing it with ROS 2-compatible std::unique_lock or equivalent.
openai_gpt-5.5,action_server,task_007_move_base_navigation_action,test_plan_swap_under_lock,FAILED,B1,"The generated code failed to replace boost::recursive_mutex::scoped_lock with ROS2-friendly std::unique_lock or rclcpp::Mutex, leaving legacy locking API unconverted."
openai_gpt-5.5,action_server,task_007_move_base_navigation_action,OVERALL_HIDDEN_ERROR_CHECK,FAILED,E2,"The generated code is empty ('NO CODE GENERATED OR PARSE FAILED'), which is a critical hard error that the oracle tests failed to catch as SUCCESS."
openai_gpt-5.5,action_server,task_008_follow_joint_trajectory_action,test_class_exists,FAILED,A1,"The generated code failed to produce valid output (NO CODE GENERATED OR PARSE FAILED), so the class definition cannot be found in the expected file."
openai_gpt-5.5,action_server,task_008_follow_joint_trajectory_action,test_odom_lock_usage,FAILED,B1,"The generated code failed to include the boost::recursive_mutex::scoped_lock usage for odometry access, leaving out the legacy ROS 1 locking mechanism that should have been preserved in the migration."
openai_gpt-5.5,action_server,task_008_follow_joint_trajectory_action,test_warns_on_pose_fail,FAILED,E1,"The test expects ROS_WARN (a ROS 1 macro) in the migrated ROS 2 code, which conflicts with test_no_ros1_api_leftovers; this is a rigid oracle expectation mismatch rather than a real code defect."
openai_gpt-5.5,action_server,task_008_follow_joint_trajectory_action,test_no_ros1_api_leftovers,FAILED,B1,"The test detected leftover ROS 1 API 'ros::' in the code, indicating legacy ROS 1 APIs were not fully replaced during migration."
openai_gpt-5.5,action_server,task_008_follow_joint_trajectory_action,OVERALL_HIDDEN_ERROR_CHECK,FAILED,E2,"No code was generated, so the file cannot exist and tests would fail at compilation/import, indicating a missed hard error."
openai_gpt-5.5,action_server,task_009_moveit_motion_planning_action,test_class_exists,FAILED,C3,"The generated code is missing the MoveGroupMoveAction class definition entirely, only containing license headers and class_loader registration, which is a semantic/behavioral error of incomplete translation."
openai_gpt-5.5,action_server,task_009_moveit_motion_planning_action,test_rclcpp_node_exists,FAILED,A1,"No code was generated or parsing failed, resulting in an empty file that cannot satisfy any test assertions including node creation."
openai_gpt-5.5,action_server,task_009_moveit_motion_planning_action,test_initialize_creates_server_with_callback,FAILED,E2,"The generated code is empty (parse failed), which is a critical hard error that should fail all tests, indicating the oracle's regex-based checks are insufficient to detect the complete absence of code."
openai_gpt-5.5,action_server,task_009_moveit_motion_planning_action,test_execute_callback_sets_result,FAILED,E2,"No code was generated or parsing failed, which is a critical hard error preventing any functionality."
openai_gpt-5.5,action_server,task_009_moveit_motion_planning_action,test_preempt_callback_handles_cancel_and_flag,FAILED,A1,"No code was generated or parsing failed, resulting in an empty file that cannot satisfy the preempt callback pattern check."
openai_gpt-5.5,action_server,task_009_moveit_motion_planning_action,test_setMoveState_publishes_feedback_with_state,FAILED,A1,"No code was generated or parsing failed, so the translated file is empty/missing and cannot satisfy the setMoveState feedback publishing check."
openai_gpt-5.5,action_server,task_009_moveit_motion_planning_action,OVERALL_HIDDEN_ERROR_CHECK,FAILED,E2,"The generated code is empty ('NO CODE GENERATED OR PARSE FAILED'), which is a critical hard error that the oracle failed to catch as SUCCESS."
openai_gpt-5.5,action_server,task_010_pick_place,test_move_group_interface_created,FAILED,E2,"The generated code was empty or failed to parse, meaning no translation was produced, which is a critical hard error preventing any functionality."
openai_gpt-5.5,action_server,task_010_pick_place,test_ros2_node_and_spinner,FAILED,B1,"The generated code retains ROS 1 initialization patterns and does not include rclcpp::init or rclcpp::AsyncSpinner, indicating legacy ROS 1 API was not replaced."
openai_gpt-5.5,action_server,task_010_pick_place,test_gripper_operations,FAILED,A1,"The generated code failed to produce output (NO CODE GENERATED OR PARSE FAILED), so no translated content exists to match the expected gripper function calls."
openai_gpt-5.5,action_server,task_010_pick_place,test_post_place_open_gripper,FAILED,A1,"No code was generated or parsing failed, so all tests including this one fail due to missing translated code."
openai_gpt-5.5,action_server,task_010_pick_place,OVERALL_HIDDEN_ERROR_CHECK,FAILED,E2,"The generated code is empty ('NO CODE GENERATED OR PARSE FAILED'), which is a critical hard error, but the oracle reported SUCCESS, missing this failure."
openai_gpt-5.5,action_server,task_011_pr2_door,test_door_action_client_created,FAILED,E1,"The oracle regex expects ActionClient(..., 'move_through_door', Door) ordering, but ROS 2 ActionClient signature is ActionClient(node, ActionType, action_name), so functionally correct ROS 2 code would not match this rigid pattern."
openai_gpt-5.5,action_server,task_011_pr2_door,test_move_base_action_client_created,FAILED,E2,"The generated code exists but fails the regex check for MoveBase ActionClient creation with 'move_base_local', indicating the migration didn't correctly create the required ActionClient."
openai_gpt-5.5,action_server,task_011_pr2_door,test_wait_for_server_called,FAILED,A1,"No code was generated or parsing failed, so the file contains no implementation and naturally fails the wait_for_server check."
openai_gpt-5.5,action_server,task_011_pr2_door,test_subscriber_exists,FAILED,C3,"The generated code does not create a subscriber to /test_output, missing required semantic behavior for the migration."
openai_gpt-5.5,action_server,task_011_pr2_door,test_goal_initialization,FAILED,C3,"The generated code does not instantiate DoorGoal() (likely uses Door.Goal() per ROS 2 action conventions instead), causing the oracle's rigid pattern match for the ROS 1-style DoorGoal() to fail."
openai_gpt-5.5,action_server,task_011_pr2_door,OVERALL_HIDDEN_ERROR_CHECK,FAILED,E2,"The generated code is empty or failed to parse, which is a critical hard error that should not pass any meaningful tests."
openai_gpt-5.5,action_server,task_012_move_arm_cartesian_action,test_ros2_node_initialization,FAILED,E1,"The oracle expects rclcpp::AsyncSpinner which does not exist in ROS 2 (replaced by executors); the generated code correctly uses an executor, making this a false positive due to rigid pattern matching."
openai_gpt-5.5,action_server,task_012_move_arm_cartesian_action,test_move_group_interface_exists,FAILED,C3,"The generated code instantiates MoveGroupInterface using the ROS 2 style with a node handle as the first argument (e.g., MoveGroupInterface(node, PLANNING_GROUP)), which doesn't match the oracle's regex expecting only PLANNING_GROUP as the sole argument."
openai_gpt-5.5,action_server,task_012_move_arm_cartesian_action,test_path_constraints,FAILED,E1,"The test expects ROS1-style 'moveit_msgs::Constraints' but ROS2 code correctly uses 'moveit_msgs::msg::Constraints', causing a regex mismatch despite functionally correct migration."
openai_gpt-5.5,action_server,task_012_move_arm_cartesian_action,test_cartesian_path_computation,FAILED,E1,"The test expects ROS 1 style `geometry_msgs::Pose` but ROS 2 uses `geometry_msgs::msg::Pose`, so functionally correct ROS 2 code fails this rigid regex pattern."
openai_gpt-5.5,action_server,task_012_move_arm_cartesian_action,test_collision_object_added,FAILED,E1,"The test expects ROS1-style 'moveit_msgs::CollisionObject' naming, but correct ROS2 code uses 'moveit_msgs::msg::CollisionObject', making this a rigid formatting expectation mismatch."
openai_gpt-5.5,action_server,task_012_move_arm_cartesian_action,OVERALL_HIDDEN_ERROR_CHECK,FAILED,E2,"The generated code is empty ('NO CODE GENERATED OR PARSE FAILED'), which is a critical hard error, yet the oracle reported SUCCESS."
deepseek_deepseek-v4-pro,service_client,task_001_simple_service,test_client_uses_rclpy_and_node,FAILED,ERROR,Invalid \escape: line 1 column 195 (char 194)
deepseek_deepseek-v4-pro,service_client,task_001_simple_service,OVERALL_HIDDEN_ERROR_CHECK,FAILED,E2,"No code was generated or parsing failed, yet the oracle reported SUCCESS, which means it missed a critical hard error (no files to test)."
deepseek_deepseek-v4-pro,service_client,task_002_custom_srv,test_server_defines_handler_and_accesses_request,FAILED,E1,"The generated server code likely uses 'request.a' (the ROS 2 convention) instead of 'req.a', which is functionally correct but fails the rigid regex check expecting 'req.\w+'."
deepseek_deepseek-v4-pro,service_client,task_002_custom_srv,OVERALL_HIDDEN_ERROR_CHECK,FAILED,E2,"The generated code is empty ('NO CODE GENERATED OR PARSE FAILED'), which is a critical hard error, but the oracle reported SUCCESS, indicating the tests failed to catch the missing code."
deepseek_deepseek-v4-pro,service_client,task_003_mp3_db_service,test_ros2_client_creates_service_client,FAILED,C3,"The generated code creates a service client but not with the expected MP3InventoryService type signature, indicating an incorrect service type usage in the migration."
deepseek_deepseek-v4-pro,service_client,task_003_mp3_db_service,test_client_populates_request_fields,FAILED,C3,"The generated client code does not populate any request fields (no 'request.<field>' assignment), which is a semantic/behavioral omission required by the service interface."
deepseek_deepseek-v4-pro,service_client,task_003_mp3_db_service,test_client_accesses_response_list,FAILED,C3,"The generated code does not access response.list_strings as required, indicating a semantic error in handling the service response structure."
deepseek_deepseek-v4-pro,service_client,task_003_mp3_db_service,test_client_uses_response_to_drive_loop,FAILED,C3,"The generated code does not iterate over response.list_strings with a for loop, missing the expected response-driven loop semantic behavior."
deepseek_deepseek-v4-pro,service_client,task_003_mp3_db_service,OVERALL_HIDDEN_ERROR_CHECK,FAILED,E2,"No code was generated, which means the file cannot exist and all tests would fail at compilation/import; the oracle marking this as SUCCESS is a false negative."
deepseek_deepseek-v4-pro,service_client,task_005_gazebo,test_return_depends_on_service_response,FAILED,C3,"The generated code returns a hardcoded 'return False' literal instead of deriving the return value from the service response's success field, violating the expected semantic behavior."
deepseek_deepseek-v4-pro,service_client,task_005_gazebo,test_response_used_in_return,FAILED,C3,"The generated code returns hardcoded False on exception paths and does not use response.success in the return value, violating the semantic requirement that return must reflect the service response."
deepseek_deepseek-v4-pro,service_client,task_005_gazebo,test_multiple_service_calls_use_response,FAILED,C3,"The generated code does not properly use the response object after calling spawn_sdf_model_client, indicating a semantic/behavioral error where service responses aren't correctly utilized in the migration."
deepseek_deepseek-v4-pro,service_client,task_005_gazebo,OVERALL_HIDDEN_ERROR_CHECK,FAILED,E2,"The generated code is empty ('NO CODE GENERATED OR PARSE FAILED'), which is a critical hard error that the oracle failed to catch as SUCCESS."
deepseek_deepseek-v4-pro,service_client,task_006_gazebo_set_get_state,test_03_retry_wait_for_service_with_shutdown_guard,FAILED,E2,"No code was generated or parsing failed, which is a critical hard error preventing any functionality."
deepseek_deepseek-v4-pro,service_client,task_006_gazebo_set_get_state,test_05_full_service_call_chain_success_and_failure_handling,FAILED,A1,"No code was generated or parsing failed, so the file lacks the required non-SUCCESS handling pattern (and likely won't compile)."
deepseek_deepseek-v4-pro,service_client,task_006_gazebo_set_get_state,OVERALL_HIDDEN_ERROR_CHECK,FAILED,E2,"The generated code is empty (parse failed/no code), which would fail compilation entirely, yet the oracle reported SUCCESS."
deepseek_deepseek-v4-pro,service_client,task_007_navigation_make_plan,test_01_ros2_service_client_used,FAILED,A1,"No code was generated or parsing failed, so the file lacks the required ROS 2 service client API."
deepseek_deepseek-v4-pro,service_client,task_007_navigation_make_plan,test_02_wait_for_service_retry,FAILED,A1,"No code was generated or parsing failed, so the file lacks the required wait_for_service call (and all other migration content)."
deepseek_deepseek-v4-pro,service_client,task_007_navigation_make_plan,test_04_response_map_flow,FAILED,A1,"No code was generated or parsing failed, so the file lacks the required handleMapMessage call, causing the test to fail."
deepseek_deepseek-v4-pro,service_client,task_007_navigation_make_plan,OVERALL_HIDDEN_ERROR_CHECK,FAILED,E2,"The generated code is empty ('NO CODE GENERATED OR PARSE FAILED'), which is a critical hard error that the oracle test failed to catch as SUCCESS."
deepseek_deepseek-v4-pro,service_client,task_008_clear_costmaps,test_equivalence_reset_distance_is_expressed,FAILED,E2,"No code was generated, so the file is missing/empty causing all tests to fail with hard errors that aren't simple formatting issues."
deepseek_deepseek-v4-pro,service_client,task_008_clear_costmaps,test_equivalence_layer_names_semantics_obstacles_static_map,FAILED,E2,"No code was generated or parsing failed, meaning the migration produced no output, which is a critical hard failure rather than a style issue."
deepseek_deepseek-v4-pro,service_client,task_008_clear_costmaps,test_equivalence_gates_both_obstacles_and_static_map,FAILED,E2,"No code was generated or parsing failed, which is a critical hard error preventing any compilation or runtime functionality."
deepseek_deepseek-v4-pro,service_client,task_008_clear_costmaps,OVERALL_HIDDEN_ERROR_CHECK,FAILED,E2,"The generated code is empty ('NO CODE GENERATED OR PARSE FAILED'), which is a critical hard error, but the oracle reported SUCCESS, indicating it failed to catch this."
deepseek_deepseek-v4-pro,service_client,task_009_moveit_planning_scene,OVERALL_CODE_CHECK,SUCCESS,E2,"The generated code is empty ('NO CODE GENERATED OR PARSE FAILED'), so it cannot possibly satisfy the oracle's pattern checks; a SUCCESS status here indicates the oracle failed to catch this critical failure."
deepseek_deepseek-v4-pro,service_client,task_010_controller_manager,test_start_stop_controllers_semantics,FAILED,A1,"No code was generated or parsing failed, so the required function 'start_stop_controllers' does not exist, causing the test to fail at function extraction."
deepseek_deepseek-v4-pro,service_client,task_010_controller_manager,test_list_controllers_semantics,FAILED,A1,"No code was generated or parsing failed, so the required function 'list_controllers' is absent, causing the test to fail."
deepseek_deepseek-v4-pro,service_client,task_010_controller_manager,test_reload_libraries_semantics,FAILED,E2,"No code was generated or parse failed, so the migration is entirely missing and trivially fails all tests including this one."
deepseek_deepseek-v4-pro,service_client,task_010_controller_manager,OVERALL_HIDDEN_ERROR_CHECK,FAILED,E2,"The generated code is empty ('NO CODE GENERATED OR PARSE FAILED'), which is a critical hard error that the oracle test failed to catch."
deepseek_deepseek-v4-pro,service_client,task_011_robot_services,test_target_camera_driver_is_referenced,FAILED,C3,"The generated code failed to preserve the semantic target namespace 'head_camera/driver' that the test requires, indicating a behavioral/semantic error in the migration."
deepseek_deepseek-v4-pro,service_client,task_011_robot_services,test_init_sets_up_configuration_interface,FAILED,E1,"The code uses `super().__init__('camera_reconfigure')` (inheriting from Node), which is a valid ROS 2 pattern, but the oracle's rigid regex only accepts `create_node(` or `Node(` literals, causing a false positive style mismatch."
deepseek_deepseek-v4-pro,service_client,task_011_robot_services,test_disable_auto_sets_both_flags_false,FAILED,C3,"The disable_auto function does not explicitly set auto_exposure to False in its body (likely delegates to a helper), failing the regex check for the literal pattern."
deepseek_deepseek-v4-pro,service_client,task_011_robot_services,test_enable_auto_sets_both_flags_true,FAILED,C3,"The enable_auto function block does not contain the pattern matching auto_exposure set to True, indicating a semantic/behavioral error in how the parameter values are expressed in the generated code."
deepseek_deepseek-v4-pro,service_client,task_011_robot_services,OVERALL_HIDDEN_ERROR_CHECK,FAILED,E2,"The generated code is empty ('NO CODE GENERATED OR PARSE FAILED'), which is a critical hard error that would fail any real test, but the oracle reported SUCCESS."
deepseek_deepseek-v4-pro,parameter_server,task_002_dynamic_robot_configuration,test_default_value_integrity,FAILED,C3,"The generated code does not contain the required default RGB values {69, 86, 255}, indicating a semantic error in preserving the original default parameter values during migration."
deepseek_deepseek-v4-pro,parameter_server,task_002_dynamic_robot_configuration,test_type_strictness_casting,FAILED,C3,"The generated code calls declare_parameter but does not assign its return value to a variable (auto/vector), violating the expected immediate-use pattern."
deepseek_deepseek-v4-pro,parameter_server,task_002_dynamic_robot_configuration,OVERALL_HIDDEN_ERROR_CHECK,FAILED,E2,"The generated code is empty ('NO CODE GENERATED OR PARSE FAILED'), which is a critical hard error that would fail compilation, but the oracle status incorrectly reports SUCCESS."
deepseek_deepseek-v4-pro,parameter_server,task_003_Mobile_robot_control,OVERALL_CODE_CHECK,SUCCESS,E2,"The generated code is empty ('NO CODE GENERATED OR PARSE FAILED'), which would fail file reading in the oracle tests, indicating the oracle did not properly catch this critical failure."
deepseek_deepseek-v4-pro,parameter_server,task_004_turtlrbot3_params,test_physics_logic_preservation,FAILED,C3,"The generated code failed to preserve the physics unit conversion logic (division by profile_acceleration_constant), representing a semantic/behavioral error in the migration."
deepseek_deepseek-v4-pro,parameter_server,task_004_turtlrbot3_params,test_value_extraction_style,FAILED,C3,"The generated code failed to use standard ROS2 parameter value extraction methods (.as_double() or from_parameter_msg), indicating incorrect semantic handling of parameter event message parsing."
deepseek_deepseek-v4-pro,parameter_server,task_004_turtlrbot3_params,OVERALL_HIDDEN_ERROR_CHECK,FAILED,E2,"No code was generated or parsing failed, which means the file would not exist or be empty, yet the oracle reported SUCCESS—a clear missed hard error."
deepseek_deepseek-v4-pro,parameter_server,task_005_laser_scan_filter_params,test_tf_filter_binding,FAILED,C3,"The generated code failed to set the TF MessageFilter tolerance to 30ms, missing a required semantic behavior from the migration."
deepseek_deepseek-v4-pro,parameter_server,task_005_laser_scan_filter_params,OVERALL_HIDDEN_ERROR_CHECK,FAILED,E2,"The generated code is empty or failed to parse, which would cause all tests to fail at compilation/file-read stage, yet the oracle status is marked SUCCESS, indicating a missed hard error."
deepseek_deepseek-v4-pro,parameter_server,task_006_dynamic_param_rqt_reconfigure,OVERALL_CODE_CHECK,SUCCESS,E2,"The generated code is empty ('NO CODE GENERATED OR PARSE FAILED'), which cannot possibly satisfy the test assertions checking for specific strings like 'call_async', 'Event()', etc., indicating the oracle status is incorrectly reported as SUCCESS."
deepseek_deepseek-v4-pro,parameter_server,task_007_navigation_stack_config,test_parameter_declaration_logic,FAILED,E2,"The generated code appears to be the original ROS 1 source (contains legacy artifacts like diagnostic_msgs::DiagnosticStatus) with no actual ROS 2 migration performed, representing a critical failure to produce migrated code."
deepseek_deepseek-v4-pro,parameter_server,task_007_navigation_stack_config,test_callback_binding_logic,FAILED,B1,The generated code retains legacy ROS 1 patterns and fails to register the ROS 2 dynamic parameter callback via add_on_set_parameters_callback.
deepseek_deepseek-v4-pro,parameter_server,task_007_navigation_stack_config,test_min_max_constraint_logic,FAILED,C3,"The generated code lacks the min/max particles validation logic in the parameter callback, representing a semantic/behavioral omission in the migration."
deepseek_deepseek-v4-pro,parameter_server,task_007_navigation_stack_config,test_internal_state_sync,FAILED,C3,"The generated code does not synchronize the internal member variable min_particles_ with the parameter value via .as_int() after validation, indicating a semantic/behavioral omission in the parameter callback logic."
deepseek_deepseek-v4-pro,parameter_server,task_007_navigation_stack_config,test_no_legacy_artifacts,FAILED,B1,The generated code retains ROS 1 legacy symbols like 'private_nh_' instead of replacing them with ROS 2 equivalents.
deepseek_deepseek-v4-pro,parameter_server,task_007_navigation_stack_config,test_callback_return_type,FAILED,C3,"The generated code lacks the `.reason` field assignment on SetParametersResult when rejecting parameter updates, which is a semantic/behavioral omission in the dynamic parameter callback logic."
deepseek_deepseek-v4-pro,parameter_server,task_007_navigation_stack_config,OVERALL_HIDDEN_ERROR_CHECK,FAILED,E2,"The generated code is empty ('NO CODE GENERATED OR PARSE FAILED'), which is a critical hard error that the oracle failed to catch as SUCCESS."
deepseek_deepseek-v4-pro,parameter_server,task_008_gazebo_sim_param,test_multicamera_suffix_preservation,FAILED,C3,"The generated code omitted the _camera_name_suffix concatenation logic, which is a semantic/behavioral error critical for Multicamera plugin functionality."
deepseek_deepseek-v4-pro,parameter_server,task_008_gazebo_sim_param,test_standard_library_pointer_migration,FAILED,C3,"The generated code failed to migrate boost::shared_ptr to std::shared_ptr/std::unique_ptr, leaving a semantic gap in the standard library pointer migration."
deepseek_deepseek-v4-pro,parameter_server,task_008_gazebo_sim_param,test_time_source_logic,FAILED,C3,"The generated code does not use the ROS 2 Node's clock (now()) for time retrieval, failing the simulation-time compatibility requirement."
deepseek_deepseek-v4-pro,parameter_server,task_008_gazebo_sim_param,OVERALL_HIDDEN_ERROR_CHECK,FAILED,E2,"The generated code is empty or failed to parse, which is a critical hard error that should not be considered a success."
deepseek_deepseek-v4-pro,parameter_server,task_009_fetch_arm_params,test_ros2_param_declaration,FAILED,B1,"The generated code failed to replace ROS 1 parameter retrieval with the ROS 2 'declare_parameter' API, leaving legacy parameter handling in place."
deepseek_deepseek-v4-pro,parameter_server,task_009_fetch_arm_params,test_logging_migration,FAILED,B1,"The generated code retained ROS 1 logging style without using node_->get_logger(), indicating legacy ROS 1 API was not properly replaced with ROS 2 equivalents."
deepseek_deepseek-v4-pro,parameter_server,task_009_fetch_arm_params,OVERALL_HIDDEN_ERROR_CHECK,FAILED,E2,"The generated code is empty ('NO CODE GENERATED OR PARSE FAILED'), which is a critical hard error that the oracle marked as SUCCESS."
deepseek_deepseek-v4-pro,parameter_server,task_010_sensor_fusion_params,test_ros2_parameter_declaration,FAILED,A1,"No code was generated or parsing failed, so the mandatory declare_parameter template call is absent."
deepseek_deepseek-v4-pro,parameter_server,task_010_sensor_fusion_params,OVERALL_HIDDEN_ERROR_CHECK,FAILED,E2,"No code was generated or parsing failed, yet the oracle status is marked SUCCESS, which means the oracle missed this critical failure."
deepseek_deepseek-v4-pro,parameter_server,task_011_moveit_motion_params,test_ros2_node_lifecycle_setup,FAILED,C3,"The generated code is missing the required 'allow_undeclared_parameters' NodeOption setting needed for MoveIt 2's dynamic plugin loading, a semantic configuration omission."
deepseek_deepseek-v4-pro,parameter_server,task_011_moveit_motion_params,test_async_execution_paradigm,FAILED,A1,"No code was generated or parsing failed, so the test fails because there is no content containing std::thread or MultiThreadedExecutor."
deepseek_deepseek-v4-pro,parameter_server,task_011_moveit_motion_params,OVERALL_HIDDEN_ERROR_CHECK,FAILED,E2,"No code was generated or parsing failed, which is a critical hard error that the oracle test failed to catch as SUCCESS."
deepseek_deepseek-v4-pro,parameter_server,task_012_px4_flight_params,test_dynamic_message_population_yaw,FAILED,C3,"The generated code did not assign msg.yaw from a class attribute (self.target_yaw), failing the dynamic message population requirement for the yaw field."
deepseek_deepseek-v4-pro,parameter_server,task_012_px4_flight_params,test_dynamic_message_population_position,FAILED,C3,"The generated code did not populate msg.position with the dynamic takeoff_height attribute as required, indicating a semantic/behavioral error in message population logic."
deepseek_deepseek-v4-pro,parameter_server,task_012_px4_flight_params,OVERALL_HIDDEN_ERROR_CHECK,FAILED,E2,"The generated code is empty ('NO CODE GENERATED OR PARSE FAILED'), which is a critical hard error that the oracle failed to catch as SUCCESS."
deepseek_deepseek-v4-pro,parameter_server,task_013_slam_mapping_params,test_scanner_physical_validation_logic,FAILED,C3,"The generated code is missing the physical consistency check comparing maxUrange against maxRange, which is a semantic/behavioral omission required by the test."
deepseek_deepseek-v4-pro,parameter_server,task_013_slam_mapping_params,test_no_fake_nodehandle,FAILED,B1,The generated code retains the ROS 1-style 'private_nh_' NodeHandle variable instead of using ROS 2's native node parameter API directly.
deepseek_deepseek-v4-pro,parameter_server,task_013_slam_mapping_params,test_member_variable_assignment,FAILED,C3,"The generated code retrieves parameters but does not use the explicit `.as_double()`/`.as_type()` syntax when assigning to member variables, violating ROS 2 best practice expected by the test."
deepseek_deepseek-v4-pro,parameter_server,task_013_slam_mapping_params,OVERALL_HIDDEN_ERROR_CHECK,FAILED,E2,"No code was generated or parsing failed, which is a critical hard error that the oracle failed to catch as SUCCESS."
deepseek_deepseek-v4-pro,publisher_subscriber,task_001_simple_pub_sub,test_listener_ros2_translation,FAILED,E1,"The generated code creates a Node subclass named 'Listener' and likely passes 'listener' to super().__init__(), but the oracle's rigid regex only matches direct Node('listener') or create_node('listener') calls, failing functionally correct subclass-based migrations."
deepseek_deepseek-v4-pro,publisher_subscriber,task_001_simple_pub_sub,OVERALL_HIDDEN_ERROR_CHECK,FAILED,E2,"The generated code is empty ('NO CODE GENERATED OR PARSE FAILED'), which would cause all functionality to fail, yet the oracle reportedly marked it as SUCCESS — indicating a missed hard error."
deepseek_deepseek-v4-pro,publisher_subscriber,task_002_custom_msg_basic,OVERALL_CODE_CHECK,SUCCESS,E2,"The generated code is empty ('NO CODE GENERATED OR PARSE FAILED'), so the required publisher_node.py and subscriber_node.py files cannot exist, which would fail the assert PATH.exists() checks—the oracle status of SUCCESS is incorrect."
deepseek_deepseek-v4-pro,publisher_subscriber,task_003_image_transport,OVERALL_CODE_CHECK,SUCCESS,E2,"The generated code is empty ('NO CODE GENERATED OR PARSE FAILED'), which means the files cannot exist and tests should fail; this is a critical missed hard error."
deepseek_deepseek-v4-pro,publisher_subscriber,task_004_laser_scan_origin,test_lidar_publisher_translation,FAILED,E1,"The code uses a valid ROS 2 node initialization pattern but likely via super().__init__('lidar_publisher') in a class, which the rigid regex requiring direct Node('lidar_publisher') call fails to match."
deepseek_deepseek-v4-pro,publisher_subscriber,task_004_laser_scan_origin,test_lidar_subscriber_translation,FAILED,E1,"The generated code likely uses super().__init__('lidar_subscriber') inside a class rather than the regex-expected Node('lidar_subscriber') pattern, which is functionally correct ROS 2 but fails the rigid regex match."
deepseek_deepseek-v4-pro,publisher_subscriber,task_004_laser_scan_origin,OVERALL_HIDDEN_ERROR_CHECK,FAILED,E2,"No code was generated or parsing failed, so the files cannot exist and the code cannot function, yet the oracle reported SUCCESS."
deepseek_deepseek-v4-pro,publisher_subscriber,task_005_ros1_ros2_bridge,test_talker_translation,FAILED,A1,"The generated code failed to parse or was empty, resulting in a syntax error when the test attempted to import the talker module."
deepseek_deepseek-v4-pro,publisher_subscriber,task_005_ros1_ros2_bridge,OVERALL_HIDDEN_ERROR_CHECK,FAILED,E2,"No code was generated, which is a critical hard error that should fail any meaningful test, but the oracle reported SUCCESS."
deepseek_deepseek-v4-pro,publisher_subscriber,task_006_multi_topic_synchronization,test_oracle_2_stereo_sync_class,FAILED,A1,"The generated code is empty ('NO CODE GENERATED OR PARSE FAILED'), so no class definition exists, causing all structural checks to fail."
deepseek_deepseek-v4-pro,publisher_subscriber,task_006_multi_topic_synchronization,test_oracle_4_two_image_subscribers,FAILED,E2,"No code was generated or parsing failed, which is a critical hard error preventing any functionality."
deepseek_deepseek-v4-pro,publisher_subscriber,task_006_multi_topic_synchronization,OVERALL_HIDDEN_ERROR_CHECK,FAILED,E2,"The generated code is empty ('NO CODE GENERATED OR PARSE FAILED'), which is a critical hard error that the oracle tests should have caught but apparently passed."
deepseek_deepseek-v4-pro,publisher_subscriber,task_007_latched_publisher,test_latched_behavior_for_new_subscriber,FAILED,E2,"No code was generated, so the migration trivially fails; this is a missed hard error since nothing was produced to test against."
deepseek_deepseek-v4-pro,publisher_subscriber,task_007_latched_publisher,OVERALL_HIDDEN_ERROR_CHECK,FAILED,E2,"No code was generated or parsing failed, which is a critical hard error that the oracle test failed to catch as a success."
deepseek_deepseek-v4-pro,publisher_subscriber,task_009_nodelet_pubsub,test_namespace_semantics_preserved,FAILED,C3,"The generated code only uses generic 'input'/'output' topic names and omits the namespaced topic semantics (/global, namespaced, private, in, out) that the original ROS 1 nodelet presumably had, losing behavioral fidelity."
deepseek_deepseek-v4-pro,publisher_subscriber,task_009_nodelet_pubsub,OVERALL_HIDDEN_ERROR_CHECK,FAILED,E2,"The oracle test 'test_namespace_semantics_preserved' requires specific topic names like '/global', 'namespaced', 'private', 'in', 'out', but the generated code only has 'input' and 'output', meaning the code does not preserve the original namespace semantics and should have failed."
deepseek_deepseek-v4-pro,action_server,task_001_base_case,test_node_creation,FAILED,E1,"The generated code clearly imports Node and uses it, but the file appears to have leading '----------------------------' characters causing the test environment to fail on a regex that should match; this is a formatting/extraction issue rather than a functional ROS2 error."
deepseek_deepseek-v4-pro,action_server,task_001_base_case,test_execute_callback_exists,FAILED,A1,"The generated code failed to parse/extract properly (contains literal '----------------------------' markers and missing execute callback definition), indicating a basic output formatting/compilation issue."
deepseek_deepseek-v4-pro,action_server,task_001_base_case,test_progress_loop_present,FAILED,E1,"The test regex requires C-style 'for(' or 'while(' with parenthesis, but Python uses 'for x in' or 'while condition:' syntax, making this a rigid format mismatch rather than a functional error."
deepseek_deepseek-v4-pro,action_server,task_001_base_case,OVERALL_HIDDEN_ERROR_CHECK,FAILED,E2,"No code was generated or parsing failed, yet the oracle reported SUCCESS, indicating a critical hard error was missed."
deepseek_deepseek-v4-pro,action_server,task_002_turtlebot3_patrol_action,test_node_creation,FAILED,E1,"The generated code instantiates a Turtlebot3PatrolServer class (likely inheriting from Node) but the rigid regex only matches 'Node(' or 'create_node', missing valid ROS2 node creation patterns via class inheritance."
deepseek_deepseek-v4-pro,action_server,task_002_turtlebot3_patrol_action,test_action_server_creation,FAILED,E1,"The generated code uses ActionServer (the correct ROS 2 API) but the oracle rigidly requires the literal string 'create_server', which is not standard ROS 2 rclpy action API usage."
deepseek_deepseek-v4-pro,action_server,task_002_turtlebot3_patrol_action,test_execute_callback_contains_patrol_logic,FAILED,E1,The test rigidly expects the literal string 'goal_msg.goal.x' which is a specific naming convention not universally required for functional correctness in ROS 2 action servers.
deepseek_deepseek-v4-pro,action_server,task_002_turtlebot3_patrol_action,OVERALL_HIDDEN_ERROR_CHECK,FAILED,E2,"The generated code is empty ('NO CODE GENERATED OR PARSE FAILED'), which is a critical hard error, but the oracle reported SUCCESS."
deepseek_deepseek-v4-pro,action_server,task_003_pr2_gripper_action_server,test_action_type_present,FAILED,C3,"The generated code omits the 'JointTrajectoryAction' type reference required to preserve the original action interface, causing semantic mismatch with the expected ROS 2 migration."
deepseek_deepseek-v4-pro,action_server,task_003_pr2_gripper_action_server,test_goalCB_exists,FAILED,E1,"The generated code likely renamed goalCB to a different naming convention (e.g., handle_goal) following ROS 2 action server conventions, which is functionally correct but fails the rigid name-matching test."
deepseek_deepseek-v4-pro,action_server,task_003_pr2_gripper_action_server,OVERALL_HIDDEN_ERROR_CHECK,FAILED,E2,"The generated code is empty ('NO CODE GENERATED OR PARSE FAILED'), which is a critical hard error, but the oracle tests apparently passed regardless."
deepseek_deepseek-v4-pro,action_server,task_004_turtle_bot_3,test_execute_callback_signature,FAILED,C3,"The generated code does not define an execute_callback method with the required (self, goal_handle) signature, indicating a semantic/behavioral error in implementing the ROS 2 action server callback structure."
deepseek_deepseek-v4-pro,action_server,task_004_turtle_bot_3,test_execute_callback_no_return,FAILED,C3,"The generated execute_callback uses a service-style 'return result' pattern, which violates ROS 2 action server semantics where the result should be populated before calling goal_handle.succeed()."
deepseek_deepseek-v4-pro,action_server,task_004_turtle_bot_3,test_feedback_published_iteratively,FAILED,C3,"The generated code only calls goal_handle.publish_feedback once instead of iteratively within a loop, failing the semantic requirement for long-running action feedback."
deepseek_deepseek-v4-pro,action_server,task_004_turtle_bot_3,test_feedback_progress_updated,FAILED,C3,"The generated code constructs and publishes feedback but never updates feedback fields (e.g., feedback.progress = ...), missing the semantic requirement that feedback content changes over time."
deepseek_deepseek-v4-pro,action_server,task_004_turtle_bot_3,test_result_set_before_goal_termination,FAILED,C3,"The generated code sets result fields after calling goal_handle.canceled(), violating the ROS 2 action lifecycle requirement that the result must be populated before terminating the goal."
deepseek_deepseek-v4-pro,action_server,task_004_turtle_bot_3,OVERALL_HIDDEN_ERROR_CHECK,FAILED,E2,"No code was generated or parsing failed, which is a critical hard error that the oracle test failed to catch as a success."
deepseek_deepseek-v4-pro,action_server,task_005_robot_voice_action,test_control_logic_inside_timer_callback,FAILED,A1,"No code was generated or parsing failed, so no timer callback exists for the test to find."
deepseek_deepseek-v4-pro,action_server,task_005_robot_voice_action,test_ros_time_semantics_preserved,FAILED,C3,"The generated code uses std::chrono for timestamps instead of ROS2 clock APIs, violating ROS time semantics required for the migration."
deepseek_deepseek-v4-pro,action_server,task_005_robot_voice_action,test_px4_qos_semantics_explicit,FAILED,C2,"The generated code does not explicitly configure QoS profiles (no 'QoS' keyword present), which is required for PX4 uORB bridge communication."
deepseek_deepseek-v4-pro,action_server,task_005_robot_voice_action,OVERALL_HIDDEN_ERROR_CHECK,FAILED,E2,"The generated code is empty ('NO CODE GENERATED OR PARSE FAILED'), which is a critical hard error that the oracle failed to catch as SUCCESS."
deepseek_deepseek-v4-pro,action_server,task_006_amcl_navigation,test_action_server_creation,FAILED,C3,"The generated code translates AMCL using services/topics as in the original ROS1 implementation, but does not implement a ROS2 Action Server for UpdatePose as expected by the oracle, missing the required semantic behavior."
deepseek_deepseek-v4-pro,action_server,task_006_amcl_navigation,test_handle_goal_defined,FAILED,C3,"The generated code did not implement the ROS 2 Action Server (rclcpp_action) with handle_goal/handle_cancel/handle_accepted callbacks for UpdatePose, missing the expected behavioral migration from service-based to action-based pose updating."
deepseek_deepseek-v4-pro,action_server,task_006_amcl_navigation,test_handle_cancel_defined,FAILED,C3,The generated code does not implement an action server with handle_cancel callback; it kept the service-based architecture instead of migrating to rclcpp_action as the oracle expects.
deepseek_deepseek-v4-pro,action_server,task_006_amcl_navigation,test_handle_accepted_defined,FAILED,C3,"The generated code did not implement a ROS 2 Action Server with handle_accepted callback (nor handle_goal/handle_cancel), missing the expected migration from service-based to action-based pose update functionality."
deepseek_deepseek-v4-pro,action_server,task_006_amcl_navigation,test_todo_comment_present,FAILED,C3,"The generated code did not include the expected TODO comment for particle filter update, and also did not implement the action server architecture (rclcpp_action) that the oracle expected, indicating a semantic/behavioral mismatch with the intended migration."
deepseek_deepseek-v4-pro,action_server,task_006_amcl_navigation,test_thread_usage_for_async,FAILED,C3,"The generated code did not implement a ROS 2 Action Server (UpdatePose) with handle_goal/handle_cancel/handle_accepted and the required std::thread for async execution, missing the expected behavioral migration to an action-based interface."
deepseek_deepseek-v4-pro,action_server,task_006_amcl_navigation,OVERALL_HIDDEN_ERROR_CHECK,FAILED,E2,"The generated code uses ROS 1 macro ROS_ASSERT in laserReceived and calls set_on_parameters_set_callback (deprecated/removed in favor of add_on_set_parameters_callback) plus includes a non-existent amcl/amcl_config.hpp, which will cause compilation failures not caught by the regex-only oracle tests."
deepseek_deepseek-v4-pro,action_server,task_007_move_base_navigation_action,test_mutex_translation,FAILED,B1,The generated code retained the legacy ROS 1 boost::recursive_mutex::scoped_lock API instead of replacing it with ROS 2-compatible std::unique_lock or equivalent.
deepseek_deepseek-v4-pro,action_server,task_007_move_base_navigation_action,test_plan_swap_under_lock,FAILED,E2,"The generated code failed to migrate ROS 1 mutex locks to std::unique_lock or rclcpp::Mutex, indicating legacy ROS 1 API was not replaced (a hard migration error)."
deepseek_deepseek-v4-pro,action_server,task_007_move_base_navigation_action,test_ros2_logging,FAILED,B1,The generated code still contains ROS1 logging macros like ROS_DEBUG that were not replaced with RCLCPP_ equivalents.
deepseek_deepseek-v4-pro,action_server,task_007_move_base_navigation_action,OVERALL_HIDDEN_ERROR_CHECK,FAILED,E2,"The generated code is empty ('NO CODE GENERATED OR PARSE FAILED'), which is a critical hard error that the oracle tests failed to catch as SUCCESS."
deepseek_deepseek-v4-pro,action_server,task_008_follow_joint_trajectory_action,test_class_exists,FAILED,E1,"The test searches for 'class TrajectoryPlannerROS' but the generated code apparently lacks the class declaration in expected form, suggesting a formatting/structural mismatch rather than the 'NO CODE GENERATED' placeholder; given code was actually produced and ran through tests, this is a style/structure expectation mismatch."
deepseek_deepseek-v4-pro,action_server,task_008_follow_joint_trajectory_action,test_odom_lock_usage,FAILED,B1,"The generated code failed to retain or replace the boost::recursive_mutex::scoped_lock for odometry access, leaving the legacy locking mechanism unimplemented in the migration."
deepseek_deepseek-v4-pro,action_server,task_008_follow_joint_trajectory_action,test_tc_check_trajectory_args,FAILED,C3,"The generated code exists but the tc_->checkTrajectory call doesn't match the expected argument pattern (likely using different field accessors like tf::getYaw or different pose member access), indicating a semantic/behavioral error in the migration."
deepseek_deepseek-v4-pro,action_server,task_008_follow_joint_trajectory_action,test_warns_on_pose_fail,FAILED,B1,"The generated code retained the ROS 1 ROS_WARN macro reference expectation but the test specifically checks for 'ROS_WARN.*Failed to get the pose' which is missing, indicating the legacy ROS 1 warning API/message was not properly replaced or included in the migration."
deepseek_deepseek-v4-pro,action_server,task_008_follow_joint_trajectory_action,test_no_ros1_api_leftovers,FAILED,B1,"The generated code retains ROS 1 API calls (ros::) instead of replacing them with ROS 2 equivalents, causing the leftover detection test to fail."
deepseek_deepseek-v4-pro,action_server,task_008_follow_joint_trajectory_action,OVERALL_HIDDEN_ERROR_CHECK,FAILED,E2,"No code was generated, so the file cannot exist or compile, yet the oracle reported SUCCESS — a clear missed hard error."
deepseek_deepseek-v4-pro,action_server,task_009_moveit_motion_planning_action,test_class_exists,FAILED,A1,"The generated code is empty or failed to parse, so no class definition exists for the test to find."
deepseek_deepseek-v4-pro,action_server,task_009_moveit_motion_planning_action,test_rclcpp_node_exists,FAILED,A1,"No code was generated or parsing failed, resulting in an empty file that cannot satisfy any test assertions including node creation."
deepseek_deepseek-v4-pro,action_server,task_009_moveit_motion_planning_action,test_initialize_creates_server_with_callback,FAILED,E2,"The generated code is empty ('NO CODE GENERATED OR PARSE FAILED'), which is a critical hard error that should cause all tests to fail, not just this specific assertion."
deepseek_deepseek-v4-pro,action_server,task_009_moveit_motion_planning_action,OVERALL_HIDDEN_ERROR_CHECK,FAILED,E2,"No code was generated or parsing failed, yet the oracle reported SUCCESS, indicating the test framework missed this critical failure."
deepseek_deepseek-v4-pro,action_server,task_010_pick_place,test_move_group_interface_created,FAILED,E2,"The generated code output indicates no code was produced or parsing failed, which is a critical hard error preventing any migration from occurring."
deepseek_deepseek-v4-pro,action_server,task_010_pick_place,test_ros2_node_and_spinner,FAILED,E1,"The oracle expects `rclcpp::AsyncSpinner`, which does not exist in ROS 2 (ROS 2 uses `rclcpp::executors::MultiThreadedExecutor` or similar); this is a rigid/incorrect oracle expectation rather than a true code defect."
deepseek_deepseek-v4-pro,action_server,task_010_pick_place,test_gripper_operations,FAILED,E2,"The generated code output is missing/empty ('NO CODE GENERATED OR PARSE FAILED'), which is a critical hard error that should fail all tests, not just this specific one."
deepseek_deepseek-v4-pro,action_server,task_010_pick_place,test_post_place_open_gripper,FAILED,A1,"No code was generated or parsing failed, so the translated file is missing/empty, causing all pattern-matching tests including this one to fail."
deepseek_deepseek-v4-pro,action_server,task_010_pick_place,OVERALL_HIDDEN_ERROR_CHECK,FAILED,E2,"The generated code is empty ('NO CODE GENERATED OR PARSE FAILED'), which is a critical hard error that the oracle failed to catch as SUCCESS."
deepseek_deepseek-v4-pro,action_server,task_011_pr2_door,test_door_action_client_created,FAILED,E1,"The oracle regex expects ActionClient(..., 'move_through_door', Door) ordering, but ROS 2's actual ActionClient API uses (node, action_type, action_name) ordering, making this a rigid format expectation mismatch."
deepseek_deepseek-v4-pro,action_server,task_011_pr2_door,test_move_base_action_client_created,FAILED,A1,"No code was generated or parsing failed, so the MoveBase ActionClient creation pattern cannot be found in the empty/invalid output."
deepseek_deepseek-v4-pro,action_server,task_011_pr2_door,test_wait_for_server_called,FAILED,A1,"No code was generated or parsing failed, so the file contains no wait_for_server() calls, causing the test to fail."
deepseek_deepseek-v4-pro,action_server,task_011_pr2_door,test_subscriber_exists,FAILED,C3,"The generated code is missing the Subscriber to /test_output topic, which is a required behavioral element expected by the oracle test."
deepseek_deepseek-v4-pro,action_server,task_011_pr2_door,test_goal_initialization,FAILED,C3,"The generated code does not initialize MoveBaseGoal() as required by the test, indicating a semantic/behavioral omission in the migration."
deepseek_deepseek-v4-pro,action_server,task_011_pr2_door,OVERALL_HIDDEN_ERROR_CHECK,FAILED,E2,"The generated code is empty or failed to parse, which is a critical hard error that should not pass any meaningful tests."
deepseek_deepseek-v4-pro,action_server,task_012_move_arm_cartesian_action,test_ros2_node_initialization,FAILED,E1,"The oracle test expects ROS 1's AsyncSpinner pattern in ROS 2 code, but ROS 2 doesn't have rclcpp::AsyncSpinner (it uses MultiThreadedExecutor instead), so this is a flawed test expectation rather than a code defect."
deepseek_deepseek-v4-pro,action_server,task_012_move_arm_cartesian_action,test_move_group_interface_exists,FAILED,E1,"The MoveGroupInterface in ROS 2 requires a node handle as the first argument (e.g., MoveGroupInterface(node, PLANNING_GROUP)), so the rigid regex expecting only PLANNING_GROUP as the sole argument fails despite the code being functionally correct for ROS 2."
deepseek_deepseek-v4-pro,action_server,task_012_move_arm_cartesian_action,test_path_constraints,FAILED,E1,"The test regex expects ROS 1 style 'moveit_msgs::Constraints' but ROS 2 code correctly uses 'moveit_msgs::msg::Constraints', causing a false positive style/format mismatch failure."
deepseek_deepseek-v4-pro,action_server,task_012_move_arm_cartesian_action,test_cartesian_path_computation,FAILED,E1,"The test expects ROS1-style 'geometry_msgs::Pose' but ROS 2 correctly uses 'geometry_msgs::msg::Pose', making this a rigid formatting mismatch where functionally correct ROS 2 code is rejected."
deepseek_deepseek-v4-pro,action_server,task_012_move_arm_cartesian_action,test_collision_object_added,FAILED,E1,"The test fails because it expects ROS 1-style 'moveit_msgs::CollisionObject' syntax, but valid ROS 2 code would use 'moveit_msgs::msg::CollisionObject', making this a rigid format mismatch rather than a true functional error."
deepseek_deepseek-v4-pro,action_server,task_012_move_arm_cartesian_action,OVERALL_HIDDEN_ERROR_CHECK,FAILED,E2,"The generated code is empty ('NO CODE GENERATED OR PARSE FAILED'), which is a critical hard failure that the oracle marked as SUCCESS."
google_gemini-3.1-pro-preview,manipulation,task_001_pick_and_place,test_detector_async_non_blocking_pattern,FAILED,B1,"The generated detector code retained the ROS 1 'wait_for_service' blocking pattern instead of replacing it with ROS 2 async equivalents, causing the anti-leakage check to fail."
google_gemini-3.1-pro-preview,manipulation,task_001_pick_and_place,test_static_interface_linkage_consistency,FAILED,C3,"The generated detector code uses a topic name that does not include '/object_detection', causing the linkage consistency check between publisher and subscriber to fail."
google_gemini-3.1-pro-preview,manipulation,task_001_pick_and_place,OVERALL_HIDDEN_ERROR_CHECK,FAILED,E2,"No code was generated, so the files cannot exist or pass any functional checks, indicating a critical hard error missed by the oracle."
google_gemini-3.1-pro-preview,manipulation,task_002_ur5_pick_and_place,test_controller_move_to_logic,FAILED,C3,"The generated controller.py lacks Slerp-based orientation interpolation in move_to, representing a semantic/behavioral omission of required kinematics logic."
google_gemini-3.1-pro-preview,manipulation,task_002_ur5_pick_and_place,test_no_nested_deadlocks,FAILED,C1,"The generated code uses rclpy.spin_until_future_complete inside class methods, causing nested executor deadlocks—a Node/Lifecycle Logic Issue specific to ROS 2 async patterns."
google_gemini-3.1-pro-preview,manipulation,task_002_ur5_pick_and_place,test_trajectory_interpolation_integrity,FAILED,C3,"The generated move_to method uses a range-based loop but omits the required Slerp orientation interpolation, resulting in unsafe trajectory generation semantics."
google_gemini-3.1-pro-preview,manipulation,task_002_ur5_pick_and_place,OVERALL_HIDDEN_ERROR_CHECK,FAILED,E2,"The generated code is empty ('NO CODE GENERATED OR PARSE FAILED'), which is a critical hard error that the oracle failed to catch as SUCCESS."
google_gemini-3.1-pro-preview,manipulation,task_003_ur5_red_box,test_cmakelists_rosidl_integrity,FAILED,E2,"No code was generated, so the CMakeLists.txt is empty and missing required ROS 2 build directives, representing a critical hard failure."
google_gemini-3.1-pro-preview,manipulation,task_003_ur5_red_box,test_package_xml_modern_format,FAILED,A1,"No code was generated or parsing failed, so the package.xml file is empty/missing, causing the format check to fail."
google_gemini-3.1-pro-preview,manipulation,task_003_ur5_red_box,OVERALL_HIDDEN_ERROR_CHECK,FAILED,E2,"No code was generated or parsing failed, which means the migration produced no output—yet the oracle status is marked SUCCESS, missing this critical hard failure."
google_gemini-3.1-pro-preview,manipulation,task_004_simplified_pick_place,test_migration_tf2_logic,FAILED,E2,"The generated code exists (contrary to the placeholder note) but lacks the required tf2_ros.Buffer() initialization, indicating a real semantic migration gap rather than a formatting issue."
google_gemini-3.1-pro-preview,manipulation,task_004_simplified_pick_place,test_migration_async_handling,FAILED,E2,"The generated code lacks 'call_async' for asynchronous service handling, indicating an incomplete migration of ROS 1 synchronous service calls to ROS 2 async pattern."
google_gemini-3.1-pro-preview,manipulation,task_004_simplified_pick_place,OVERALL_HIDDEN_ERROR_CHECK,FAILED,E2,"No code was generated or parsing failed, yet the oracle reported SUCCESS, indicating the test suite failed to catch this critical absence of migration code."
google_gemini-3.1-pro-preview,manipulation,task_005_interbotix_demo,test_shared_node_instance,FAILED,E2,"No code was generated or parsing failed, resulting in an empty file that cannot compile or run, which is a critical hard error."
google_gemini-3.1-pro-preview,manipulation,task_005_interbotix_demo,test_constructor_params_migration,FAILED,C3,"The generated code instantiates InterbotixManipulatorXS without the required robot_model='wx200' parameter, indicating a semantic migration error where hardware-specific configuration was dropped."
google_gemini-3.1-pro-preview,manipulation,task_005_interbotix_demo,test_no_rospy_artifacts,FAILED,B1,"The generated code retained a legacy 'roslaunch' reference (likely in a comment) instead of replacing it with 'ros2 launch', failing the anti-leakage check."
google_gemini-3.1-pro-preview,manipulation,task_005_interbotix_demo,OVERALL_HIDDEN_ERROR_CHECK,FAILED,E2,"The generated code is empty ('NO CODE GENERATED OR PARSE FAILED'), which is a critical hard failure, yet the oracle reported SUCCESS."
google_gemini-3.1-pro-preview,manipulation,task_006_pick_up_objects,test_service_interface_alignment,FAILED,A1,"No code was generated or parsing failed, so all tests including the service interface alignment test fail due to absent code."
google_gemini-3.1-pro-preview,manipulation,task_006_pick_up_objects,test_no_leading_slashes_in_topics,FAILED,C3,"The generated manager code retained a leading slash in the '/gazebo' service name, violating ROS 2 namespace conventions expected by the test."
google_gemini-3.1-pro-preview,manipulation,task_006_pick_up_objects,test_no_nested_spin,FAILED,C1,"The generated manager code contains rclpy.spin calls inside a method (likely spin_until_future_complete or similar nested spin pattern within __init__ or another method), which causes nested spin issues in ROS 2."
google_gemini-3.1-pro-preview,manipulation,task_006_pick_up_objects,OVERALL_HIDDEN_ERROR_CHECK,FAILED,E2,"The generated code is empty ('NO CODE GENERATED OR PARSE FAILED'), which is a critical hard error, but the oracle reported SUCCESS, meaning it failed to detect the missing implementation."
google_gemini-3.1-pro-preview,manipulation,task_007_tm_robot_arms,test_demo_blocking_call,FAILED,C3,"The generated demo script calls ask_item without a wait_time > 0 argument, failing to implement the required blocking service call semantics."
google_gemini-3.1-pro-preview,manipulation,task_007_tm_robot_arms,OVERALL_HIDDEN_ERROR_CHECK,FAILED,E2,"No code was generated or parsed, which means the migration produced nothing to run, yet the oracle reported SUCCESS—a critical hard error was missed."
google_gemini-3.1-pro-preview,manipulation,task_008_allegro_hand,test_can_unpack_logic,FAILED,A1,"No code was generated or parsing failed, so the file lacks the required CAN unpacking logic patterns."
google_gemini-3.1-pro-preview,manipulation,task_008_allegro_hand,test_bitmask_update,FAILED,C3,"The generated driver code does not implement the readiness bitmask update logic (_curr_position_get |= (0x01 << findex)), representing a missing semantic behavior required by the test."
google_gemini-3.1-pro-preview,manipulation,task_008_allegro_hand,test_control_sync_flow,FAILED,A1,"No code was generated or parsing failed, resulting in missing source files that the test expects to read."
google_gemini-3.1-pro-preview,manipulation,task_008_allegro_hand,test_data_consistency_backup,FAILED,A1,"No code was generated or parse failed, resulting in missing source files that the test cannot read."
google_gemini-3.1-pro-preview,manipulation,task_008_allegro_hand,test_velocity_calculation,FAILED,A1,"No code was generated or parsed, resulting in missing files that prevent any test from executing."
google_gemini-3.1-pro-preview,manipulation,task_008_allegro_hand,test_emergency_stop_logic,FAILED,A1,"No code was generated or parsing failed, resulting in missing source files that caused the test to fail with FileNotFoundError."
google_gemini-3.1-pro-preview,manipulation,task_008_allegro_hand,test_variable_naming_consistency,FAILED,E2,"No code was generated or parsing failed, which is a critical hard error preventing any functionality."
google_gemini-3.1-pro-preview,manipulation,task_008_allegro_hand,OVERALL_HIDDEN_ERROR_CHECK,FAILED,E2,"The generated code is empty ('NO CODE GENERATED OR PARSE FAILED'), which is a critical hard error, but the oracle marked the status as SUCCESS."
google_gemini-3.1-pro-preview,manipulation,task_009_urdf,test_urdf_kinematics,FAILED,A1,"No code was generated, so the required URDF/SRDF/YAML files do not exist, causing the test to fail with FileNotFoundError."
google_gemini-3.1-pro-preview,manipulation,task_009_urdf,test_srdf_semantic_logic,FAILED,A1,"No code was generated, so the required SRDF file does not exist, causing the test to fail with FileNotFoundError."
google_gemini-3.1-pro-preview,manipulation,task_009_urdf,test_joint_limits_overrides,FAILED,A1,"No code was generated, so the required joint_limits.yaml file does not exist, causing the test to fail with FileNotFoundError."
google_gemini-3.1-pro-preview,manipulation,task_009_urdf,OVERALL_HIDDEN_ERROR_CHECK,FAILED,E2,"No code was generated, so there is nothing functional; the oracle's SUCCESS status is a false negative as the missing code cannot satisfy any real migration requirement."
google_gemini-3.1-pro-preview,manipulation,task_010_reach_study,test_ros1_remnants_check,FAILED,E1,"The test uses a substring check for 'ros::' which incorrectly matches 'reach_ros::', a valid ROS 2 namespace, causing a false positive."
google_gemini-3.1-pro-preview,manipulation,task_010_reach_study,OVERALL_HIDDEN_ERROR_CHECK,FAILED,E2,"No code was generated or parsing failed, which is a critical hard error that the oracle test failed to catch as SUCCESS."
google_gemini-3.1-pro-preview,navigation,task_001_simple_map_navigation_2d,OVERALL_HIDDEN_ERROR_CHECK,FAILED,E2,"No code was generated, so the package would fail to build entirely, yet the oracle reported SUCCESS."
google_gemini-3.1-pro-preview,navigation,task_002_husky_sim_navigation,test_pkg_format_and_buildtool,FAILED,A1,"No code was generated, so package.xml is empty and fails the format 3 check."
google_gemini-3.1-pro-preview,navigation,task_002_husky_sim_navigation,test_nav_stack_replacement,FAILED,E2,"No code was generated, so the migration completely failed to produce the required package.xml with nav2_bringup dependency."
google_gemini-3.1-pro-preview,navigation,task_002_husky_sim_navigation,test_cmake_asset_installation,FAILED,A1,"No code was generated or parsing failed, resulting in empty files that cannot satisfy the CMake installation requirements."
google_gemini-3.1-pro-preview,navigation,task_002_husky_sim_navigation,test_cmake_ament_registration,FAILED,A1,"No code was generated, so the CMakeLists.txt is empty and lacks the required ament_package() call."
google_gemini-3.1-pro-preview,navigation,task_002_husky_sim_navigation,test_launch_path_resolution,FAILED,A1,"No code was generated or parsing failed, resulting in empty files that cannot satisfy any test assertions."
google_gemini-3.1-pro-preview,navigation,task_002_husky_sim_navigation,test_launch_conditional_logic,FAILED,E2,"No code was generated or parsing failed, resulting in empty content that cannot satisfy the test requirements."
google_gemini-3.1-pro-preview,navigation,task_002_husky_sim_navigation,OVERALL_HIDDEN_ERROR_CHECK,FAILED,E2,"No code was generated or parse failed, which means no migration artifacts exist, yet the oracle reported SUCCESS—indicating a missed hard error."
google_gemini-3.1-pro-preview,navigation,task_003_waypoint_following,test_dependency_sync_xml_and_cmake,FAILED,A1,"No code was generated or parsing failed, so no files exist to satisfy the dependency synchronization check."
google_gemini-3.1-pro-preview,navigation,task_003_waypoint_following,test_interface_sync_cmake_and_cpp,FAILED,E2,"No code was generated or parsing failed, resulting in empty files that fail the test."
google_gemini-3.1-pro-preview,navigation,task_003_waypoint_following,test_cpp_action_server_logic,FAILED,C3,The generated C++ code is missing the core arithmetic logic 'a + b' required for the action server's functional parity.
google_gemini-3.1-pro-preview,navigation,task_003_waypoint_following,test_build_system_migration,FAILED,A1,"No code was generated or parsing failed, so package.xml is empty and lacks ament_cmake references."
google_gemini-3.1-pro-preview,navigation,task_003_waypoint_following,OVERALL_HIDDEN_ERROR_CHECK,FAILED,E2,"No code was generated or parsing failed, which is a critical hard error that the oracle tests failed to catch as SUCCESS."
google_gemini-3.1-pro-preview,navigation,task_004_obstacle_avoidance,test_cmake_integration,FAILED,E2,"No code was generated, so the CMakeLists.txt is empty and fails the integration check; this represents a missed hard error in generation."
google_gemini-3.1-pro-preview,navigation,task_004_obstacle_avoidance,test_package_xml_deps,FAILED,E2,"No code was generated, so the package.xml is empty and missing all required ROS 2 dependencies, which is a critical hard failure."
google_gemini-3.1-pro-preview,navigation,task_004_obstacle_avoidance,OVERALL_HIDDEN_ERROR_CHECK,FAILED,E2,"The generated code is empty (parse failed), which would cause complete compilation failure, yet the oracle reported SUCCESS, indicating a missed hard error."
google_gemini-3.1-pro-preview,navigation,task_005_plugin_replacement,test_interface_signature_consistency,FAILED,A1,"No code was generated, so the file is empty and fails the pure virtual function pattern check."
google_gemini-3.1-pro-preview,navigation,task_005_plugin_replacement,test_build_system_bridge,FAILED,A1,"No code was generated, so the CMakeLists.txt is empty and fails the plugin XML installation check."
google_gemini-3.1-pro-preview,navigation,task_005_plugin_replacement,test_class_export_match,FAILED,E2,"The generated code is missing the PLUGINLIB_EXPORT_CLASS macro registration, which is a critical hard error that would prevent the plugin from being discovered and loaded at runtime."
google_gemini-3.1-pro-preview,navigation,task_005_plugin_replacement,OVERALL_HIDDEN_ERROR_CHECK,FAILED,E2,"No code was generated or parsing failed, which is a critical hard error that should not pass any tests."
google_gemini-3.1-pro-preview,navigation,task_006_exploration_mapping,test_hole1_slam_node_translation,FAILED,A1,"No code was generated or parsing failed, resulting in empty content that cannot satisfy any ROS 2 syntax requirements."
google_gemini-3.1-pro-preview,navigation,task_006_exploration_mapping,test_hole2_costmap_sensor_translation,FAILED,A1,"No code was generated or parsing failed, resulting in empty file content that fails the topic check."
google_gemini-3.1-pro-preview,navigation,task_006_exploration_mapping,test_rviz_migration_consistency,FAILED,A1,"No code was generated or parsing failed, resulting in empty file content and failing the rviz2 migration check."
google_gemini-3.1-pro-preview,navigation,task_006_exploration_mapping,OVERALL_HIDDEN_ERROR_CHECK,FAILED,E2,"The generated code is empty (parse failure), which would cause all functional tests to fail, yet the oracle reported SUCCESS, indicating a missed hard error."
google_gemini-3.1-pro-preview,navigation,task_007_navigation_sensor_failure,test_service_callback_signatures,FAILED,C3,"The generated header retains ROS 1-style service callback signatures instead of using the ROS 2 (Request::SharedPtr, Response::SharedPtr) pattern, causing a semantic migration error."
google_gemini-3.1-pro-preview,navigation,task_007_navigation_sensor_failure,test_service_binding_logic,FAILED,E2,"The generated code was not produced or failed to parse, yet the error log shows actual file content was tested, indicating a critical generation/parse failure that should be treated as a hard error."
google_gemini-3.1-pro-preview,navigation,task_007_navigation_sensor_failure,OVERALL_HIDDEN_ERROR_CHECK,FAILED,E2,"The generated code is empty ('NO CODE GENERATED OR PARSE FAILED'), which is a critical hard error that the oracle marked as SUCCESS, missing the failure."
google_gemini-3.1-pro-preview,navigation,task_008_exploration_mapping,test_architecture_transformation,FAILED,C3,"The generated code retained a standalone main() function and did not properly refactor the class to inherit from hardware_interface::SystemInterface, indicating an incomplete semantic transformation from a standalone node to a plugin architecture."
google_gemini-3.1-pro-preview,navigation,task_008_exploration_mapping,test_interface_matching_logic,FAILED,C3,"The generated code is missing the required joint names 'left_wheel_joint' and 'right_wheel_joint' that are needed to match the controller's interface requirements, indicating a semantic mismatch in the hardware interface configuration."
google_gemini-3.1-pro-preview,navigation,task_008_exploration_mapping,test_yaml_structure_and_sync,FAILED,A1,"No code was generated, so the required controllers.yaml file does not exist, causing the test to fail with FileNotFoundError."
google_gemini-3.1-pro-preview,navigation,task_008_exploration_mapping,OVERALL_HIDDEN_ERROR_CHECK,FAILED,E2,"No code was generated or parsing failed, yet the oracle reported SUCCESS, indicating the test framework missed a critical hard error (missing implementation entirely)."
google_gemini-3.1-pro-preview,simulation_integration,task_001_urdf,test_urdf_base_link_consistency,FAILED,A1,"No code was generated, so the required URDF file was missing and the test failed to find it."
google_gemini-3.1-pro-preview,simulation_integration,task_001_urdf,test_urdf_inertial_integration,FAILED,A1,"No code was generated or parsing failed, so the required URDF file does not exist for the test to verify."
google_gemini-3.1-pro-preview,simulation_integration,task_001_urdf,test_launch_xacro_command_api,FAILED,A1,"No code was generated, so the required launch file does not exist, causing the test to fail at the file existence check."
google_gemini-3.1-pro-preview,simulation_integration,task_001_urdf,test_launch_resource_indexing,FAILED,E2,"No code was generated, so the required launch file does not exist, causing the test to fail due to a missing critical artifact."
google_gemini-3.1-pro-preview,simulation_integration,task_001_urdf,test_launch_parameter_wrapping,FAILED,A1,"No code was generated or parsing failed, so the required launch file does not exist for the test to evaluate."
google_gemini-3.1-pro-preview,simulation_integration,task_001_urdf,test_anti_leakage_ros1_substitution,FAILED,A1,"No code was generated, so the required launch file does not exist, causing the test to fail at file lookup."
google_gemini-3.1-pro-preview,simulation_integration,task_001_urdf,test_launch_integration_completeness,FAILED,E2,"No code was generated, so the launch file does not exist, causing the test to fail at file lookup—a critical missing output."
google_gemini-3.1-pro-preview,simulation_integration,task_001_urdf,OVERALL_HIDDEN_ERROR_CHECK,FAILED,E2,"No code was generated, yet the oracle reported SUCCESS, indicating a missed hard error."
google_gemini-3.1-pro-preview,simulation_integration,task_002_gazebo_plugin,test_launch_empty_world_inclusion,FAILED,A1,"No code was generated, so the required launch file does not exist, causing the test to fail on missing file."
google_gemini-3.1-pro-preview,simulation_integration,task_002_gazebo_plugin,test_launch_world_parameter_passing,FAILED,A1,"No code was generated, so the required hello.launch file is missing, causing the file-not-found failure."
google_gemini-3.1-pro-preview,simulation_integration,task_002_gazebo_plugin,test_launch_xml_structure,FAILED,A1,"No code was generated, so the required hello.launch file does not exist, causing the file-not-found failure."
google_gemini-3.1-pro-preview,simulation_integration,task_002_gazebo_plugin,test_anti_leakage_ros2_substitution,FAILED,E2,"No code was generated, so the required launch file is missing entirely, causing the test to fail on file existence."
google_gemini-3.1-pro-preview,simulation_integration,task_002_gazebo_plugin,OVERALL_HIDDEN_ERROR_CHECK,FAILED,E2,"No code was generated or parsing failed, which is a critical hard error that should have caused test failures but the oracle reported SUCCESS."
google_gemini-3.1-pro-preview,simulation_integration,task_003_turtlebot3_gazebo,test_burger_base_link_mesh,FAILED,A1,"No code was generated or parsing failed, so the required URDF file does not exist, causing the test to fail with FileNotFoundError."
google_gemini-3.1-pro-preview,simulation_integration,task_003_turtlebot3_gazebo,test_burger_collision_geometry,FAILED,A1,"No code was generated, so the required URDF file does not exist, causing FileNotFoundError."
google_gemini-3.1-pro-preview,simulation_integration,task_003_turtlebot3_gazebo,test_burger_inertial_properties,FAILED,A1,"No code was generated or parsed, so the required URDF file does not exist, causing the test to fail with a FileNotFoundError."
google_gemini-3.1-pro-preview,simulation_integration,task_003_turtlebot3_gazebo,test_waffle_dual_caster_structure,FAILED,A1,"No code was generated or parsing failed, so the required URDF file does not exist, causing a FileNotFoundError."
google_gemini-3.1-pro-preview,simulation_integration,task_003_turtlebot3_gazebo,test_waffle_base_link_mesh,FAILED,E2,"The code generation failed entirely (no code produced), so required files like turtlebot3_waffle.urdf were never created, causing the test to fail with a FileNotFoundError."
google_gemini-3.1-pro-preview,simulation_integration,task_003_turtlebot3_gazebo,test_launch_server_client_separation,FAILED,C3,"The generated launch file does not include the required '-r -s -v2' arguments for the gzserver command, indicating a semantic error in replicating the server/client separation logic."
google_gemini-3.1-pro-preview,simulation_integration,task_003_turtlebot3_gazebo,OVERALL_HIDDEN_ERROR_CHECK,FAILED,E2,"No code was generated or parsing failed, yet the oracle reported SUCCESS, indicating a critical hard error was missed."
google_gemini-3.1-pro-preview,simulation_integration,task_004_industrial_robot_simulator,test_ros2_state_node_lifecycle,FAILED,C3,"The generated code uses stack allocation (RobotStateInterface rsi;) instead of std::make_shared, which is a semantic/behavioral deviation from idiomatic ROS 2 node instantiation."
google_gemini-3.1-pro-preview,simulation_integration,task_004_industrial_robot_simulator,test_launch_system_migration_check,FAILED,A1,"No code was generated, so the required launch file does not exist, causing the test to fail with FileNotFoundError."
google_gemini-3.1-pro-preview,simulation_integration,task_004_industrial_robot_simulator,OVERALL_HIDDEN_ERROR_CHECK,FAILED,E2,"No code was generated or parsing failed, which is a critical hard error that the oracle test failed to catch as SUCCESS."
google_gemini-3.1-pro-preview,simulation_integration,task_005_Allegro_Hand_V5_ROS1_Task,test_cmake_ros2_ament_integrity,FAILED,A1,"No code was generated or parsing failed, resulting in empty files that fail all content assertions."
google_gemini-3.1-pro-preview,simulation_integration,task_005_Allegro_Hand_V5_ROS1_Task,test_imu_physics_frequency_scaling_semantics,FAILED,C3,"The generated code is missing the required 1/sqrt(dt) white noise scaling logic, which is a semantic/behavioral error in the IMU physics computation."
google_gemini-3.1-pro-preview,simulation_integration,task_005_Allegro_Hand_V5_ROS1_Task,test_ros2_api_usage,FAILED,B1,"The generated code retains legacy ROS 1/Gazebo APIs (e.g., imu_pub_->Publish, no rclcpp::init or rclcpp::Node usage) instead of migrating to ROS 2 rclcpp APIs."
google_gemini-3.1-pro-preview,simulation_integration,task_005_Allegro_Hand_V5_ROS1_Task,test_no_legacy_remnants,FAILED,B1,The generated code retains legacy Gazebo Protobuf 'set_allocated_' calls and old publish patterns instead of migrating to ROS 2 sensor_msgs::msg::Imu.
google_gemini-3.1-pro-preview,simulation_integration,task_005_Allegro_Hand_V5_ROS1_Task,test_msgbuffer_memory_logic,FAILED,A1,"No code was generated, causing all file reads to return empty strings and fail content assertions."
google_gemini-3.1-pro-preview,simulation_integration,task_005_Allegro_Hand_V5_ROS1_Task,test_msgbuffer_safety_assertions,FAILED,A1,"No code was generated, so the buffer file is empty and fails all assertions including the safety assertion check."
google_gemini-3.1-pro-preview,simulation_integration,task_005_Allegro_Hand_V5_ROS1_Task,test_header_inclusion_semantics,FAILED,A1,"No code was generated or parsing failed, resulting in empty files that cannot satisfy any content assertions."
google_gemini-3.1-pro-preview,simulation_integration,task_005_Allegro_Hand_V5_ROS1_Task,OVERALL_HIDDEN_ERROR_CHECK,FAILED,E2,"No code was generated or parsing failed, so the migration is entirely missing, yet the oracle reported SUCCESS, indicating a missed hard error."
google_gemini-3.1-pro-preview,simulation_integration,task_006-ardupilot-gazebo,test_socket_pollin_logic,FAILED,A1,"No code was generated, so the file is empty and fails all content-based assertions including the FD_ZERO check."
google_gemini-3.1-pro-preview,simulation_integration,task_006-ardupilot-gazebo,test_socket_recv_semantics,FAILED,A1,"No code was generated or parsing failed, resulting in empty file content that cannot satisfy the MSG_DONTWAIT requirement."
google_gemini-3.1-pro-preview,simulation_integration,task_006-ardupilot-gazebo,test_preupdate_protocol_parsing,FAILED,A1,"The generated code is empty (parse failed), so no content exists for the test to find sock.recv or any other required logic."
google_gemini-3.1-pro-preview,simulation_integration,task_006-ardupilot-gazebo,test_lockstep_logic,FAILED,A1,"No code was generated or parsing failed, resulting in empty content that cannot satisfy the lockstep logic requirement."
google_gemini-3.1-pro-preview,simulation_integration,task_006-ardupilot-gazebo,test_pwm_normalization_logic,FAILED,A1,"No code was generated or parsing failed, resulting in empty files that cannot satisfy the PWM normalization pattern requirement."
google_gemini-3.1-pro-preview,simulation_integration,task_006-ardupilot-gazebo,test_joint_command_application,FAILED,E2,"No code was generated or parsing failed, which is a critical hard error preventing any functionality including joint command application."
google_gemini-3.1-pro-preview,simulation_integration,task_006-ardupilot-gazebo,test_failsafe_handling,FAILED,A1,"No code was generated or parsing failed, resulting in empty file content that fails all assertions including the failsafe check."
google_gemini-3.1-pro-preview,simulation_integration,task_006-ardupilot-gazebo,OVERALL_HIDDEN_ERROR_CHECK,FAILED,E2,"No code was generated or parse failed, which is a critical hard error that should not pass any tests, indicating the oracle failed to catch the absence of code."
google_gemini-3.1-pro-preview,simulation_integration,task_007_carla_ros_bridge,test_twist_linear_rotation_logic,FAILED,C3,"The generated transforms.py code does not include the rotation-aware linear velocity transformation branch using carla_vector_to_ros_vector_rotated, indicating missing semantic behavior in the migration."
google_gemini-3.1-pro-preview,simulation_integration,task_007_carla_ros_bridge,test_actor_factory_pre_tick_update,FAILED,A1,"No code was generated or parsing failed, so the bridge.py file lacks the required actor_factory.update_available_objects() call entirely."
google_gemini-3.1-pro-preview,simulation_integration,task_007_carla_ros_bridge,OVERALL_HIDDEN_ERROR_CHECK,FAILED,E2,"No code was generated, so the migration is critically broken, but the oracle marked it as success."
google_gemini-3.1-pro-preview,simulation_integration,task_008_navigation_recovery_action,test_service_client_and_call,FAILED,C3,"The generated code left a TODO block unfilled, missing the service client creation for /gazebo/set_model_state, which is a semantic/behavioral omission rather than a syntax or API error."
google_gemini-3.1-pro-preview,simulation_integration,task_008_navigation_recovery_action,OVERALL_HIDDEN_ERROR_CHECK,FAILED,E2,"No code was generated, so any oracle test passing is invalid; this is a critical missed error."
google_gemini-3.1-pro-preview,multi_node,task_001_rosserial_python_integration,test_absence_of_global_node_init,FAILED,C3,"The generated SerialClient.py creates its own node via rclpy.create_node instead of using the injected node, violating the dependency injection pattern required by the migration."
google_gemini-3.1-pro-preview,multi_node,task_001_rosserial_python_integration,OVERALL_HIDDEN_ERROR_CHECK,FAILED,E2,"No code was generated or parsing failed, so there is nothing to test against; the oracle marking this as SUCCESS is a missed hard error."
google_gemini-3.1-pro-preview,multi_node,task_002_sm_rosbag_recorder,OVERALL_CODE_CHECK,SUCCESS,E2,"The generated code is empty ('NO CODE GENERATED OR PARSE FAILED'), which should fail all tests, but the oracle reportedly passed — this indicates a missed hard error."
google_gemini-3.1-pro-preview,multi_node,task_004_talker_relay_listener,OVERALL_CODE_CHECK,SUCCESS,E2,"The generated code is empty ('NO CODE GENERATED OR PARSE FAILED'), which means no files exist, yet the oracle tests passed - this is a critical false negative since read_file returns empty strings for missing files and the assertions trivially pass."
google_gemini-3.1-pro-preview,multi_node,task_005_KIE_multiagent_model,test_if_no_xmlrpc_usage,FAILED,B1,The generated interface_finder.py still contains legacy xmlrpc imports and usage instead of being replaced with ROS 2 graph API calls.
google_gemini-3.1-pro-preview,multi_node,task_005_KIE_multiagent_model,OVERALL_HIDDEN_ERROR_CHECK,FAILED,E2,"No code was generated, so all file-existence checks should skip and tests trivially pass, but the absence of any migrated code is a critical hard error missed by the oracle."
google_gemini-3.1-pro-preview,multi_node,task_006_swarm_ros_bridge,test_hpp_ros2_interface_migration,FAILED,E2,"The generated code did not migrate the header file's vector to use rclcpp SharedPtr types, leaving legacy or incomplete interface declarations that fail the ROS 2 migration requirement."
google_gemini-3.1-pro-preview,multi_node,task_006_swarm_ros_bridge,test_cpp_node_inheritance_usage,FAILED,C3,The generated code uses ROS 2 APIs but does not use the 'this->' or 'node->' prefix for create_publisher/create_subscription calls as expected by the test.
google_gemini-3.1-pro-preview,multi_node,task_006_swarm_ros_bridge,test_cpp_qos_usage,FAILED,C2,"The generated code failed to include ROS 2 QoS profiles (rclcpp::QoS/SystemDefaultsQoS/SensorDataQoS), indicating a QoS profile mismatch in the migration."
google_gemini-3.1-pro-preview,multi_node,task_006_swarm_ros_bridge,test_system_callback_consistency,FAILED,C3,"The generated code's sub_cb callback signature does not match the expected ROS 2 SharedPtr pattern, indicating a semantic migration error in the callback signature."
google_gemini-3.1-pro-preview,multi_node,task_006_swarm_ros_bridge,OVERALL_HIDDEN_ERROR_CHECK,FAILED,E2,"No code was generated or parsing failed, which is a critical hard error that should not pass any meaningful migration test, yet the oracle reported SUCCESS."
google_gemini-3.1-pro-preview,multi_node,task_007_aws_les,test_member_variable_consistency,FAILED,A1,"No code was generated or parsing failed, resulting in missing files that the test cannot locate."
google_gemini-3.1-pro-preview,multi_node,task_007_aws_les,test_callback_signature_sync,FAILED,A1,"No code was generated or parsing failed, resulting in missing files that the test cannot open."
google_gemini-3.1-pro-preview,multi_node,task_007_aws_les,test_service_binding_pattern,FAILED,B1,The generated code did not migrate the ROS 1 service registration to use std::bind with two placeholders as required by the ROS 2 create_service API.
google_gemini-3.1-pro-preview,multi_node,task_007_aws_les,test_inheritance_pattern,FAILED,A1,"No code was generated or parsing failed, so the required header and source files do not exist, causing all tests including test_inheritance_pattern to fail."
google_gemini-3.1-pro-preview,multi_node,task_007_aws_les,test_message_namespace_migration,FAILED,A1,"No code was generated or parse failed, resulting in missing source files that the test cannot open."
google_gemini-3.1-pro-preview,multi_node,task_007_aws_les,test_ros1_leakage_cleanup,FAILED,A1,"No code was generated, so the required header/source files do not exist, causing all tests including test_ros1_leakage_cleanup to fail with FileNotFoundError."
google_gemini-3.1-pro-preview,multi_node,task_007_aws_les,OVERALL_HIDDEN_ERROR_CHECK,FAILED,E2,"No code was generated or parsing failed, so there is no valid ROS 2 migration—this is a critical hard error that the oracle missed."
google_gemini-3.1-pro-preview,multi_node,task_009_fleet_system,test_time_struct_field_sync,FAILED,A1,"No code was generated, so required files like schema.fbs and msg2fbs.py do not exist, causing FileNotFoundError."
google_gemini-3.1-pro-preview,multi_node,task_009_fleet_system,test_header_schema_no_seq,FAILED,A1,"No code was generated, so required files like schema.fbs are missing, causing FileNotFoundError."
google_gemini-3.1-pro-preview,multi_node,task_009_fleet_system,test_namespace_conversion_logic,FAILED,E1,"The test rigidly checks for a specific string literal '.replace(""/"", ""."")' in the source code, which is a style/format expectation rather than functional correctness verification."
google_gemini-3.1-pro-preview,multi_node,task_009_fleet_system,test_no_ros1_naming_leakage,FAILED,A1,"No code was generated, so the required files (msg2fbs.py and schema.fbs) do not exist, causing the test to fail with FileNotFoundError."
google_gemini-3.1-pro-preview,multi_node,task_009_fleet_system,OVERALL_HIDDEN_ERROR_CHECK,FAILED,E2,"No code was generated or parsing failed, yet the oracle reports SUCCESS, meaning the tests failed to catch the absence of any implementation."
google_gemini-3.1-pro-preview,multi_node,task_011_amr_interop,test_py_ros_to_mqtt_orchestration,FAILED,C3,"The generated code's subscription wiring did not link VDAOrderState message type to the self._publish_state callback using the expected create_subscription pattern, indicating a semantic/behavioral error in orchestration logic."
google_gemini-3.1-pro-preview,multi_node,task_011_amr_interop,test_no_ros1_terminology_leakage,FAILED,E1,"The test itself has a regex error ('Publisher(' creates an unterminated subpattern), causing it to fail with re.error regardless of generated code content."
google_gemini-3.1-pro-preview,multi_node,task_011_amr_interop,OVERALL_HIDDEN_ERROR_CHECK,FAILED,E2,"No code was generated or parsing failed, so the migration is entirely missing yet the oracle reported SUCCESS, representing a critical missed hard error."
google_gemini-3.1-pro-preview,multi_node,task_012_multimaster_flie,test_monitor_uses_succeed_helper,FAILED,E2,"No code was generated or parsing failed, which represents a critical hard error preventing any functionality."
google_gemini-3.1-pro-preview,multi_node,task_012_multimaster_flie,test_sync_loop_prevention,FAILED,E2,"No code was generated, so any test failure indicates a critical hard error preventing evaluation."
google_gemini-3.1-pro-preview,multi_node,task_012_multimaster_flie,test_absence_of_hardcoded_names,FAILED,C3,"The generated code contains hardcoded node name strings like '/master_discovery' instead of using dynamic node name retrieval, indicating a semantic/behavioral error in the migration."
google_gemini-3.1-pro-preview,multi_node,task_012_multimaster_flie,OVERALL_HIDDEN_ERROR_CHECK,FAILED,E2,"No code was generated or parsing failed, which is a critical hard error that the oracle marked as SUCCESS."
qwen_qwen3.5-plus-02-15,manipulation,task_001_pick_and_place,test_detector_async_non_blocking_pattern,FAILED,B1,"The generated detector code still contains the ROS 1 'wait_for_service' blocking pattern instead of using ROS 2 async equivalents, indicating legacy API was not properly replaced."
qwen_qwen3.5-plus-02-15,manipulation,task_001_pick_and_place,test_static_interface_linkage_consistency,FAILED,C3,"The generated detector code is missing the '/object_detection' topic name, causing a linkage inconsistency between publisher and subscriber components."
qwen_qwen3.5-plus-02-15,manipulation,task_001_pick_and_place,OVERALL_HIDDEN_ERROR_CHECK,FAILED,E2,"No code was generated, so the files cannot exist or pass any functional checks, indicating a critical hard error missed by the oracle."
qwen_qwen3.5-plus-02-15,manipulation,task_002_ur5_pick_and_place,test_controller_move_to_logic,FAILED,C3,"The generated controller.py lacks the Slerp orientation interpolation logic required for safe trajectory generation in move_to, representing a semantic/behavioral omission."
qwen_qwen3.5-plus-02-15,manipulation,task_002_ur5_pick_and_place,test_trajectory_interpolation_integrity,FAILED,C3,"The generated controller code lacks Slerp orientation interpolation in the move_to implementation, failing to provide smooth trajectory interpolation as required."
qwen_qwen3.5-plus-02-15,manipulation,task_002_ur5_pick_and_place,test_strict_naming_compliance,FAILED,E1,"The test enforces a strict, specific naming convention ('self.setstatic_srv') which is a rigid style/format expectation rather than a functional correctness issue."
qwen_qwen3.5-plus-02-15,manipulation,task_002_ur5_pick_and_place,OVERALL_HIDDEN_ERROR_CHECK,FAILED,E2,"The generated code is empty ('NO CODE GENERATED OR PARSE FAILED'), which is a critical hard error that the oracle marked as SUCCESS."
qwen_qwen3.5-plus-02-15,manipulation,task_003_ur5_red_box,test_cmakelists_rosidl_integrity,FAILED,E2,"No code was generated, so all tests fail due to empty content rather than a code-specific issue."
qwen_qwen3.5-plus-02-15,manipulation,task_003_ur5_red_box,test_package_xml_modern_format,FAILED,A1,"No code was generated, so package.xml is empty and fails the format='3' check."
qwen_qwen3.5-plus-02-15,manipulation,task_003_ur5_red_box,OVERALL_HIDDEN_ERROR_CHECK,FAILED,E2,"The generated code is empty ('NO CODE GENERATED OR PARSE FAILED'), which is a critical hard error that should have failed all tests, but the oracle reported SUCCESS."
qwen_qwen3.5-plus-02-15,manipulation,task_004_simplified_pick_place,test_migration_tf2_logic,FAILED,C3,"The migrated ez_tools.py uses tf2_ros but does not instantiate tf2_ros.Buffer() as required for proper ROS 2 TF2 usage, indicating an incomplete semantic migration of the TF logic."
qwen_qwen3.5-plus-02-15,manipulation,task_004_simplified_pick_place,test_migration_async_handling,FAILED,C3,"The generated ez_tools.py code does not use 'call_async' for service calls, missing the required ROS 2 async service handling pattern."
qwen_qwen3.5-plus-02-15,manipulation,task_004_simplified_pick_place,OVERALL_HIDDEN_ERROR_CHECK,FAILED,E2,"No code was generated or parsing failed, which means the migration produced nothing usable, yet the oracle status is reported as SUCCESS—a missed hard error."
qwen_qwen3.5-plus-02-15,manipulation,task_005_interbotix_demo,test_shared_node_instance,FAILED,A1,"No code was generated or parsing failed, so the migration file is missing entirely, causing all tests including this one to fail."
qwen_qwen3.5-plus-02-15,manipulation,task_005_interbotix_demo,test_tf_naming_convention,FAILED,E2,"No code was generated, which is a critical failure that should be caught as a hard error rather than a specific test case failure."
qwen_qwen3.5-plus-02-15,manipulation,task_005_interbotix_demo,test_cluster_position_destructuring,FAILED,C3,"The generated code is missing the expected cluster position destructuring pattern (x, y, z = cluster['position']), indicating a semantic/behavioral error in handling perception data."
qwen_qwen3.5-plus-02-15,manipulation,task_005_interbotix_demo,OVERALL_HIDDEN_ERROR_CHECK,FAILED,E2,"The generated code is empty ('NO CODE GENERATED OR PARSE FAILED'), which is a critical hard error, yet the oracle reported SUCCESS, indicating the test framework failed to catch the missing file/code."
qwen_qwen3.5-plus-02-15,manipulation,task_006_pick_up_objects,test_no_leading_slashes_in_topics,FAILED,C3,"The generated manager code retained a leading slash in the '/gazebo' topic/service name, violating ROS 2 naming conventions expected by the test."
qwen_qwen3.5-plus-02-15,manipulation,task_006_pick_up_objects,test_no_nested_spin,FAILED,C3,"The generated manage_objects_node.py contains a method that calls rclpy.spin inside it, creating a nested spin pattern which is a semantic/behavioral error in ROS 2."
qwen_qwen3.5-plus-02-15,manipulation,task_006_pick_up_objects,OVERALL_HIDDEN_ERROR_CHECK,FAILED,E2,"The generated code is empty ('NO CODE GENERATED OR PARSE FAILED'), which is a critical hard error, yet the oracle status was marked SUCCESS."
qwen_qwen3.5-plus-02-15,manipulation,task_007_tm_robot_arms,test_sync_wait_logic,FAILED,C3,"The generated code lacks the required synchronous wait logic using svr_cond_.wait_for with chrono duration, representing a semantic/behavioral omission in the migration."
qwen_qwen3.5-plus-02-15,manipulation,task_007_tm_robot_arms,test_mutex_safety,FAILED,C3,"The generated code exists but fails to implement mutex-protected access to shared state using svr_mtx_, indicating a semantic/behavioral error in thread synchronization logic."
qwen_qwen3.5-plus-02-15,manipulation,task_007_tm_robot_arms,test_demo_blocking_call,FAILED,C3,"The generated Python demo code calls ask_item without a positive wait_time parameter, failing to implement the required blocking service call semantics."
qwen_qwen3.5-plus-02-15,manipulation,task_007_tm_robot_arms,OVERALL_HIDDEN_ERROR_CHECK,FAILED,E2,"No code was generated, which is a critical hard error that should fail all tests, but the oracle reported SUCCESS."
qwen_qwen3.5-plus-02-15,manipulation,task_008_allegro_hand,test_emergency_stop_logic,FAILED,E1,"The oracle test expects ROS 1's `ros::shutdown()` call, but the migration target is ROS 2 which uses `rclcpp::shutdown()`, making this test inherently incompatible with correct ROS 2 migration code."
qwen_qwen3.5-plus-02-15,manipulation,task_008_allegro_hand,test_variable_naming_consistency,FAILED,A1,"No code was generated or parsing failed, so the file is missing/empty and cannot contain the required HAND_TYPE_A or RIGHT_HAND variable references."
qwen_qwen3.5-plus-02-15,manipulation,task_008_allegro_hand,OVERALL_HIDDEN_ERROR_CHECK,FAILED,E2,"No code was generated or parsing failed, which is a critical hard error that the oracle test failed to catch as it reported SUCCESS."
qwen_qwen3.5-plus-02-15,manipulation,task_009_urdf,test_urdf_kinematics,FAILED,A1,"No code was generated, so the required URDF/SRDF/YAML files do not exist, causing FileNotFoundError."
qwen_qwen3.5-plus-02-15,manipulation,task_009_urdf,test_srdf_semantic_logic,FAILED,A1,"No code was generated, so the required SRDF file does not exist, causing the test to fail with FileNotFoundError."
qwen_qwen3.5-plus-02-15,manipulation,task_009_urdf,test_joint_limits_overrides,FAILED,A1,"No code was generated, so the required joint_limits.yaml file does not exist, causing a FileNotFoundError."
qwen_qwen3.5-plus-02-15,manipulation,task_009_urdf,OVERALL_HIDDEN_ERROR_CHECK,FAILED,E2,"No code was generated or parsing failed, which is a critical hard error that the oracle tests failed to catch."
qwen_qwen3.5-plus-02-15,manipulation,task_010_reach_study,test_ros1_remnants_check,FAILED,B1,"The generated code still contains ROS 1 'ros::' namespace usage (e.g., ros::Time) in transformed_point_cloud_target_pose_generator.cpp, indicating legacy ROS 1 API was not fully replaced."
qwen_qwen3.5-plus-02-15,manipulation,task_010_reach_study,test_tf2_ros2_migration,FAILED,E1,"The generated code applies the transform correctly using `pose = transform_matrix * pose`, but the oracle regex strictly requires the variable name `transform` (not `transform_matrix`), causing a style/naming mismatch failure."
qwen_qwen3.5-plus-02-15,manipulation,task_010_reach_study,OVERALL_HIDDEN_ERROR_CHECK,FAILED,E2,"The generated code is empty or failed to parse, which is a critical hard error that should not pass any tests, yet the oracle reported SUCCESS."
qwen_qwen3.5-plus-02-15,navigation,task_001_simple_map_navigation_2d,OVERALL_HIDDEN_ERROR_CHECK,FAILED,E2,"No code was generated, so compilation/runtime would fail, but the oracle tests apparently passed which indicates a missed hard error."
qwen_qwen3.5-plus-02-15,navigation,task_002_husky_sim_navigation,test_pkg_format_and_buildtool,FAILED,A1,"No code was generated or parsing failed, resulting in empty files that fail the package.xml format check."
qwen_qwen3.5-plus-02-15,navigation,task_002_husky_sim_navigation,test_nav_stack_replacement,FAILED,A1,"No code was generated or parsing failed, resulting in empty content that cannot satisfy the nav2_bringup dependency requirement."
qwen_qwen3.5-plus-02-15,navigation,task_002_husky_sim_navigation,test_cmake_asset_installation,FAILED,A1,"No code was generated, so the CMakeLists.txt is empty and the install(DIRECTORY config...) rule is missing."
qwen_qwen3.5-plus-02-15,navigation,task_002_husky_sim_navigation,test_cmake_ament_registration,FAILED,A1,"No code was generated, so the CMakeLists.txt is empty and missing the required ament_package() call."
qwen_qwen3.5-plus-02-15,navigation,task_002_husky_sim_navigation,test_launch_path_resolution,FAILED,A1,"No code was generated or parsing failed, resulting in empty files that cannot satisfy any test requirements."
qwen_qwen3.5-plus-02-15,navigation,task_002_husky_sim_navigation,test_launch_conditional_logic,FAILED,A1,"No code was generated or parsing failed, resulting in empty content that cannot satisfy the test requirements."
qwen_qwen3.5-plus-02-15,navigation,task_002_husky_sim_navigation,OVERALL_HIDDEN_ERROR_CHECK,FAILED,E2,"No code was generated or parsing failed, which is a critical hard error that the oracle test failed to catch as SUCCESS."
qwen_qwen3.5-plus-02-15,navigation,task_003_waypoint_following,test_dependency_sync_xml_and_cmake,FAILED,A1,"No code was generated or parsing failed, resulting in empty files that cannot satisfy any dependency synchronization checks."
qwen_qwen3.5-plus-02-15,navigation,task_003_waypoint_following,test_interface_sync_cmake_and_cpp,FAILED,A1,"No code was generated or parsing failed, resulting in empty files that fail the interface sync test."
qwen_qwen3.5-plus-02-15,navigation,task_003_waypoint_following,test_cpp_action_server_logic,FAILED,C3,"The generated C++ code fails to implement the core arithmetic logic 'a + b' expected by the action server, indicating a semantic/behavioral error in the migration."
qwen_qwen3.5-plus-02-15,navigation,task_003_waypoint_following,test_build_system_migration,FAILED,A1,"No code was generated or parsing failed, resulting in empty files that cannot contain the required ament_cmake build system references."
qwen_qwen3.5-plus-02-15,navigation,task_003_waypoint_following,OVERALL_HIDDEN_ERROR_CHECK,FAILED,E2,"The generated code is empty ('NO CODE GENERATED OR PARSE FAILED'), which is a critical hard error that the oracle test failed to catch as SUCCESS."
qwen_qwen3.5-plus-02-15,navigation,task_004_obstacle_avoidance,test_cmake_integration,FAILED,A1,"No code was generated or parsing failed, resulting in empty files that cannot satisfy any CMake integration requirements."
qwen_qwen3.5-plus-02-15,navigation,task_004_obstacle_avoidance,test_package_xml_deps,FAILED,A1,"No code was generated or parsing failed, so the package.xml file is empty/missing, causing the dependency check to fail."
qwen_qwen3.5-plus-02-15,navigation,task_004_obstacle_avoidance,OVERALL_HIDDEN_ERROR_CHECK,FAILED,E2,"No code was generated or parsing failed, which is a critical hard error that the oracle tests failed to catch as SUCCESS."
qwen_qwen3.5-plus-02-15,navigation,task_005_plugin_replacement,test_interface_signature_consistency,FAILED,A1,"No code was generated, so the header file is empty and fails the pure virtual function check."
qwen_qwen3.5-plus-02-15,navigation,task_005_plugin_replacement,test_build_system_bridge,FAILED,E2,"No code was generated, so the CMakeLists.txt is empty and fails the plugin installation check, representing a critical missing output."
qwen_qwen3.5-plus-02-15,navigation,task_005_plugin_replacement,test_class_export_match,FAILED,E2,"The generated code is missing the required PLUGINLIB_EXPORT_CLASS macro for navfn::NavfnROS, which would prevent the plugin from being discovered at runtime—a critical hard error."
qwen_qwen3.5-plus-02-15,navigation,task_005_plugin_replacement,OVERALL_HIDDEN_ERROR_CHECK,FAILED,E2,"No code was generated or parsing failed, which is a critical hard error that should not pass any test, yet the oracle marked it as SUCCESS."
qwen_qwen3.5-plus-02-15,navigation,task_008_exploration_mapping,test_architecture_transformation,FAILED,E1,"The generated code uses 'public hardware_interface::SystemInterface' semantically but the test's strict regex failed; however, the code also retains a main() function which violates the plugin architecture, indicating multiple issues but the immediate failure is the rigid regex match expecting specific inheritance syntax."
qwen_qwen3.5-plus-02-15,navigation,task_008_exploration_mapping,test_interface_matching_logic,FAILED,C3,"The generated code lacks the specific joint names 'left_wheel_joint' and 'right_wheel_joint' required for interface matching, indicating a semantic/behavioral error in implementing the hardware interface logic."
qwen_qwen3.5-plus-02-15,navigation,task_008_exploration_mapping,test_yaml_structure_and_sync,FAILED,A1,"No code was generated, so the required controllers.yaml file is missing, causing the test to fail with FileNotFoundError."
qwen_qwen3.5-plus-02-15,navigation,task_008_exploration_mapping,OVERALL_HIDDEN_ERROR_CHECK,FAILED,E2,"No code was generated or parsing failed, which means the migration produced nothing usable, yet the oracle status is marked SUCCESS—a critical hard error was missed."
qwen_qwen3.5-plus-02-15,simulation_integration,task_001_urdf,test_urdf_base_link_consistency,FAILED,A1,"No code was generated, so the required URDF file does not exist, causing the test to fail at the file existence check."
qwen_qwen3.5-plus-02-15,simulation_integration,task_001_urdf,test_urdf_inertial_integration,FAILED,A1,"No code was generated, so the required xacro file was missing and the test failed due to file not found."
qwen_qwen3.5-plus-02-15,simulation_integration,task_001_urdf,test_launch_xacro_command_api,FAILED,A1,"No code was generated or parsing failed, so the required launch file does not exist, causing the test to fail at file discovery."
qwen_qwen3.5-plus-02-15,simulation_integration,task_001_urdf,test_launch_resource_indexing,FAILED,E2,"No code was generated, so the required launch file does not exist, causing the test to fail on file lookup—a critical hard error."
qwen_qwen3.5-plus-02-15,simulation_integration,task_001_urdf,test_launch_parameter_wrapping,FAILED,A1,"No code was generated, so the required launch file does not exist, causing the test to fail at file lookup."
qwen_qwen3.5-plus-02-15,simulation_integration,task_001_urdf,test_anti_leakage_ros1_substitution,FAILED,A1,"No code was generated or parsing failed, so the required launch file does not exist, causing the test to fail at file lookup."
qwen_qwen3.5-plus-02-15,simulation_integration,task_001_urdf,test_launch_integration_completeness,FAILED,A1,"No code was generated, so the required launch file does not exist, causing all tests including this one to fail at file lookup."
qwen_qwen3.5-plus-02-15,simulation_integration,task_001_urdf,OVERALL_HIDDEN_ERROR_CHECK,FAILED,E2,"No code was generated or parsing failed, which is a critical hard error that should have caused all tests to fail, but the oracle reported SUCCESS."
qwen_qwen3.5-plus-02-15,simulation_integration,task_002_gazebo_plugin,test_launch_empty_world_inclusion,FAILED,E2,"No code was generated, so the required launch file does not exist, causing the test to fail due to missing output."
qwen_qwen3.5-plus-02-15,simulation_integration,task_002_gazebo_plugin,test_launch_world_parameter_passing,FAILED,A1,"No code was generated or parsing failed, so the required launch file does not exist, causing the test to fail."
qwen_qwen3.5-plus-02-15,simulation_integration,task_002_gazebo_plugin,test_launch_xml_structure,FAILED,E2,"No code was generated, so the required hello.launch file is missing, causing the test to fail due to file not found."
qwen_qwen3.5-plus-02-15,simulation_integration,task_002_gazebo_plugin,test_anti_leakage_ros2_substitution,FAILED,A1,"No code was generated, so the required hello.launch file does not exist, causing the test to fail at file lookup."
qwen_qwen3.5-plus-02-15,simulation_integration,task_002_gazebo_plugin,OVERALL_HIDDEN_ERROR_CHECK,FAILED,E2,"The generated code is empty ('NO CODE GENERATED OR PARSE FAILED'), which is a critical hard error, but the oracle reported SUCCESS."
qwen_qwen3.5-plus-02-15,simulation_integration,task_003_turtlebot3_gazebo,test_burger_base_link_mesh,FAILED,A1,"No code was generated, so the required URDF file does not exist, causing a FileNotFoundError."
qwen_qwen3.5-plus-02-15,simulation_integration,task_003_turtlebot3_gazebo,test_burger_collision_geometry,FAILED,A1,"No code was generated or parsing failed, resulting in missing required files for the test."
qwen_qwen3.5-plus-02-15,simulation_integration,task_003_turtlebot3_gazebo,test_burger_inertial_properties,FAILED,A1,"No code was generated or parsing failed, so the required URDF file does not exist, causing a FileNotFoundError."
qwen_qwen3.5-plus-02-15,simulation_integration,task_003_turtlebot3_gazebo,test_waffle_dual_caster_structure,FAILED,A1,"No code was generated or parsing failed, so the required URDF file does not exist, causing the test to fail with FileNotFoundError."
qwen_qwen3.5-plus-02-15,simulation_integration,task_003_turtlebot3_gazebo,test_waffle_base_link_mesh,FAILED,A1,"No code was generated, so the required URDF file does not exist, causing the test to fail with FileNotFoundError."
qwen_qwen3.5-plus-02-15,simulation_integration,task_003_turtlebot3_gazebo,test_launch_server_client_separation,FAILED,C3,"The launch file was generated but uses incorrect argument ordering/format for the gzserver command, missing the expected '-r -s -v2' argument pattern required for proper server/client separation."
qwen_qwen3.5-plus-02-15,simulation_integration,task_003_turtlebot3_gazebo,OVERALL_HIDDEN_ERROR_CHECK,FAILED,E2,"No code was generated or parsing failed, yet the oracle reported SUCCESS, indicating a critical hard error was missed."
qwen_qwen3.5-plus-02-15,simulation_integration,task_004_industrial_robot_simulator,test_ros2_state_node_lifecycle,FAILED,B2,"The generated code uses rclcpp::spin(node) but failed to instantiate the node via std::make_shared<RobotStateInterface>, indicating an incorrect ROS 2 node instantiation pattern."
qwen_qwen3.5-plus-02-15,simulation_integration,task_004_industrial_robot_simulator,test_ros2_trajectory_param_logic,FAILED,E1,"The test expects a specific function name 'getJointNames' to appear in the code, which is a rigid naming expectation rather than a functional correctness check."
qwen_qwen3.5-plus-02-15,simulation_integration,task_004_industrial_robot_simulator,test_launch_system_migration_check,FAILED,A1,"No code was generated, so the launch file does not exist, causing FileNotFoundError on the test that tries to open it."
qwen_qwen3.5-plus-02-15,simulation_integration,task_004_industrial_robot_simulator,OVERALL_HIDDEN_ERROR_CHECK,FAILED,E2,"No code was generated or parse failed, which is a critical hard error that should not pass tests."
qwen_qwen3.5-plus-02-15,simulation_integration,task_005_Allegro_Hand_V5_ROS1_Task,test_cmake_ros2_ament_integrity,FAILED,A1,"No code was generated or parsing failed, resulting in empty files that cannot satisfy any CMake or migration requirements."
qwen_qwen3.5-plus-02-15,simulation_integration,task_005_Allegro_Hand_V5_ROS1_Task,test_imu_physics_frequency_scaling_semantics,FAILED,C3,"The generated code is missing the required 1/sqrt(dt) white noise scaling logic in the IMU physics computation, representing a semantic/behavioral error in the migration."
qwen_qwen3.5-plus-02-15,simulation_integration,task_005_Allegro_Hand_V5_ROS1_Task,test_msgbuffer_memory_logic,FAILED,A1,"No code was generated, so the msgbuffer.h file is empty and fails the content assertion."
qwen_qwen3.5-plus-02-15,simulation_integration,task_005_Allegro_Hand_V5_ROS1_Task,test_msgbuffer_safety_assertions,FAILED,A1,"No code was generated, resulting in empty file content that fails the assertion check for buffer safety logic."
qwen_qwen3.5-plus-02-15,simulation_integration,task_005_Allegro_Hand_V5_ROS1_Task,test_header_inclusion_semantics,FAILED,A1,"No code was generated or parsing failed, resulting in empty files which caused all content-based assertions to fail."
qwen_qwen3.5-plus-02-15,simulation_integration,task_005_Allegro_Hand_V5_ROS1_Task,OVERALL_HIDDEN_ERROR_CHECK,FAILED,E2,"No code was generated or parsed, so all functionality is missing; this is a critical hard error that the oracle failed to catch as SUCCESS."
qwen_qwen3.5-plus-02-15,simulation_integration,task_007_carla_ros_bridge,test_twist_linear_rotation_logic,FAILED,C3,"The generated transforms.py lacks the rotation-aware linear velocity branch (if carla_rotation: ... carla_vector_to_ros_vector_rotated), indicating a missing semantic transformation logic."
qwen_qwen3.5-plus-02-15,simulation_integration,task_007_carla_ros_bridge,test_bridge_update_trigger_with_timestamp,FAILED,C3,"The generated bridge.py does not contain the required `self._update(frame, ...timestamp.elapsed_seconds)` call pattern, indicating a semantic/behavioral omission in the synchronous tick logic."
qwen_qwen3.5-plus-02-15,simulation_integration,task_007_carla_ros_bridge,test_actor_factory_pre_tick_update,FAILED,A1,"No code was generated or parsing failed, so the test naturally fails because the required content is absent from the file."
qwen_qwen3.5-plus-02-15,simulation_integration,task_007_carla_ros_bridge,OVERALL_HIDDEN_ERROR_CHECK,FAILED,E2,"No code was generated or parsing failed, which is a critical hard error that the oracle test failed to catch."
qwen_qwen3.5-plus-02-15,simulation_integration,task_008_navigation_recovery_action,test_service_client_and_call,FAILED,C3,"The generated code creates the service client but does not implement or invoke the set_model_state helper function in the main loop, representing an incomplete semantic migration of the original behavior."
qwen_qwen3.5-plus-02-15,simulation_integration,task_008_navigation_recovery_action,test_pose_and_twist_initialization,FAILED,C3,"The generated code creates the service client but does not implement the set_model_state helper function or call it with the required Pose, Twist, and name arguments, representing incomplete behavioral migration."
qwen_qwen3.5-plus-02-15,simulation_integration,task_008_navigation_recovery_action,OVERALL_HIDDEN_ERROR_CHECK,FAILED,E2,"No code was generated or parsing failed, which is a critical hard error that should have been caught but the oracle status was marked SUCCESS."
qwen_qwen3.5-plus-02-15,multi_node,task_001_rosserial_python_integration,test_executor_spin,FAILED,C1,"The generated node.py file lacks a call to rclpy.spin(), which is required for ROS 2 node lifecycle management to keep callbacks alive."
qwen_qwen3.5-plus-02-15,multi_node,task_001_rosserial_python_integration,test_absence_of_global_node_init,FAILED,C3,"The generated SerialClient.py contains rclpy.create_node, violating the dependency injection pattern required—this is a semantic/behavioral error where the engine creates its own node instead of using the injected one."
qwen_qwen3.5-plus-02-15,multi_node,task_001_rosserial_python_integration,OVERALL_HIDDEN_ERROR_CHECK,FAILED,E2,"No code was generated or parsing failed, so there is no actual ROS 2 migration code to test, yet the oracle reported SUCCESS — a critical missed hard error."
qwen_qwen3.5-plus-02-15,multi_node,task_002_sm_rosbag_recorder,OVERALL_CODE_CHECK,SUCCESS,E2,"The generated code is empty ('NO CODE GENERATED OR PARSE FAILED'), which means files don't exist and load_file returns empty strings; the oracle should have failed but apparently reported success, indicating a missed hard error."
qwen_qwen3.5-plus-02-15,multi_node,task_004_talker_relay_listener,OVERALL_CODE_CHECK,SUCCESS,E2,"No code was generated, but the oracle tests passed because they read empty files and the assertions (mostly checking absence of legacy artifacts) trivially succeeded on empty content."
qwen_qwen3.5-plus-02-15,multi_node,task_005_KIE_multiagent_model,test_md_proper_msg_import,FAILED,E1,"The test expects the literal string 'from rclpy' to appear in the code, but the generated code likely uses 'import rclpy' instead, which is functionally equivalent but fails the rigid string-matching test."
qwen_qwen3.5-plus-02-15,multi_node,task_005_KIE_multiagent_model,test_if_no_xmlrpc_usage,FAILED,B1,The generated interface_finder.py still imports and uses xmlrpc/ServerProxy from ROS 1 instead of migrating to ROS 2 graph APIs.
qwen_qwen3.5-plus-02-15,multi_node,task_005_KIE_multiagent_model,OVERALL_HIDDEN_ERROR_CHECK,FAILED,E2,"The generated code is empty ('NO CODE GENERATED OR PARSE FAILED'), which is a critical hard error that the oracle tests failed to catch since they would skip due to missing files."
qwen_qwen3.5-plus-02-15,multi_node,task_006_swarm_ros_bridge,test_hpp_ros2_interface_migration,FAILED,E2,"The generated code was empty or failed to parse, meaning no migration was produced at all, which is a critical hard error preventing any functionality."
qwen_qwen3.5-plus-02-15,multi_node,task_006_swarm_ros_bridge,test_cpp_node_inheritance_usage,FAILED,A1,"The generated code failed to parse or was not produced, leaving the source file without proper ROS 2 node creation patterns required by the test."
qwen_qwen3.5-plus-02-15,multi_node,task_006_swarm_ros_bridge,test_cpp_qos_usage,FAILED,C2,"The test specifically failed because the generated code does not include ROS 2 QoS profiles (rclcpp::QoS, SystemDefaultsQoS, or SensorDataQoS), indicating a QoS Profile Mismatch in the migration."
qwen_qwen3.5-plus-02-15,multi_node,task_006_swarm_ros_bridge,test_system_callback_consistency,FAILED,C3,"The generated code's callback signature does not match the expected ROS 2 SharedPtr pattern (sub_cb(const T::SharedPtr msg)), indicating an incomplete semantic migration of the callback signature."
qwen_qwen3.5-plus-02-15,multi_node,task_006_swarm_ros_bridge,OVERALL_HIDDEN_ERROR_CHECK,FAILED,E2,"The generated code is empty ('NO CODE GENERATED OR PARSE FAILED'), which is a critical hard error that the oracle failed to catch as SUCCESS."
qwen_qwen3.5-plus-02-15,multi_node,task_007_aws_les,test_member_variable_consistency,FAILED,E2,"No code was generated, so the required files do not exist, causing the test to fail with a FileNotFoundError indicating a critical missing output."
qwen_qwen3.5-plus-02-15,multi_node,task_007_aws_les,test_callback_signature_sync,FAILED,A1,"No code was generated or parsing failed, resulting in missing source files that the test cannot locate."
qwen_qwen3.5-plus-02-15,multi_node,task_007_aws_les,test_inheritance_pattern,FAILED,A1,"No code was generated or parsing failed, resulting in missing files that the test requires."
qwen_qwen3.5-plus-02-15,multi_node,task_007_aws_les,test_message_namespace_migration,FAILED,A1,"No code was generated, so the required files do not exist, causing all tests including the message namespace migration test to fail."
qwen_qwen3.5-plus-02-15,multi_node,task_007_aws_les,test_ros1_leakage_cleanup,FAILED,A1,"No code was generated, causing all file-based tests including test_ros1_leakage_cleanup to fail with FileNotFoundError."
qwen_qwen3.5-plus-02-15,multi_node,task_007_aws_les,OVERALL_HIDDEN_ERROR_CHECK,FAILED,E2,"No code was generated or parsing failed, so the oracle's SUCCESS status is incorrect as there is no valid migration code to test."
qwen_qwen3.5-plus-02-15,multi_node,task_009_fleet_system,test_time_struct_field_sync,FAILED,A1,"No code was generated, so required files like msg2fbs.py and schema.fbs are missing, causing FileNotFoundError."
qwen_qwen3.5-plus-02-15,multi_node,task_009_fleet_system,test_header_schema_no_seq,FAILED,A1,"No code was generated or parsing failed, so required files like schema.fbs are missing, causing the test to fail with FileNotFoundError."
qwen_qwen3.5-plus-02-15,multi_node,task_009_fleet_system,test_namespace_conversion_logic,FAILED,C3,"The generated code lacks the required namespace conversion logic (.replace('/', '.')) needed to convert ROS 2 path format 'pkg/msg/Type' to FBS dot-separated namespace format."
qwen_qwen3.5-plus-02-15,multi_node,task_009_fleet_system,test_no_ros1_naming_leakage,FAILED,E2,"No code was generated, so required files are missing and tests cannot run against any output."
qwen_qwen3.5-plus-02-15,multi_node,task_009_fleet_system,OVERALL_HIDDEN_ERROR_CHECK,FAILED,E2,"The generated code is empty ('NO CODE GENERATED OR PARSE FAILED'), which is a critical hard error, but the oracle reported SUCCESS."
qwen_qwen3.5-plus-02-15,multi_node,task_011_amr_interop,test_py_ros_to_mqtt_orchestration,FAILED,C3,"The generated code's subscription for VDAOrderState is not properly linked to the self._publish_state callback in the expected msg_type/callback pattern, indicating a semantic wiring error in the ROS-to-MQTT orchestration."
qwen_qwen3.5-plus-02-15,multi_node,task_011_amr_interop,test_no_ros1_terminology_leakage,FAILED,E1,"The test failed due to a regex error in the oracle test itself (unterminated subpattern from 'Publisher(' being used in a word-boundary pattern), not due to any issue with the generated code."
qwen_qwen3.5-plus-02-15,multi_node,task_011_amr_interop,OVERALL_HIDDEN_ERROR_CHECK,FAILED,E2,"No code was generated or parsing failed, which is a critical hard error that the oracle test failed to catch as SUCCESS."
qwen_qwen3.5-plus-02-15,multi_node,task_012_multimaster_flie,test_monitor_calls_master_api,FAILED,E2,"No code was generated or parsing failed, so the file is missing/empty causing all assertions to fail on absent content."
qwen_qwen3.5-plus-02-15,multi_node,task_012_multimaster_flie,test_monitor_uses_succeed_helper,FAILED,C3,"No code was generated, so the migrated MasterMonitor file lacks the required self._succeed helper usage, representing a missing semantic/behavioral element."
qwen_qwen3.5-plus-02-15,multi_node,task_012_multimaster_flie,test_absence_of_hardcoded_names,FAILED,C3,"The generated code contains a hardcoded '/master_sync' string instead of dynamically retrieving the node name, which is a semantic/behavioral error."
qwen_qwen3.5-plus-02-15,multi_node,task_012_multimaster_flie,OVERALL_HIDDEN_ERROR_CHECK,FAILED,E2,"No code was generated or parsing failed, which is a critical hard error that should have caused test failures but the oracle reported SUCCESS."
z-ai_glm-5-turbo,manipulation,task_002_ur5_pick_and_place,test_controller_move_to_logic,FAILED,C3,"The generated controller code lacks the required Slerp orientation interpolation logic, indicating a semantic/behavioral omission in migrating the motion planning functionality."
z-ai_glm-5-turbo,manipulation,task_002_ur5_pick_and_place,test_no_nested_deadlocks,FAILED,C1,"The generated code uses rclpy.spin_until_future_complete inside class methods, which causes nested executor deadlocks - a node lifecycle/executor logic issue."
z-ai_glm-5-turbo,manipulation,task_002_ur5_pick_and_place,test_trajectory_interpolation_integrity,FAILED,C3,"The generated controller code contains a loop but lacks Slerp orientation interpolation, failing the kinematics integrity check for smooth trajectory interpolation."
z-ai_glm-5-turbo,manipulation,task_002_ur5_pick_and_place,test_strict_naming_compliance,FAILED,C3,"The generated code does not use the required service client name 'self.setstatic_srv', indicating a semantic/behavioral deviation from the expected naming convention in the migration."
z-ai_glm-5-turbo,manipulation,task_002_ur5_pick_and_place,OVERALL_HIDDEN_ERROR_CHECK,FAILED,E2,"The generated code is completely empty ('NO CODE GENERATED OR PARSE FAILED'), which is a critical hard error that the oracle test failed to catch as SUCCESS."
z-ai_glm-5-turbo,manipulation,task_003_ur5_red_box,test_service_server_migration,FAILED,C3,"The generated service callback does not use the ROS 2 (request, response) signature, indicating a semantic migration error in the callback structure."
z-ai_glm-5-turbo,manipulation,task_003_ur5_red_box,test_cmakelists_rosidl_integrity,FAILED,E2,"No code was generated, so the CMakeLists.txt is empty and missing all required ROS 2 build directives, which is a critical hard error."
z-ai_glm-5-turbo,manipulation,task_003_ur5_red_box,test_package_xml_modern_format,FAILED,A1,"No code was generated or parsing failed, so package.xml is empty and cannot satisfy the format='3' requirement."
z-ai_glm-5-turbo,manipulation,task_003_ur5_red_box,OVERALL_HIDDEN_ERROR_CHECK,FAILED,E2,"The generated code is empty ('NO CODE GENERATED OR PARSE FAILED'), which is a critical hard failure, yet the oracle reported SUCCESS."
z-ai_glm-5-turbo,manipulation,task_004_simplified_pick_place,test_migration_node_initialization,FAILED,E1,"The generated code uses the idiomatic ROS 2 pattern `rclpy.node.Node` (subclassed or instantiated) rather than the literal string `rclpy.create_node`, which is functionally correct but fails the oracle's rigid string match."
z-ai_glm-5-turbo,manipulation,task_004_simplified_pick_place,test_migration_tf2_logic,FAILED,C3,"The generated ez_tools.py code does not include the required tf2_ros.Buffer() instantiation, indicating the tf2 migration logic was incomplete or omitted."
z-ai_glm-5-turbo,manipulation,task_004_simplified_pick_place,test_migration_async_handling,FAILED,C3,"The generated ez_tools.py code does not use the async service call pattern (call_async / spin_until_future_complete), indicating a semantic migration error in handling ROS 2 service calls."
z-ai_glm-5-turbo,manipulation,task_004_simplified_pick_place,test_integration_logic_params,FAILED,E2,"The generated code uses 'rclpy.node.Node' subclass pattern instead of 'rclpy.create_node', failing the oracle's expected API check."
z-ai_glm-5-turbo,manipulation,task_004_simplified_pick_place,OVERALL_HIDDEN_ERROR_CHECK,FAILED,E2,"No code was generated or parsing failed, yet the oracle status is marked SUCCESS, which is a critical missed hard error since the migration cannot function without any code."
z-ai_glm-5-turbo,manipulation,task_005_interbotix_demo,test_shared_node_instance,FAILED,A1,"No code was generated or parsing failed, resulting in no rclpy.create_node() found in the (empty) source."
z-ai_glm-5-turbo,manipulation,task_005_interbotix_demo,test_constructor_params_migration,FAILED,C3,"The generated code omitted the robot_model='wx200' parameter when constructing InterbotixManipulatorXS, causing a semantic/behavioral error where hardware-specific configuration was lost during migration."
z-ai_glm-5-turbo,manipulation,task_005_interbotix_demo,test_no_rospy_artifacts,FAILED,B1,The generated code contains a leftover 'roslaunch' reference (likely in a comment or string) which is a ROS 1 artifact that should have been replaced with 'ros2 launch'.
z-ai_glm-5-turbo,manipulation,task_005_interbotix_demo,test_cluster_position_destructuring,FAILED,C3,"The generated code is missing the expected cluster position destructuring pattern (x, y, z = cluster['position']), indicating a semantic/behavioral error in handling perception data."
z-ai_glm-5-turbo,manipulation,task_005_interbotix_demo,OVERALL_HIDDEN_ERROR_CHECK,FAILED,E2,"The generated code is empty ('NO CODE GENERATED OR PARSE FAILED'), which is a critical hard error, yet the oracle reported SUCCESS."
z-ai_glm-5-turbo,manipulation,task_006_pick_up_objects,test_no_leading_slashes_in_topics,FAILED,C3,"The generated code used a leading slash '/spawn_entity' in the Manager, violating ROS 2 naming conventions expected by the test."
z-ai_glm-5-turbo,manipulation,task_006_pick_up_objects,test_no_nested_spin,FAILED,C3,"The manager code contains a nested rclpy.spin call within a method, violating ROS 2 best practices and causing the test to fail."
z-ai_glm-5-turbo,manipulation,task_006_pick_up_objects,OVERALL_HIDDEN_ERROR_CHECK,FAILED,E2,"The generated code is empty ('NO CODE GENERATED OR PARSE FAILED'), which is a critical hard error that the oracle test failed to catch as SUCCESS."
z-ai_glm-5-turbo,manipulation,task_007_tm_robot_arms,test_sync_wait_logic,FAILED,C3,"The generated code lacks the required condition variable wait_for synchronization logic in the service handler, causing the semantic/behavioral test for synchronous waiting to fail."
z-ai_glm-5-turbo,manipulation,task_007_tm_robot_arms,test_demo_blocking_call,FAILED,C3,"The generated demo code calls ask_item without a wait_time > 0, failing to implement the required blocking service call semantics."
z-ai_glm-5-turbo,manipulation,task_007_tm_robot_arms,test_svr_callback_notification,FAILED,C3,"The generated code lacks the required condition variable notification (svr_cond_.notify_all/one) in the SVR callback, causing the service to always timeout—a semantic/behavioral error in the threading logic."
z-ai_glm-5-turbo,manipulation,task_007_tm_robot_arms,OVERALL_HIDDEN_ERROR_CHECK,FAILED,E2,"No code was generated or parsing failed, so the oracle's SUCCESS status is incorrect as the migration is entirely missing."
z-ai_glm-5-turbo,manipulation,task_008_allegro_hand,test_emergency_stop_logic,FAILED,B1,"The generated code did not include the emergency stop check with ros::shutdown() (or rclcpp equivalent), failing to replace/preserve the legacy safety interlock logic from ROS 1."
z-ai_glm-5-turbo,manipulation,task_008_allegro_hand,test_variable_naming_consistency,FAILED,E2,"No code was generated or parse failed, which is a critical hard error preventing any functional output."
z-ai_glm-5-turbo,manipulation,task_008_allegro_hand,OVERALL_HIDDEN_ERROR_CHECK,FAILED,E2,"No code was generated or parsing failed, yet the oracle reported SUCCESS, indicating the test framework missed this critical hard error."
z-ai_glm-5-turbo,manipulation,task_009_urdf,test_urdf_kinematics,FAILED,A1,"No code was generated, so the required URDF/SRDF/YAML files do not exist, causing the test to fail with FileNotFoundError."
z-ai_glm-5-turbo,manipulation,task_009_urdf,test_srdf_semantic_logic,FAILED,A1,"No code was generated, so the required SRDF file does not exist, causing FileNotFoundError."
z-ai_glm-5-turbo,manipulation,task_009_urdf,test_joint_limits_overrides,FAILED,A1,"No code was generated, so the required joint_limits.yaml file does not exist, causing the test to fail with FileNotFoundError."
z-ai_glm-5-turbo,manipulation,task_009_urdf,OVERALL_HIDDEN_ERROR_CHECK,FAILED,E2,"No code was generated or parsing failed, yet the oracle reported SUCCESS, meaning a critical hard error was missed."
z-ai_glm-5-turbo,manipulation,task_010_reach_study,test_ros1_remnants_check,FAILED,C3,"The generated code contains a 'ros::' substring (likely within 'tf2_ros::' usage that the regex incorrectly matched, or actual ros:: remnants), indicating incomplete ROS 1 to ROS 2 semantic migration."
z-ai_glm-5-turbo,manipulation,task_010_reach_study,test_tf2_ros2_migration,FAILED,E1,"The generated code applies the transform via 'push_back(tf * pose)' which is functionally correct, but the oracle regex rigidly expects the variable name 'transform' instead of 'tf', making this a style/naming mismatch false positive."
z-ai_glm-5-turbo,manipulation,task_010_reach_study,OVERALL_HIDDEN_ERROR_CHECK,FAILED,E2,"The generated code is empty ('NO CODE GENERATED OR PARSE FAILED'), which is a critical hard error that the oracle test failed to catch."
z-ai_glm-5-turbo,navigation,task_001_simple_map_navigation_2d,OVERALL_HIDDEN_ERROR_CHECK,FAILED,E2,"No code was generated or parsing failed, which is a critical hard error that should not pass any meaningful migration test."
z-ai_glm-5-turbo,navigation,task_002_husky_sim_navigation,test_pkg_format_and_buildtool,FAILED,A1,"No code was generated or parsing failed, so package.xml is empty and fails the format 3 check."
z-ai_glm-5-turbo,navigation,task_002_husky_sim_navigation,test_nav_stack_replacement,FAILED,E2,"No code was generated, so the package.xml is empty and missing the required nav2_bringup dependency, representing a critical failure to produce output."
z-ai_glm-5-turbo,navigation,task_002_husky_sim_navigation,test_cmake_asset_installation,FAILED,A1,"No code was generated, resulting in empty CMakeLists.txt and missing install directives for the required directories."
z-ai_glm-5-turbo,navigation,task_002_husky_sim_navigation,test_cmake_ament_registration,FAILED,A1,"No code was generated, so the CMakeLists.txt is empty and fails the ament_package() registration check."
z-ai_glm-5-turbo,navigation,task_002_husky_sim_navigation,test_launch_path_resolution,FAILED,A1,"No code was generated or parsing failed, so the launch file is empty and cannot contain the required ROS 2 API calls."
z-ai_glm-5-turbo,navigation,task_002_husky_sim_navigation,test_launch_conditional_logic,FAILED,A1,"No code was generated or parsing failed, resulting in empty file content that cannot satisfy the test's requirement for the 'no_static_map' DeclareLaunchArgument."
z-ai_glm-5-turbo,navigation,task_002_husky_sim_navigation,OVERALL_HIDDEN_ERROR_CHECK,FAILED,E2,"No code was generated or parsing failed, yet the oracle status is marked SUCCESS, indicating the test framework missed this critical hard error."
z-ai_glm-5-turbo,navigation,task_003_waypoint_following,test_dependency_sync_xml_and_cmake,FAILED,A1,"No code was generated or parsing failed, so all required files (package.xml, CMakeLists.txt) are missing, causing dependency sync checks to fail."
z-ai_glm-5-turbo,navigation,task_003_waypoint_following,test_interface_sync_cmake_and_cpp,FAILED,E2,"No code was generated or parsing failed, which is a critical hard error preventing any functionality."
z-ai_glm-5-turbo,navigation,task_003_waypoint_following,test_cpp_action_server_logic,FAILED,C3,The generated C++ code is missing the core arithmetic logic 'a + b' required for functional parity with the original action server.
z-ai_glm-5-turbo,navigation,task_003_waypoint_following,test_build_system_migration,FAILED,A1,"No code was generated, so package.xml is empty and fails the build system migration check."
z-ai_glm-5-turbo,navigation,task_003_waypoint_following,OVERALL_HIDDEN_ERROR_CHECK,FAILED,E2,"No code was generated or parse failed, which is a critical hard error, but the oracle tests passed likely because missing files resulted in empty content that didn't trigger the assertions properly."
z-ai_glm-5-turbo,navigation,task_004_obstacle_avoidance,test_cmake_integration,FAILED,A1,"No code was generated, so the CMakeLists.txt is empty and fails the required rosidl_target_interfaces linkage check."
z-ai_glm-5-turbo,navigation,task_004_obstacle_avoidance,test_package_xml_deps,FAILED,A1,"No code was generated, so the package.xml file is empty and missing all required dependencies."
z-ai_glm-5-turbo,navigation,task_004_obstacle_avoidance,OVERALL_HIDDEN_ERROR_CHECK,FAILED,E2,"The generated code is empty ('NO CODE GENERATED OR PARSE FAILED'), which is a critical hard error that the oracle failed to catch as SUCCESS."
z-ai_glm-5-turbo,navigation,task_005_plugin_replacement,test_interface_signature_consistency,FAILED,A1,"No code was generated, so the header file is empty and fails the pure virtual function pattern check."
z-ai_glm-5-turbo,navigation,task_005_plugin_replacement,test_build_system_bridge,FAILED,E2,"No code was generated, so all files are empty and the build/install configuration is missing entirely, which constitutes a critical hard error."
z-ai_glm-5-turbo,navigation,task_005_plugin_replacement,test_class_export_match,FAILED,E2,"The generated code is missing the required PLUGINLIB_EXPORT_CLASS macro call for navfn::NavfnROS, which would break plugin discovery at runtime."
z-ai_glm-5-turbo,navigation,task_005_plugin_replacement,OVERALL_HIDDEN_ERROR_CHECK,FAILED,E2,"No code was generated or parsing failed, which is a critical hard error that the oracle missed by reporting SUCCESS."
z-ai_glm-5-turbo,navigation,task_006_exploration_mapping,test_hole1_slam_node_translation,FAILED,A1,"No code was generated or parsing failed, resulting in empty content that cannot satisfy any migration requirements."
z-ai_glm-5-turbo,navigation,task_006_exploration_mapping,test_hole2_costmap_sensor_translation,FAILED,A1,"No code was generated or parsing failed, resulting in empty content that cannot satisfy the test assertions."
z-ai_glm-5-turbo,navigation,task_006_exploration_mapping,test_rviz_migration_consistency,FAILED,A1,"The generated code is empty ('NO CODE GENERATED OR PARSE FAILED'), so no rviz2 content exists, causing the assertion failure."
z-ai_glm-5-turbo,navigation,task_006_exploration_mapping,OVERALL_HIDDEN_ERROR_CHECK,FAILED,E2,"No code was generated or parsing failed, which is a critical hard error that should have caused test failures, but the oracle reported SUCCESS."
z-ai_glm-5-turbo,navigation,task_007_navigation_sensor_failure,test_service_callback_signatures,FAILED,C3,"The generated header's service callbacks do not use the required ROS 2 SharedPtr signature pattern for Request/Response, indicating a semantic migration error in the callback signatures."
z-ai_glm-5-turbo,navigation,task_007_navigation_sensor_failure,test_parameter_safety_logic,FAILED,C3,"The generated code did not implement the required ROS 2 parameter declaration pattern using integer_range descriptors, failing the parameter safety logic semantic check."
z-ai_glm-5-turbo,navigation,task_007_navigation_sensor_failure,test_service_binding_logic,FAILED,E2,"The generated code failed to produce output (parse failure), which is a critical hard error preventing migration, but the test merely reports a regex mismatch."
z-ai_glm-5-turbo,navigation,task_007_navigation_sensor_failure,OVERALL_HIDDEN_ERROR_CHECK,FAILED,E2,"The generated code is empty ('NO CODE GENERATED OR PARSE FAILED'), which is a critical hard error that the oracle marked as SUCCESS."
z-ai_glm-5-turbo,navigation,task_008_exploration_mapping,test_architecture_transformation,FAILED,B1,"The generated code retains a standalone Node structure with main() instead of converting to a hardware_interface::SystemInterface plugin, failing to replace the legacy ROS 1 hardware interface pattern with the ROS 2 Control plugin architecture."
z-ai_glm-5-turbo,navigation,task_008_exploration_mapping,test_interface_matching_logic,FAILED,C3,"The generated code is missing the required joint names ('left_wheel_joint', 'right_wheel_joint') in the interface definitions, indicating incomplete semantic translation of the hardware interface logic."
z-ai_glm-5-turbo,navigation,task_008_exploration_mapping,test_yaml_structure_and_sync,FAILED,A1,"No code was generated, so the required controllers.yaml file does not exist, causing the test to fail with FileNotFoundError."
z-ai_glm-5-turbo,navigation,task_008_exploration_mapping,OVERALL_HIDDEN_ERROR_CHECK,FAILED,E2,"No code was generated or parsing failed, which means the output is empty and would fail compilation, but the oracle status incorrectly reports SUCCESS."
z-ai_glm-5-turbo,simulation_integration,task_001_urdf,test_urdf_base_link_consistency,FAILED,A1,"No code was generated, so the required URDF file does not exist, causing the test to fail at the file existence check."
z-ai_glm-5-turbo,simulation_integration,task_001_urdf,test_urdf_inertial_integration,FAILED,A1,"No code was generated, so the required URDF file is missing and the test cannot find it."
z-ai_glm-5-turbo,simulation_integration,task_001_urdf,test_launch_xacro_command_api,FAILED,A1,"No code was generated or the parse failed, so the required launch file does not exist, causing the test to fail at file lookup."
z-ai_glm-5-turbo,simulation_integration,task_001_urdf,test_launch_resource_indexing,FAILED,E2,"No code was generated, so the required launch file does not exist, causing the test to fail on file lookup—a critical hard failure."
z-ai_glm-5-turbo,simulation_integration,task_001_urdf,test_launch_parameter_wrapping,FAILED,A1,"No code was generated, so the required launch file does not exist and the test fails immediately on file lookup."
z-ai_glm-5-turbo,simulation_integration,task_001_urdf,test_anti_leakage_ros1_substitution,FAILED,A1,"No code was generated or parsing failed, resulting in missing launch file that the test requires."
z-ai_glm-5-turbo,simulation_integration,task_001_urdf,test_launch_integration_completeness,FAILED,A1,"No code was generated or parsing failed, so the required launch file does not exist for the test to evaluate."
z-ai_glm-5-turbo,simulation_integration,task_001_urdf,OVERALL_HIDDEN_ERROR_CHECK,FAILED,E2,"No code was generated or parsing failed, yet the oracle reported SUCCESS, meaning critical errors (missing files entirely) were missed."
z-ai_glm-5-turbo,simulation_integration,task_002_gazebo_plugin,test_launch_empty_world_inclusion,FAILED,A1,"No code was generated or parsing failed, so the required launch file does not exist, causing the file-not-found failure."
z-ai_glm-5-turbo,simulation_integration,task_002_gazebo_plugin,test_launch_world_parameter_passing,FAILED,A1,"No code was generated, so the required hello.launch file is missing entirely, causing the test to fail on file existence."
z-ai_glm-5-turbo,simulation_integration,task_002_gazebo_plugin,test_launch_xml_structure,FAILED,A1,"No code was generated, so the required launch file does not exist, causing the test to fail at file lookup."
z-ai_glm-5-turbo,simulation_integration,task_002_gazebo_plugin,test_anti_leakage_ros2_substitution,FAILED,E2,"No code was generated, so the required launch file does not exist, causing the test to fail at file lookup."
z-ai_glm-5-turbo,simulation_integration,task_002_gazebo_plugin,OVERALL_HIDDEN_ERROR_CHECK,FAILED,E2,"No code was generated or parse failed, which is a critical hard error that should have caused test failures but the oracle reported SUCCESS."
z-ai_glm-5-turbo,simulation_integration,task_003_turtlebot3_gazebo,test_burger_base_link_mesh,FAILED,A1,"No code was generated, resulting in missing files that the test expects to read."
z-ai_glm-5-turbo,simulation_integration,task_003_turtlebot3_gazebo,test_burger_collision_geometry,FAILED,A1,"No code was generated, so the required URDF file does not exist, causing a FileNotFoundError."
z-ai_glm-5-turbo,simulation_integration,task_003_turtlebot3_gazebo,test_burger_inertial_properties,FAILED,A1,"No code was generated or parsing failed, so the required URDF file does not exist, causing a FileNotFoundError."
z-ai_glm-5-turbo,simulation_integration,task_003_turtlebot3_gazebo,test_waffle_dual_caster_structure,FAILED,A1,"No code was generated, so the required URDF file does not exist, causing a FileNotFoundError."
z-ai_glm-5-turbo,simulation_integration,task_003_turtlebot3_gazebo,test_waffle_base_link_mesh,FAILED,A1,"No code was generated, so the required URDF file does not exist, causing the test to fail with FileNotFoundError."
z-ai_glm-5-turbo,simulation_integration,task_003_turtlebot3_gazebo,test_launch_server_client_separation,FAILED,C3,The launch file was generated but the gzserver command arguments do not match the expected '-r -s -v2' format required for proper server/client separation.
z-ai_glm-5-turbo,simulation_integration,task_003_turtlebot3_gazebo,OVERALL_HIDDEN_ERROR_CHECK,FAILED,E2,"No code was generated or parsing failed, yet the oracle reported SUCCESS, indicating a critical hard error was missed."
z-ai_glm-5-turbo,simulation_integration,task_004_industrial_robot_simulator,test_ros2_state_node_lifecycle,FAILED,E1,"The generated code appears functionally correct for ROS 2 (uses make_shared, init(), rclcpp::spin, shutdown), but the test failed on a header string check likely due to formatting/inclusion style differences rather than a real functional defect."
z-ai_glm-5-turbo,simulation_integration,task_004_industrial_robot_simulator,test_launch_system_migration_check,FAILED,A1,"No code was generated, so the launch file does not exist, causing the test to fail with FileNotFoundError."
z-ai_glm-5-turbo,simulation_integration,task_004_industrial_robot_simulator,OVERALL_HIDDEN_ERROR_CHECK,FAILED,E2,"No code was generated or parse failed, which is a critical hard error that should not pass oracle tests but apparently did."
z-ai_glm-5-turbo,simulation_integration,task_005_Allegro_Hand_V5_ROS1_Task,test_cmake_ros2_ament_integrity,FAILED,A1,"No code was generated, so the CMakeLists.txt file is empty and fails the basic ament_cmake integration check."
z-ai_glm-5-turbo,simulation_integration,task_005_Allegro_Hand_V5_ROS1_Task,test_imu_physics_frequency_scaling_semantics,FAILED,C3,"The migrated code is missing the 1/sqrt(dt) noise scaling logic required for correct IMU physics semantics, indicating a semantic/behavioral error in the migration."
z-ai_glm-5-turbo,simulation_integration,task_005_Allegro_Hand_V5_ROS1_Task,test_ros2_api_usage,FAILED,C3,"The generated plugin code lacks rclcpp::init call (likely unnecessary for Gazebo plugins but required by the oracle test), causing the ROS 2 API usage assertion to fail."
z-ai_glm-5-turbo,simulation_integration,task_005_Allegro_Hand_V5_ROS1_Task,test_msgbuffer_memory_logic,FAILED,A1,"No code was generated, so the msgbuffer.h file is empty, causing all content assertions to fail."
z-ai_glm-5-turbo,simulation_integration,task_005_Allegro_Hand_V5_ROS1_Task,test_msgbuffer_safety_assertions,FAILED,A1,"No code was generated or parsing failed, resulting in empty file content that fails the assertion check."
z-ai_glm-5-turbo,simulation_integration,task_005_Allegro_Hand_V5_ROS1_Task,test_header_inclusion_semantics,FAILED,A1,"No code was generated or parsing failed, resulting in empty files that cannot satisfy any content assertions."
z-ai_glm-5-turbo,simulation_integration,task_005_Allegro_Hand_V5_ROS1_Task,OVERALL_HIDDEN_ERROR_CHECK,FAILED,E2,"No code was generated or parsing failed, so the code cannot possibly compile or function, yet the oracle reported SUCCESS."
z-ai_glm-5-turbo,simulation_integration,task_006-ardupilot-gazebo,test_socket_pollin_logic,FAILED,A1,"No code was generated, so the SocketUDP.cc file is empty and fails all content checks including the FD_ZERO assertion."
z-ai_glm-5-turbo,simulation_integration,task_006-ardupilot-gazebo,test_socket_recv_semantics,FAILED,A1,"No code was generated or parsing failed, resulting in empty file content that cannot satisfy any test assertions."
z-ai_glm-5-turbo,simulation_integration,task_006-ardupilot-gazebo,test_preupdate_protocol_parsing,FAILED,A1,"No code was generated or parsing failed, resulting in empty content that fails all substantive checks."
z-ai_glm-5-turbo,simulation_integration,task_006-ardupilot-gazebo,test_lockstep_logic,FAILED,A1,"No code was generated or parsing failed, resulting in empty file content that cannot satisfy the lockstep logic assertion."
z-ai_glm-5-turbo,simulation_integration,task_006-ardupilot-gazebo,test_pwm_normalization_logic,FAILED,A1,"No code was generated or parsing failed, resulting in empty file content that cannot satisfy the PWM normalization pattern check."
z-ai_glm-5-turbo,simulation_integration,task_006-ardupilot-gazebo,test_joint_command_application,FAILED,E2,"No code was generated or parsing failed, which is a critical hard error preventing any functionality including joint command application."
z-ai_glm-5-turbo,simulation_integration,task_006-ardupilot-gazebo,test_failsafe_handling,FAILED,A1,"No code was generated or parsing failed, resulting in empty file content that cannot satisfy any test assertions."
z-ai_glm-5-turbo,simulation_integration,task_006-ardupilot-gazebo,OVERALL_HIDDEN_ERROR_CHECK,FAILED,E2,"No code was generated or parse failed, which is a critical hard error that the oracle test failed to catch as SUCCESS."
z-ai_glm-5-turbo,simulation_integration,task_007_carla_ros_bridge,test_twist_linear_rotation_logic,FAILED,C3,"The generated transforms.py lacks the rotation-aware linear velocity branch (if carla_rotation: ... carla_vector_to_ros_vector_rotated), indicating missing semantic logic for the twist transformation."
z-ai_glm-5-turbo,simulation_integration,task_007_carla_ros_bridge,test_bridge_sync_tick_order,FAILED,A1,"No code was generated or parsing failed, so the bridge.py file lacks the required snapshot logic, causing the test to fail."
z-ai_glm-5-turbo,simulation_integration,task_007_carla_ros_bridge,test_bridge_update_trigger_with_timestamp,FAILED,C3,"The generated bridge.py does not invoke self._update() with the expected frame ID and elapsed_seconds arguments, indicating a semantic/behavioral omission in the synchronous tick logic."
z-ai_glm-5-turbo,simulation_integration,task_007_carla_ros_bridge,test_actor_factory_pre_tick_update,FAILED,E2,"No code was generated or parsing failed, which is a critical hard error preventing any functionality from working."
z-ai_glm-5-turbo,simulation_integration,task_007_carla_ros_bridge,OVERALL_HIDDEN_ERROR_CHECK,FAILED,E2,"The generated code is empty (parse failed), which is a critical hard error, but the oracle reported SUCCESS."
z-ai_glm-5-turbo,simulation_integration,task_008_navigation_recovery_action,OVERALL_CODE_CHECK,SUCCESS,E2,"The generated code is empty ('NO CODE GENERATED OR PARSE FAILED'), which would fail compilation, but the oracle reported SUCCESS, indicating a missed hard error."
z-ai_glm-5-turbo,multi_node,task_001_rosserial_python_integration,test_executor_spin,FAILED,C3,"The generated code uses a spin_thread approach instead of calling rclpy.spin() directly, failing the test that explicitly checks for rclpy.spin() usage for lifecycle management."
z-ai_glm-5-turbo,multi_node,task_001_rosserial_python_integration,test_absence_of_global_node_init,FAILED,C3,"SerialClient.py incorrectly calls rclpy.create_node instead of using the injected node instance, violating the dependency injection pattern."
z-ai_glm-5-turbo,multi_node,task_001_rosserial_python_integration,OVERALL_HIDDEN_ERROR_CHECK,FAILED,E2,"No code was generated or parsing failed, which means the migration files don't exist; this is a critical hard error that the oracle failed to catch as SUCCESS."
z-ai_glm-5-turbo,multi_node,task_002_sm_rosbag_recorder,test_recorder_clock_source,FAILED,B1,The generated code retained ROS 1 legacy patterns including std::chrono::system_clock for timestamps instead of replacing them with node->now() for ROS 2 time source alignment.
z-ai_glm-5-turbo,multi_node,task_002_sm_rosbag_recorder,OVERALL_HIDDEN_ERROR_CHECK,FAILED,E2,"No code was generated or parsing failed, which is a critical hard error that the oracle test failed to catch as a success."
z-ai_glm-5-turbo,multi_node,task_004_talker_relay_listener,OVERALL_CODE_CHECK,SUCCESS,E2,"The generated code is empty ('NO CODE GENERATED OR PARSE FAILED'), so all files are missing/empty, yet the oracle tests apparently passed—this indicates a missed hard error since no functional ROS 2 code exists."
z-ai_glm-5-turbo,multi_node,task_005_KIE_multiagent_model,test_if_host_filtering_logic,FAILED,C3,"The generated interface_finder.py is missing the 'own_host' variable used for host filtering logic, indicating an incomplete semantic migration of the host filtering behavior."
z-ai_glm-5-turbo,multi_node,task_005_KIE_multiagent_model,OVERALL_HIDDEN_ERROR_CHECK,FAILED,E2,"No code was generated, so the files cannot exist and would fail any functional check, yet the oracle reported SUCCESS likely because tests skip on missing files."
z-ai_glm-5-turbo,multi_node,task_006_swarm_ros_bridge,test_hpp_ros2_interface_migration,FAILED,E2,"The generated code output indicates no code was generated or parse failed, yet the oracle was still able to read a file and run tests, suggesting the header retained ROS 1 interfaces—a critical migration failure not properly flagged as a generation error."
z-ai_glm-5-turbo,multi_node,task_006_swarm_ros_bridge,test_cpp_node_inheritance_usage,FAILED,C3,"The generated code does not use 'this->' or 'node->' patterns for create_publisher/create_subscription calls, indicating incomplete migration of ROS 2 node API usage patterns."
z-ai_glm-5-turbo,multi_node,task_006_swarm_ros_bridge,test_cpp_qos_usage,FAILED,C2,"The generated code failed to include ROS 2 QoS profiles (rclcpp::QoS/SystemDefaultsQoS/SensorDataQoS), which is a QoS Profile Mismatch issue."
z-ai_glm-5-turbo,multi_node,task_006_swarm_ros_bridge,test_system_callback_consistency,FAILED,C3,"The callback signature in the generated code does not use the expected `const T::SharedPtr msg` pattern required for ROS 2 subscription callbacks, indicating a semantic migration issue."
z-ai_glm-5-turbo,multi_node,task_006_swarm_ros_bridge,OVERALL_HIDDEN_ERROR_CHECK,FAILED,E2,"The generated code is empty ('NO CODE GENERATED OR PARSE FAILED'), which is a critical hard error that the oracle tests failed to catch as SUCCESS."
z-ai_glm-5-turbo,multi_node,task_007_aws_les,test_member_variable_consistency,FAILED,A1,"No code was generated or parsing failed, resulting in missing files that the test cannot locate."
z-ai_glm-5-turbo,multi_node,task_007_aws_les,test_callback_signature_sync,FAILED,A1,"No code was generated or parsing failed, so the required header and source files do not exist, causing the test to fail with FileNotFoundError."
z-ai_glm-5-turbo,multi_node,task_007_aws_les,test_inheritance_pattern,FAILED,A1,"No code was generated, so the required source files do not exist, causing all tests including test_inheritance_pattern to fail."
z-ai_glm-5-turbo,multi_node,task_007_aws_les,test_message_namespace_migration,FAILED,A1,"No code was generated, so the required header file does not exist, causing the test to fail with a FileNotFoundError."
z-ai_glm-5-turbo,multi_node,task_007_aws_les,test_ros1_leakage_cleanup,FAILED,A1,"No code was generated or parsing failed, resulting in missing files that the test cannot locate."
z-ai_glm-5-turbo,multi_node,task_007_aws_les,OVERALL_HIDDEN_ERROR_CHECK,FAILED,E2,"No code was generated or parsing failed, yet the oracle reported SUCCESS, which is a clear missed hard error."
z-ai_glm-5-turbo,multi_node,task_009_fleet_system,test_time_struct_field_sync,FAILED,A1,"No code was generated, so required files (msg2fbs.py and schema.fbs) are missing, causing FileNotFoundError."
z-ai_glm-5-turbo,multi_node,task_009_fleet_system,test_header_schema_no_seq,FAILED,A1,"No code was generated, so the required schema.fbs file does not exist, causing the test to fail with FileNotFoundError."
z-ai_glm-5-turbo,multi_node,task_009_fleet_system,test_namespace_conversion_logic,FAILED,E1,"The oracle rigidly requires a literal `.replace(""/"", ""."")` string, but functionally equivalent namespace conversion could be implemented differently; this is a style/format mismatch rather than a functional error."
z-ai_glm-5-turbo,multi_node,task_009_fleet_system,test_no_ros1_naming_leakage,FAILED,A1,"No code was generated, so required files (msg2fbs.py and schema.fbs) do not exist, causing FileNotFoundError."
z-ai_glm-5-turbo,multi_node,task_009_fleet_system,OVERALL_HIDDEN_ERROR_CHECK,FAILED,E2,"The generated code is empty ('NO CODE GENERATED OR PARSE FAILED'), which is a critical hard error, yet the oracle reported SUCCESS."
z-ai_glm-5-turbo,multi_node,task_011_amr_interop,test_py_ros_to_mqtt_orchestration,FAILED,C3,"The generated code does not wire the VDAOrderState subscription to the self._publish_state callback as required, indicating a semantic/behavioral error in the ROS-to-MQTT orchestration logic."
z-ai_glm-5-turbo,multi_node,task_011_amr_interop,test_no_ros1_terminology_leakage,FAILED,A1,"No code was generated, resulting in empty files; though the immediate test error is a regex flaw in the oracle, the underlying status is a fundamental compilation/generation failure."
z-ai_glm-5-turbo,multi_node,task_011_amr_interop,OVERALL_HIDDEN_ERROR_CHECK,FAILED,E2,"No code was generated or parsing failed, which is a critical hard error that the oracle test failed to catch as it reported SUCCESS."
z-ai_glm-5-turbo,multi_node,task_012_multimaster_flie,test_monitor_uses_succeed_helper,FAILED,E2,"No code was generated, causing all tests to fail; this is a critical hard error missed by the oracle status being merely FAILED on a specific test."
z-ai_glm-5-turbo,multi_node,task_012_multimaster_flie,test_absence_of_hardcoded_names,FAILED,C3,"The generated code contains a hardcoded '/master_sync' string instead of using dynamic node name retrieval, violating the migration requirement for dynamic naming."
z-ai_glm-5-turbo,multi_node,task_012_multimaster_flie,OVERALL_HIDDEN_ERROR_CHECK,FAILED,E2,"No code was generated or parsing failed, which is a critical hard error that the oracle tests failed to catch as a failure."
anthropic_claude-opus-4.6,manipulation,task_001_pick_and_place,test_detector_async_non_blocking_pattern,FAILED,B1,"The detector still contains the ROS 1 blocking pattern 'wait_for_service', indicating legacy ROS 1 API was not fully replaced with ROS 2 async equivalents."
anthropic_claude-opus-4.6,manipulation,task_001_pick_and_place,test_state_machine_future_synchronization,FAILED,C3,"The generated state machine code lacks future synchronization primitives (add_done_callback, spin_until_future_complete, or .done()) required to wait for asynchronous service/action responses before state transitions."
anthropic_claude-opus-4.6,manipulation,task_001_pick_and_place,test_static_interface_linkage_consistency,FAILED,C3,"The generated code uses an inconsistent topic name between the detector and state machine, breaking the publisher/subscriber linkage required for system integration."
anthropic_claude-opus-4.6,manipulation,task_001_pick_and_place,test_parameter_declaration_compliance,FAILED,B1,"The generated code failed to use ROS 2's self.declare_parameter API, indicating legacy ROS 1 parameter access patterns were not properly replaced."
anthropic_claude-opus-4.6,manipulation,task_001_pick_and_place,OVERALL_HIDDEN_ERROR_CHECK,FAILED,E2,"No code was generated or parsing failed, which means there is no valid ROS 2 migration code, yet the oracle reported SUCCESS, missing this critical hard error."
anthropic_claude-opus-4.6,manipulation,task_002_ur5_pick_and_place,test_controller_move_to_logic,FAILED,C3,"The generated controller.py lacks the Slerp orientation interpolation logic required by the move_to method, representing a semantic/behavioral omission in the migration."
anthropic_claude-opus-4.6,manipulation,task_002_ur5_pick_and_place,test_no_nested_deadlocks,FAILED,C1,"The generated code uses rclpy.spin_until_future_complete inside class methods, causing a node/executor deadlock issue detected by the architecture test."
anthropic_claude-opus-4.6,manipulation,task_002_ur5_pick_and_place,test_trajectory_interpolation_integrity,FAILED,C3,"The generated controller.py lacks Slerp-based orientation interpolation in move_to, failing the kinematics integrity check despite having a loop."
anthropic_claude-opus-4.6,manipulation,task_002_ur5_pick_and_place,test_strict_naming_compliance,FAILED,E1,"The test enforces a rigid, specific variable naming convention ('self.setstatic_srv') which is a style/format expectation rather than a functional correctness requirement."
anthropic_claude-opus-4.6,manipulation,task_002_ur5_pick_and_place,OVERALL_HIDDEN_ERROR_CHECK,FAILED,E2,"No code was generated or parse failed, so the file is empty/missing and would fail to run, but the oracle reported SUCCESS, missing this critical hard error."
anthropic_claude-opus-4.6,manipulation,task_003_ur5_red_box,test_cmakelists_rosidl_integrity,FAILED,E2,"No code was generated or parsed, causing all file-based checks to fail on empty content, which represents a critical missed hard error."
anthropic_claude-opus-4.6,manipulation,task_003_ur5_red_box,test_package_xml_modern_format,FAILED,A1,"No code was generated or parsing failed, resulting in empty package.xml content that fails the format check."
anthropic_claude-opus-4.6,manipulation,task_003_ur5_red_box,OVERALL_HIDDEN_ERROR_CHECK,FAILED,E2,"No code was generated, so all tests should have failed, but the oracle reported SUCCESS, indicating a missed hard error."
anthropic_claude-opus-4.6,manipulation,task_004_simplified_pick_place,test_migration_node_initialization,FAILED,E1,"The generated code uses the idiomatic ROS 2 pattern of subclassing Node (which internally calls create_node), but the oracle test rigidly requires the literal string 'rclpy.create_node', causing a false positive style mismatch."
anthropic_claude-opus-4.6,manipulation,task_004_simplified_pick_place,test_migration_tf2_logic,FAILED,E1,"The generated code uses tf2_ros but likely instantiates the Buffer differently (e.g., with node argument or different formatting), causing the rigid string match 'tf2_ros.Buffer()' to fail despite functionally correct ROS 2 tf2 usage."
anthropic_claude-opus-4.6,manipulation,task_004_simplified_pick_place,OVERALL_HIDDEN_ERROR_CHECK,FAILED,E2,"No code was generated or parsing failed, which is a critical hard error that should have caused test failures, but the oracle reported SUCCESS."
anthropic_claude-opus-4.6,manipulation,task_005_interbotix_demo,test_shared_node_instance,FAILED,E2,"The generated code is empty or failed to parse, which is a critical hard error preventing any functionality."
anthropic_claude-opus-4.6,manipulation,task_005_interbotix_demo,test_constructor_params_migration,FAILED,C3,"The generated code omits the explicit robot_model='wx200' parameter in the InterbotixManipulatorXS constructor, causing a semantic/behavioral mismatch with the expected hardware-specific configuration."
anthropic_claude-opus-4.6,manipulation,task_005_interbotix_demo,test_system_lifecycle_calls,FAILED,B1,"The generated code is missing the required rclpy.init() lifecycle call, indicating incomplete migration from ROS 1 initialization patterns to ROS 2."
anthropic_claude-opus-4.6,manipulation,task_005_interbotix_demo,test_ros2_package_imports,FAILED,C3,"The generated code is missing the 'import rclpy' statement despite using rclpy functions, causing the import check to fail."
anthropic_claude-opus-4.6,manipulation,task_005_interbotix_demo,OVERALL_HIDDEN_ERROR_CHECK,FAILED,E2,"The generated code is empty ('NO CODE GENERATED OR PARSE FAILED'), which is a critical hard error that should fail all tests, but the oracle reported SUCCESS."
anthropic_claude-opus-4.6,manipulation,task_006_pick_up_objects,test_service_interface_alignment,FAILED,E2,"The generated code is empty (parse failed), which is a critical hard error preventing any functionality, including the service interface alignment being tested."
anthropic_claude-opus-4.6,manipulation,task_006_pick_up_objects,test_no_leading_slashes_in_topics,FAILED,C3,"The manager code retains a leading slash in a Gazebo-related topic/service name ('/gazebo'), violating ROS 2 naming conventions expected by the test."
anthropic_claude-opus-4.6,manipulation,task_006_pick_up_objects,test_no_nested_spin,FAILED,C3,"The generated code contains a method that calls rclpy.spin internally (nested spin), which is a semantic/behavioral error causing the test to fail."
anthropic_claude-opus-4.6,manipulation,task_006_pick_up_objects,OVERALL_HIDDEN_ERROR_CHECK,FAILED,E2,"The generated code is empty ('NO CODE GENERATED OR PARSE FAILED'), which is a critical hard error, but the oracle reported SUCCESS, missing this failure."
anthropic_claude-opus-4.6,manipulation,task_007_tm_robot_arms,test_demo_blocking_call,FAILED,C3,"The generated ask_item_demo.py does not call ask_item with a positive wait_time argument, failing to implement the required blocking service call semantics."
anthropic_claude-opus-4.6,manipulation,task_007_tm_robot_arms,test_svr_callback_notification,FAILED,C3,"The generated code lacks the condition variable notification call (svr_cond_.notify_all/one) in the SVR callback, causing the service to never wake up the waiting thread."
anthropic_claude-opus-4.6,manipulation,task_007_tm_robot_arms,OVERALL_HIDDEN_ERROR_CHECK,FAILED,E2,"No code was generated or parsing failed, so the files do not exist; any execution or compilation would fail, but oracle reported SUCCESS."
anthropic_claude-opus-4.6,manipulation,task_008_allegro_hand,test_emergency_stop_logic,FAILED,B1,"The generated node code retains no emergency-stop check pattern using lEmergencyStop with a shutdown call, indicating the legacy ROS 1 safety interlock (ros::shutdown) was neither preserved nor properly migrated to rclcpp::shutdown."
anthropic_claude-opus-4.6,manipulation,task_008_allegro_hand,test_variable_naming_consistency,FAILED,A1,"No code was generated or parsing failed, so the file lacks the required HAND_TYPE_A/RIGHT_HAND flags, causing the test to fail."
anthropic_claude-opus-4.6,manipulation,task_008_allegro_hand,OVERALL_HIDDEN_ERROR_CHECK,FAILED,E2,"No code was generated or parse failed, which is a critical hard error that the oracle test failed to catch as SUCCESS."
anthropic_claude-opus-4.6,manipulation,task_010_reach_study,test_ros1_remnants_check,FAILED,C3,"The generated code retained 'ros::' substrings (e.g., in 'ros::Duration' or similar ROS 1 API usage) within the target pose generator file, indicating incomplete migration of ROS 1 semantics to ROS 2."
anthropic_claude-opus-4.6,manipulation,task_010_reach_study,test_tf2_ros2_migration,FAILED,E1,"The code uses 'pose = eigen_transform * pose' which is functionally correct, but the oracle regex strictly requires the variable name 'transform' rather than 'eigen_transform'."
anthropic_claude-opus-4.6,manipulation,task_010_reach_study,OVERALL_HIDDEN_ERROR_CHECK,FAILED,E2,"No code was generated or parsing failed, which is a critical hard error that the oracle test failed to catch as SUCCESS."
anthropic_claude-opus-4.6,navigation,task_003_waypoint_following,test_dependency_sync_xml_and_cmake,FAILED,A1,"No code was generated or parsing failed, resulting in empty files that cannot satisfy any dependency or build system requirements."
anthropic_claude-opus-4.6,navigation,task_003_waypoint_following,test_interface_sync_cmake_and_cpp,FAILED,E2,"No code was generated or parsing failed, which is a critical hard error preventing any functionality."
anthropic_claude-opus-4.6,navigation,task_003_waypoint_following,test_cpp_action_server_logic,FAILED,C3,"The generated code implements a service server instead of an action server, missing the required ServerGoalHandle and rclcpp_action API usage."
anthropic_claude-opus-4.6,navigation,task_003_waypoint_following,test_build_system_migration,FAILED,A1,"No code was generated or parsing failed, resulting in empty files that cannot satisfy any build system migration requirements."
anthropic_claude-opus-4.6,navigation,task_003_waypoint_following,OVERALL_HIDDEN_ERROR_CHECK,FAILED,E2,"No code was generated or parsing failed, which is a critical hard error that should not pass any meaningful tests."
anthropic_claude-opus-4.6,navigation,task_004_obstacle_avoidance,test_cmake_integration,FAILED,A1,"No code was generated or parsing failed, resulting in empty files that cannot satisfy the CMakeLists.txt linking requirements."
anthropic_claude-opus-4.6,navigation,task_004_obstacle_avoidance,test_package_xml_deps,FAILED,A1,"No code was generated, so the package.xml file is empty and missing all required dependency declarations."
anthropic_claude-opus-4.6,navigation,task_004_obstacle_avoidance,OVERALL_HIDDEN_ERROR_CHECK,FAILED,E2,"The generated code is empty ('NO CODE GENERATED OR PARSE FAILED'), which is a critical hard error, yet the oracle reported SUCCESS."
anthropic_claude-opus-4.6,navigation,task_005_plugin_replacement,test_interface_signature_consistency,FAILED,A1,"No code was generated, so the header file is empty and the pure virtual makePlan function is missing, causing a compilation/structural failure."
anthropic_claude-opus-4.6,navigation,task_005_plugin_replacement,test_build_system_bridge,FAILED,E2,"No code was generated, so the CMakeLists.txt is empty and missing the required plugin XML install directive, which is a critical hard error."
anthropic_claude-opus-4.6,navigation,task_005_plugin_replacement,test_class_export_match,FAILED,E2,"The generated code is missing the PLUGINLIB_EXPORT_CLASS macro registration required for plugin discovery, which is a critical hard error preventing the plugin from being loaded at runtime."
anthropic_claude-opus-4.6,navigation,task_005_plugin_replacement,OVERALL_HIDDEN_ERROR_CHECK,FAILED,E2,"No code was generated or parsing failed, which is a critical hard error that should not pass tests, yet the oracle reported SUCCESS."
anthropic_claude-opus-4.6,navigation,task_007_navigation_sensor_failure,test_service_binding_logic,FAILED,E2,"The generated code shows '// NO CODE GENERATED OR PARSE FAILED', indicating a critical generation failure, yet the oracle ran tests against some existing code rather than catching the missing generation."
anthropic_claude-opus-4.6,navigation,task_007_navigation_sensor_failure,OVERALL_HIDDEN_ERROR_CHECK,FAILED,E2,"The generated code is empty ('NO CODE GENERATED OR PARSE FAILED'), which is a critical hard error that the oracle marked as SUCCESS."
anthropic_claude-opus-4.6,navigation,task_008_exploration_mapping,test_architecture_transformation,FAILED,C3,"The generated code includes a header file rather than defining the class inline with 'public hardware_interface::SystemInterface' inheritance, causing the regex-based architecture check to fail."
anthropic_claude-opus-4.6,navigation,task_008_exploration_mapping,test_interface_matching_logic,FAILED,C3,"The generated code is missing references to 'left_wheel_joint' and 'right_wheel_joint', indicating incomplete implementation of the joint interface logic required by the system."
anthropic_claude-opus-4.6,navigation,task_008_exploration_mapping,test_yaml_structure_and_sync,FAILED,A1,"No code was generated, so the required controllers.yaml file does not exist, causing the test to fail with FileNotFoundError."
anthropic_claude-opus-4.6,navigation,task_008_exploration_mapping,OVERALL_HIDDEN_ERROR_CHECK,FAILED,E2,"No code was generated or parsing failed, which is a critical hard error that should not pass any tests, yet the oracle status is marked SUCCESS."
anthropic_claude-opus-4.6,simulation_integration,task_002_gazebo_plugin,test_launch_empty_world_inclusion,FAILED,A1,"No code was generated, so the required hello.launch file does not exist, causing the file-not-found failure."
anthropic_claude-opus-4.6,simulation_integration,task_002_gazebo_plugin,test_launch_world_parameter_passing,FAILED,A1,"No code was generated, so the required hello.launch file does not exist, causing the test to fail at file lookup."
anthropic_claude-opus-4.6,simulation_integration,task_002_gazebo_plugin,test_launch_xml_structure,FAILED,A1,"No code was generated, so the required hello.launch file does not exist, causing the test to fail at file lookup."
anthropic_claude-opus-4.6,simulation_integration,task_002_gazebo_plugin,test_anti_leakage_ros2_substitution,FAILED,E2,"No code was generated, so the required launch file does not exist, causing the test to fail at file discovery."
anthropic_claude-opus-4.6,simulation_integration,task_002_gazebo_plugin,OVERALL_HIDDEN_ERROR_CHECK,FAILED,E2,"No code was generated or parsing failed, which is a critical hard error that should have failed the tests, but the oracle reported SUCCESS."
anthropic_claude-opus-4.6,simulation_integration,task_003_turtlebot3_gazebo,test_burger_base_link_mesh,FAILED,E2,"No code was generated, so the required URDF files do not exist, causing a hard FileNotFoundError failure."
anthropic_claude-opus-4.6,simulation_integration,task_003_turtlebot3_gazebo,test_burger_collision_geometry,FAILED,A1,"No code was generated, so the required URDF file does not exist, causing FileNotFoundError."
anthropic_claude-opus-4.6,simulation_integration,task_003_turtlebot3_gazebo,test_burger_inertial_properties,FAILED,A1,"No code was generated, so the required URDF file does not exist, causing a FileNotFoundError during the test."
anthropic_claude-opus-4.6,simulation_integration,task_003_turtlebot3_gazebo,test_waffle_dual_caster_structure,FAILED,A1,"No code was generated, so the required URDF file does not exist, causing the test to fail with FileNotFoundError."
anthropic_claude-opus-4.6,simulation_integration,task_003_turtlebot3_gazebo,test_waffle_base_link_mesh,FAILED,E2,"No code was generated, so the required URDF file is missing, causing a FileNotFoundError - a critical hard error due to missing output."
anthropic_claude-opus-4.6,simulation_integration,task_003_turtlebot3_gazebo,test_launch_server_client_separation,FAILED,C3,"The generated launch file does not include the expected '-r -s -v2' arguments for the gzserver command, indicating a semantic mismatch in how the server/client separation was implemented."
anthropic_claude-opus-4.6,simulation_integration,task_003_turtlebot3_gazebo,OVERALL_HIDDEN_ERROR_CHECK,FAILED,E2,"No code was generated or parsing failed, yet the oracle reported SUCCESS, indicating a critical hard error was missed."
anthropic_claude-opus-4.6,simulation_integration,task_004_industrial_robot_simulator,test_ros2_state_node_lifecycle,FAILED,B1,The generated code retains ROS 1 stack-allocated node pattern (RobotStateInterface rsi;) instead of using std::make_shared as required for ROS 2 nodes.
anthropic_claude-opus-4.6,simulation_integration,task_004_industrial_robot_simulator,test_launch_system_migration_check,FAILED,A1,"No code was generated, so the launch file does not exist, causing the test to fail with FileNotFoundError."
anthropic_claude-opus-4.6,simulation_integration,task_004_industrial_robot_simulator,OVERALL_HIDDEN_ERROR_CHECK,FAILED,E2,"No code was generated, yet the oracle reported SUCCESS, indicating the tests failed to catch this critical absence of any migration output."
anthropic_claude-opus-4.6,simulation_integration,task_005_Allegro_Hand_V5_ROS1_Task,test_cmake_ros2_ament_integrity,FAILED,A1,"No code was generated or parsing failed, resulting in empty files that cannot satisfy any CMake or migration requirements."
anthropic_claude-opus-4.6,simulation_integration,task_005_Allegro_Hand_V5_ROS1_Task,test_imu_physics_frequency_scaling_semantics,FAILED,C3,"The generated code is missing the 1/sqrt(dt) white noise scaling logic required for correct IMU physics behavior, indicating a semantic/behavioral error in preserving the original noise model."
anthropic_claude-opus-4.6,simulation_integration,task_005_Allegro_Hand_V5_ROS1_Task,test_ros2_api_usage,FAILED,B1,"The generated code still uses legacy ROS 1/Gazebo APIs (e.g., imu_pub_->Publish, no rclcpp::init) instead of migrating to rclcpp::Node and create_publisher."
anthropic_claude-opus-4.6,simulation_integration,task_005_Allegro_Hand_V5_ROS1_Task,test_no_legacy_remnants,FAILED,B1,The migrated code retains legacy Gazebo Protobuf `set_allocated_` calls and the old `imu_pub_->Publish` pattern instead of replacing them with ROS 2 sensor_msgs::msg::Imu publishing.
anthropic_claude-opus-4.6,simulation_integration,task_005_Allegro_Hand_V5_ROS1_Task,test_msgbuffer_memory_logic,FAILED,A1,"No code was generated or parsing failed, resulting in empty file content that cannot satisfy any test assertions."
anthropic_claude-opus-4.6,simulation_integration,task_005_Allegro_Hand_V5_ROS1_Task,test_msgbuffer_safety_assertions,FAILED,A1,"No code was generated or parsing failed, resulting in empty file content that fails all assertions including the safety assertion check."
anthropic_claude-opus-4.6,simulation_integration,task_005_Allegro_Hand_V5_ROS1_Task,test_header_inclusion_semantics,FAILED,A1,"No code was generated or parsing failed, resulting in empty files that cannot satisfy any content assertions including the namespace check."
anthropic_claude-opus-4.6,simulation_integration,task_005_Allegro_Hand_V5_ROS1_Task,OVERALL_HIDDEN_ERROR_CHECK,FAILED,E2,"No code was generated or parse failed, so there is no migrated code to test, yet the oracle reported SUCCESS — this is a missed hard error."
anthropic_claude-opus-4.6,simulation_integration,task_007_carla_ros_bridge,test_twist_linear_rotation_logic,FAILED,C3,"The generated transforms.py is missing the rotation-aware linear velocity transformation logic (if carla_rotation branch with carla_vector_to_ros_vector_rotated), indicating a semantic/behavioral omission in the migration."
anthropic_claude-opus-4.6,simulation_integration,task_007_carla_ros_bridge,test_bridge_update_trigger_with_timestamp,FAILED,C3,"The generated bridge.py code does not invoke self._update() with the expected frame and elapsed_seconds arguments, indicating a missing semantic behavior in the sync loop."
anthropic_claude-opus-4.6,simulation_integration,task_007_carla_ros_bridge,test_actor_factory_pre_tick_update,FAILED,A1,"No code was generated or parsing failed, so the bridge.py file content is empty/missing causing the regex search to return -1."
anthropic_claude-opus-4.6,simulation_integration,task_007_carla_ros_bridge,OVERALL_HIDDEN_ERROR_CHECK,FAILED,E2,"No code was generated or parsing failed, which is a critical hard error that the oracle test framework missed by reporting SUCCESS."
anthropic_claude-opus-4.6,simulation_integration,task_008_navigation_recovery_action,test_service_client_and_call,FAILED,C3,"The generated code failed to create the required service client for /gazebo/set_model_state, representing a missing semantic/behavioral element from the original ROS 1 code."
anthropic_claude-opus-4.6,simulation_integration,task_008_navigation_recovery_action,test_pose_and_twist_initialization,FAILED,C3,"The generated code does not pass the Pose and Twist arguments to the set_model_state call in the required signature format (""ball"", ""world"", pose, twist), indicating a semantic mismatch in the service call structure."
anthropic_claude-opus-4.6,simulation_integration,task_008_navigation_recovery_action,OVERALL_HIDDEN_ERROR_CHECK,FAILED,E2,"The generated code is empty ('NO CODE GENERATED OR PARSE FAILED'), which is a critical hard error that the oracle marked as SUCCESS."
anthropic_claude-opus-4.6,multi_node,task_001_rosserial_python_integration,test_absence_of_global_node_init,FAILED,C3,"The generated SerialClient.py contains rclpy.create_node instead of using the injected node, violating the dependency injection pattern required by the migration."
anthropic_claude-opus-4.6,multi_node,task_001_rosserial_python_integration,OVERALL_HIDDEN_ERROR_CHECK,FAILED,E2,"No code was generated or parsing failed, so there is no actual ROS 2 implementation to test, yet the oracle reported SUCCESS — a critical missed hard error."
anthropic_claude-opus-4.6,multi_node,task_002_sm_rosbag_recorder,OVERALL_CODE_CHECK,SUCCESS,E2,"The generated code is empty ('NO CODE GENERATED OR PARSE FAILED'), which means files don't exist and load_file returns empty strings, yet the oracle reportedly passed—this is a critical missed hard error since empty files cannot satisfy the assertions."
anthropic_claude-opus-4.6,multi_node,task_004_talker_relay_listener,OVERALL_CODE_CHECK,SUCCESS,E2,"The generated code is empty (parse failed), so no files exist; the oracle tests trivially pass because read_file returns empty strings which satisfy negative checks, but positive assertions should have failed—indicating the oracle missed the hard error of missing code."
anthropic_claude-opus-4.6,multi_node,task_005_KIE_multiagent_model,OVERALL_CODE_CHECK,SUCCESS,E2,"The generated code is empty ('NO CODE GENERATED OR PARSE FAILED'), which means no actual migration was performed, yet the oracle tests passed because the fixtures skip when files don't exist or the tests run against pre-existing files."
anthropic_claude-opus-4.6,multi_node,task_006_swarm_ros_bridge,test_cpp_node_inheritance_usage,FAILED,A1,"The generated code is empty (parse failed), so it cannot contain the required ROS 2 node creation patterns, causing this test to fail."
anthropic_claude-opus-4.6,multi_node,task_006_swarm_ros_bridge,test_cpp_qos_usage,FAILED,C2,"The generated code does not include any ROS 2 QoS profile (rclcpp::QoS, SystemDefaultsQoS, or SensorDataQoS), causing the QoS usage test to fail."
anthropic_claude-opus-4.6,multi_node,task_006_swarm_ros_bridge,test_system_callback_consistency,FAILED,C3,"The generated code's callback signature does not match the expected ROS 2 SharedPtr pattern (sub_cb(const T::SharedPtr msg)), indicating a semantic migration issue with callback signatures."
anthropic_claude-opus-4.6,multi_node,task_006_swarm_ros_bridge,OVERALL_HIDDEN_ERROR_CHECK,FAILED,E2,"No code was generated or parsing failed, which is a critical hard error that should fail tests, yet the oracle reported SUCCESS."
anthropic_claude-opus-4.6,multi_node,task_007_aws_les,test_member_variable_consistency,FAILED,A1,"No code was generated, causing the required source files to be missing entirely."
anthropic_claude-opus-4.6,multi_node,task_007_aws_les,test_callback_signature_sync,FAILED,A1,"No code was generated or parsing failed, so the required source files do not exist for the test to read."
anthropic_claude-opus-4.6,multi_node,task_007_aws_les,test_inheritance_pattern,FAILED,A1,"No code was generated or parsing failed, resulting in missing files that the test expects to exist."
anthropic_claude-opus-4.6,multi_node,task_007_aws_les,test_message_namespace_migration,FAILED,A1,"No code was generated, so the required header and source files do not exist, causing the test to fail with FileNotFoundError."
anthropic_claude-opus-4.6,multi_node,task_007_aws_les,test_ros1_leakage_cleanup,FAILED,A1,"No code was generated, so the required files do not exist, causing all tests including test_ros1_leakage_cleanup to fail with FileNotFoundError."
anthropic_claude-opus-4.6,multi_node,task_007_aws_les,OVERALL_HIDDEN_ERROR_CHECK,FAILED,E2,"The generated code is empty ('NO CODE GENERATED OR PARSE FAILED'), which is a critical hard error that the oracle failed to catch as SUCCESS."
anthropic_claude-opus-4.6,multi_node,task_009_fleet_system,test_time_struct_field_sync,FAILED,A1,"No code was generated, so required files (schema.fbs, msg2fbs.py) are missing, causing FileNotFoundError."
anthropic_claude-opus-4.6,multi_node,task_009_fleet_system,test_header_schema_no_seq,FAILED,A1,"No code was generated, so required files like schema.fbs do not exist, causing FileNotFoundError during the test."
anthropic_claude-opus-4.6,multi_node,task_009_fleet_system,test_namespace_conversion_logic,FAILED,C3,"The generated Python code does not include the required string replacement logic to convert ROS 2 '/' separators to FBS '.' namespace separators, causing a semantic/behavioral mismatch with ROS 2 type path conventions."
anthropic_claude-opus-4.6,multi_node,task_009_fleet_system,test_no_ros1_naming_leakage,FAILED,A1,"No code was generated, so required files (msg2fbs.py and schema.fbs) are missing, causing the test to fail with FileNotFoundError."
anthropic_claude-opus-4.6,multi_node,task_009_fleet_system,OVERALL_HIDDEN_ERROR_CHECK,FAILED,E2,"No code was generated, yet the oracle reported SUCCESS, which is a clear false negative as the missing code cannot possibly satisfy the migration requirements."
anthropic_claude-opus-4.6,multi_node,task_011_amr_interop,test_py_ros_to_mqtt_orchestration,FAILED,C3,"The generated code's subscription for VDAOrderState is not linked to the self._publish_state callback as required, indicating a semantic mismatch in the ROS-to-MQTT orchestration wiring."
anthropic_claude-opus-4.6,multi_node,task_011_amr_interop,test_no_ros1_terminology_leakage,FAILED,E1,"The test failed due to a regex syntax error in the oracle test itself (unescaped parenthesis in 'Publisher(' creates an invalid pattern with \b), not due to any issue with the generated code."
anthropic_claude-opus-4.6,multi_node,task_011_amr_interop,OVERALL_HIDDEN_ERROR_CHECK,FAILED,E2,"No code was generated or parsed, which is a critical hard error that should fail all tests, but the oracle reported SUCCESS."
anthropic_claude-opus-4.6,multi_node,task_012_multimaster_flie,test_monitor_calls_master_api,FAILED,E2,"No code was generated or parsing failed, which is a critical hard failure preventing any test from passing."
anthropic_claude-opus-4.6,multi_node,task_012_multimaster_flie,test_monitor_uses_succeed_helper,FAILED,E2,"No code was generated or parsed, which is a critical failure that prevents any test from passing."
anthropic_claude-opus-4.6,multi_node,task_012_multimaster_flie,test_monitor_populates_master_info,FAILED,E2,"No code was generated or parsing failed, which is a critical hard error preventing any functionality."
anthropic_claude-opus-4.6,multi_node,task_012_multimaster_flie,test_absence_of_hardcoded_names,FAILED,C3,"The generated code contains hardcoded node name strings like '/master_discovery' instead of using dynamic node name retrieval, which is a semantic/behavioral error in the migration."
anthropic_claude-opus-4.6,multi_node,task_012_multimaster_flie,OVERALL_HIDDEN_ERROR_CHECK,FAILED,E2,"No code was generated or parsing failed, which is a critical hard error that should have caused test failures but the oracle reported SUCCESS."
openai_gpt-5.5,manipulation,task_001_pick_and_place,test_detector_async_non_blocking_pattern,FAILED,B1,"The generated detector code retains the ROS 1 blocking 'wait_for_service' call instead of using ROS 2 async patterns, indicating legacy API was not replaced."
openai_gpt-5.5,manipulation,task_001_pick_and_place,test_static_interface_linkage_consistency,FAILED,C3,"The generated code uses an inconsistent topic name that doesn't include '/object_detection' in at least one of the files, breaking the publisher-subscriber linkage between the detector and state machine."
openai_gpt-5.5,manipulation,task_001_pick_and_place,OVERALL_HIDDEN_ERROR_CHECK,FAILED,E2,"No code was generated or parsing failed, which means the migration is entirely missing and would fail at runtime, yet the oracle reported SUCCESS."
openai_gpt-5.5,manipulation,task_002_ur5_pick_and_place,test_controller_move_to_logic,FAILED,C3,"The generated controller.py lacks Slerp-based orientation interpolation in move_to, representing a semantic/behavioral omission of required interpolation logic."
openai_gpt-5.5,manipulation,task_002_ur5_pick_and_place,test_trajectory_interpolation_integrity,FAILED,C3,"The generated move_to implementation includes a loop but lacks Slerp orientation interpolation, failing the kinematics integrity requirement."
openai_gpt-5.5,manipulation,task_002_ur5_pick_and_place,test_strict_naming_compliance,FAILED,C3,"The generated code did not use the required exact service client name 'self.setstatic_srv', indicating a semantic/behavioral mismatch with the expected naming convention."
openai_gpt-5.5,manipulation,task_002_ur5_pick_and_place,OVERALL_HIDDEN_ERROR_CHECK,FAILED,E2,"No code was generated or parsing failed, which is a critical hard error that the oracle test failed to catch as SUCCESS."
openai_gpt-5.5,manipulation,task_003_ur5_red_box,test_cmakelists_rosidl_integrity,FAILED,E2,"No code was generated, so the CMakeLists.txt is empty and missing required ROS 2 build configurations, representing a critical hard failure."
openai_gpt-5.5,manipulation,task_003_ur5_red_box,test_package_xml_modern_format,FAILED,A1,"No code was generated, so package.xml is empty and fails the format check."
openai_gpt-5.5,manipulation,task_003_ur5_red_box,OVERALL_HIDDEN_ERROR_CHECK,FAILED,E2,"No code was generated, so the tests vacuously pass on empty file content checks but the migration is fundamentally absent—a critical hard error the oracle missed."
openai_gpt-5.5,manipulation,task_004_simplified_pick_place,test_migration_tf2_logic,FAILED,C3,"The generated code uses tf2_ros but does not instantiate tf2_ros.Buffer() as required, indicating incomplete migration of the TF2 logic."
openai_gpt-5.5,manipulation,task_004_simplified_pick_place,OVERALL_HIDDEN_ERROR_CHECK,FAILED,E2,"No code was generated or parsing failed, which means the migration is critically broken and cannot run, yet the oracle reported SUCCESS."
openai_gpt-5.5,manipulation,task_005_interbotix_demo,test_shared_node_instance,FAILED,E2,"No code was generated or parsing failed, which is a critical hard error preventing any functional ROS 2 migration."
openai_gpt-5.5,manipulation,task_005_interbotix_demo,test_constructor_params_migration,FAILED,C3,"The generated code instantiates InterbotixManipulatorXS without the explicit robot_model='wx200' parameter, losing hardware-specific configuration during migration."
openai_gpt-5.5,manipulation,task_005_interbotix_demo,test_no_rospy_artifacts,FAILED,B1,"The generated code retained the legacy 'roslaunch' string reference instead of replacing it with 'ros2 launch', leaving a ROS 1 API artifact."
openai_gpt-5.5,manipulation,task_005_interbotix_demo,test_cluster_position_destructuring,FAILED,C3,"The generated code did not include the required cluster position destructuring pattern (x, y, z = cluster['position']), representing a semantic/behavioral migration omission of perception data handling logic."
openai_gpt-5.5,manipulation,task_005_interbotix_demo,OVERALL_HIDDEN_ERROR_CHECK,FAILED,E2,"The generated code is empty ('NO CODE GENERATED OR PARSE FAILED'), which is a critical hard error, but the oracle reported SUCCESS, indicating it failed to catch this missing implementation."
openai_gpt-5.5,manipulation,task_006_pick_up_objects,test_no_leading_slashes_in_topics,FAILED,C3,"The generated code uses a leading slash in '/gazebo' service name, violating ROS 2 naming conventions expected by the test."
openai_gpt-5.5,manipulation,task_006_pick_up_objects,test_no_nested_spin,FAILED,C1,"The generated manager code contains a method definition that eventually leads to rclpy.spin being called inside it (nested spin pattern), indicating improper node/lifecycle handling that the test detects."
openai_gpt-5.5,manipulation,task_006_pick_up_objects,OVERALL_HIDDEN_ERROR_CHECK,FAILED,E2,"No code was generated or parse failed, yet the oracle reported SUCCESS, which is a critical missed hard error."
openai_gpt-5.5,manipulation,task_007_tm_robot_arms,test_sync_wait_logic,FAILED,E2,"No code was generated, so the migration fundamentally failed to produce required synchronization logic, representing a critical missing implementation."
openai_gpt-5.5,manipulation,task_007_tm_robot_arms,test_demo_blocking_call,FAILED,E2,"The generated code is empty (parse failure), which is a critical hard error preventing any functionality, though the test only checks for a specific regex pattern in the demo file."
openai_gpt-5.5,manipulation,task_007_tm_robot_arms,test_svr_callback_notification,FAILED,C3,"The generated code lacks the svr_cond_.notify_all/notify_one() call needed to wake the waiting service thread, causing a semantic/behavioral defect where service calls will always timeout."
openai_gpt-5.5,manipulation,task_007_tm_robot_arms,OVERALL_HIDDEN_ERROR_CHECK,FAILED,E2,"No code was generated or parsing failed, yet the oracle reports SUCCESS, indicating the tests failed to catch the complete absence of implementation."
openai_gpt-5.5,manipulation,task_008_allegro_hand,test_emergency_stop_logic,FAILED,B1,"The generated code did not retain the emergency stop logic that uses ros::shutdown() upon lEmergencyStop < 0, failing to migrate/preserve the legacy ROS 1 shutdown API and its triggering condition."
openai_gpt-5.5,manipulation,task_008_allegro_hand,test_variable_naming_consistency,FAILED,A1,"No code was generated or parsing failed, so the file is missing/empty and cannot contain the required variable references."
openai_gpt-5.5,manipulation,task_008_allegro_hand,OVERALL_HIDDEN_ERROR_CHECK,FAILED,E2,"No code was generated or parse failed, yet the oracle reported SUCCESS, which constitutes a missed hard error."
openai_gpt-5.5,manipulation,task_009_urdf,test_urdf_kinematics,FAILED,A1,"No code was generated, so the required URDF/SRDF/YAML files do not exist, causing the test to fail with FileNotFoundError."
openai_gpt-5.5,manipulation,task_009_urdf,test_srdf_semantic_logic,FAILED,A1,"No code was generated, so the required SRDF file does not exist, causing the test to fail with FileNotFoundError."
openai_gpt-5.5,manipulation,task_009_urdf,test_joint_limits_overrides,FAILED,A1,"No code was generated, so the required joint_limits.yaml file does not exist, causing the test to fail with FileNotFoundError."
openai_gpt-5.5,manipulation,task_009_urdf,OVERALL_HIDDEN_ERROR_CHECK,FAILED,E2,"No code was generated or parsing failed, which is a critical hard error that the oracle test failed to catch."
openai_gpt-5.5,manipulation,task_010_reach_study,test_ros1_remnants_check,FAILED,C3,"The substring check 'ros::' incorrectly matches 'tf2_ros::', causing a false trigger; however the generated code itself was not provided, and the test's naive substring check flags valid ROS 2 namespaces like tf2_ros:: as ROS 1 remnants."
openai_gpt-5.5,manipulation,task_010_reach_study,OVERALL_HIDDEN_ERROR_CHECK,FAILED,E2,"No code was generated or parsing failed, yet the oracle reported SUCCESS, indicating a missed hard error."
openai_gpt-5.5,navigation,task_001_simple_map_navigation_2d,OVERALL_HIDDEN_ERROR_CHECK,FAILED,E2,"No code was generated, so the build files cannot exist or pass any real migration check, indicating a critical hard error missed by the oracle."
openai_gpt-5.5,navigation,task_002_husky_sim_navigation,test_pkg_format_and_buildtool,FAILED,A1,"No code was generated, so package.xml is empty and all migration tests fail."
openai_gpt-5.5,navigation,task_002_husky_sim_navigation,test_nav_stack_replacement,FAILED,E2,"No code was generated, so the migration is entirely missing including required dependencies and would fail all functional checks."
openai_gpt-5.5,navigation,task_002_husky_sim_navigation,test_cmake_asset_installation,FAILED,E2,"No code was generated, so the CMakeLists.txt is empty/missing, causing a hard failure to provide required installation rules."
openai_gpt-5.5,navigation,task_002_husky_sim_navigation,test_cmake_ament_registration,FAILED,A1,"No code was generated or parsing failed, so the CMakeLists.txt is empty and missing the required ament_package() call."
openai_gpt-5.5,navigation,task_002_husky_sim_navigation,test_launch_path_resolution,FAILED,A1,"No code was generated or parsing failed, so the launch file is empty and cannot contain the required ROS 2 path resolution API."
openai_gpt-5.5,navigation,task_002_husky_sim_navigation,test_launch_conditional_logic,FAILED,E2,"No code was generated or parsing failed, resulting in empty files that cannot contain the required launch logic."
openai_gpt-5.5,navigation,task_002_husky_sim_navigation,OVERALL_HIDDEN_ERROR_CHECK,FAILED,E2,"No code was generated or parsing failed, which is a critical hard error that the oracle marked as SUCCESS."
openai_gpt-5.5,navigation,task_003_waypoint_following,test_dependency_sync_xml_and_cmake,FAILED,A1,"No code was generated or parsing failed, resulting in empty files that cannot satisfy any dependency synchronization checks."
openai_gpt-5.5,navigation,task_003_waypoint_following,test_interface_sync_cmake_and_cpp,FAILED,E2,"No code was generated, which is a critical hard failure causing all tests to fail."
openai_gpt-5.5,navigation,task_003_waypoint_following,test_cpp_action_server_logic,FAILED,C3,"The generated code is missing the core arithmetic logic 'a + b' required for the action server's functional behavior, indicating a semantic/behavioral error in the migration."
openai_gpt-5.5,navigation,task_003_waypoint_following,test_build_system_migration,FAILED,A1,"No code was generated or parsing failed, so package.xml is empty and lacks ament_cmake references."
openai_gpt-5.5,navigation,task_003_waypoint_following,OVERALL_HIDDEN_ERROR_CHECK,FAILED,E2,"No code was generated or parsing failed, which is a critical hard error that should have caused all tests to fail, but the oracle reported SUCCESS."
openai_gpt-5.5,navigation,task_004_obstacle_avoidance,test_parameter_logic,FAILED,B1,"The generated turtle_frame.cpp still contains legacy ROS 1 parameter API instead of using ROS 2's declare_parameter for background_r/g/b, indicating ROS 1 API was not replaced."
openai_gpt-5.5,navigation,task_004_obstacle_avoidance,test_cmake_integration,FAILED,A1,"No code was generated or parsing failed, resulting in empty files that cannot satisfy any CMake integration requirements."
openai_gpt-5.5,navigation,task_004_obstacle_avoidance,test_package_xml_deps,FAILED,E2,"No code was generated at all, which is a critical hard error preventing any functionality, including missing package.xml dependencies."
openai_gpt-5.5,navigation,task_004_obstacle_avoidance,OVERALL_HIDDEN_ERROR_CHECK,FAILED,E2,"The generated code is empty ('NO CODE GENERATED OR PARSE FAILED'), which is a critical hard error that should have failed all tests, but the oracle reported SUCCESS."
openai_gpt-5.5,navigation,task_005_plugin_replacement,test_interface_signature_consistency,FAILED,A1,"No code was generated, so the header file is empty and the pure virtual makePlan function cannot be found."
openai_gpt-5.5,navigation,task_005_plugin_replacement,test_build_system_bridge,FAILED,A1,"No code was generated, so the CMakeLists.txt file is empty and fails the plugin installation regex check."
openai_gpt-5.5,navigation,task_005_plugin_replacement,OVERALL_HIDDEN_ERROR_CHECK,FAILED,E2,"No code was generated or parsing failed, which is a critical hard error that should have been caught but the oracle reported SUCCESS."
openai_gpt-5.5,navigation,task_006_exploration_mapping,test_hole1_slam_node_translation,FAILED,A1,"No code was generated or parsing failed, resulting in empty content that cannot satisfy any ROS 2 syntax requirements."
openai_gpt-5.5,navigation,task_006_exploration_mapping,test_hole2_costmap_sensor_translation,FAILED,E2,"No code was generated or parsing failed, resulting in empty files that cannot pass any test assertions."
openai_gpt-5.5,navigation,task_006_exploration_mapping,test_rviz_migration_consistency,FAILED,E2,"No code was generated, resulting in empty file content that fails all migration checks including the rviz2 test."
openai_gpt-5.5,navigation,task_006_exploration_mapping,OVERALL_HIDDEN_ERROR_CHECK,FAILED,E2,"The generated code is empty ('NO CODE GENERATED OR PARSE FAILED'), which is a critical hard error, yet the oracle reported SUCCESS."
openai_gpt-5.5,navigation,task_007_navigation_sensor_failure,test_service_callback_signatures,FAILED,C3,"The generated header's service callback signatures do not follow the required ROS 2 pattern of (Request::SharedPtr, Response::SharedPtr), indicating a semantic migration error in the service API conversion."
openai_gpt-5.5,navigation,task_007_navigation_sensor_failure,test_service_binding_logic,FAILED,E2,"The generated code lacks the expected std::bind pattern with two placeholders for create_service, indicating a missed migration of service callback binding logic."
openai_gpt-5.5,navigation,task_007_navigation_sensor_failure,OVERALL_HIDDEN_ERROR_CHECK,FAILED,E2,"The generated code is empty ('NO CODE GENERATED OR PARSE FAILED'), which is a critical hard error that the oracle marked as SUCCESS."
openai_gpt-5.5,navigation,task_008_exploration_mapping,test_architecture_transformation,FAILED,C3,"The generated code declares the class without explicitly inheriting from hardware_interface::SystemInterface in the class definition (only referenced in PLUGINLIB_EXPORT_CLASS), representing a semantic/behavioral error in the migration."
openai_gpt-5.5,navigation,task_008_exploration_mapping,test_interface_matching_logic,FAILED,C3,"The generated code does not contain the required joint names 'left_wheel_joint' and 'right_wheel_joint', indicating a semantic/behavioral error where the hardware interface fails to properly define the expected joints for the differential drive controller."
openai_gpt-5.5,navigation,task_008_exploration_mapping,test_yaml_structure_and_sync,FAILED,A1,"No code was generated, so the required controllers.yaml file does not exist, causing a FileNotFoundError."
openai_gpt-5.5,navigation,task_008_exploration_mapping,OVERALL_HIDDEN_ERROR_CHECK,FAILED,E2,"No code was generated or parsing failed, which is a critical hard error that should have caused all tests to fail, but the oracle status reports SUCCESS."
openai_gpt-5.5,simulation_integration,task_002_gazebo_plugin,test_launch_empty_world_inclusion,FAILED,A1,"No code was generated, so the required hello.launch file does not exist, causing the test to fail on file not found."
openai_gpt-5.5,simulation_integration,task_002_gazebo_plugin,test_launch_world_parameter_passing,FAILED,A1,"No code was generated, so the required hello.launch file does not exist, causing the test to fail at file lookup."
openai_gpt-5.5,simulation_integration,task_002_gazebo_plugin,test_launch_xml_structure,FAILED,A1,"No code was generated, so the required hello.launch file does not exist, causing the test to fail at file lookup."
openai_gpt-5.5,simulation_integration,task_002_gazebo_plugin,test_anti_leakage_ros2_substitution,FAILED,E2,"No code was generated, so the required launch file does not exist, causing the test to fail."
openai_gpt-5.5,simulation_integration,task_002_gazebo_plugin,OVERALL_HIDDEN_ERROR_CHECK,FAILED,P1,"The oracle tests check for ROS 1 Gazebo plugin patterns and ROS 1 launch file syntax, which the generated code (or lack thereof) apparently satisfies per the SUCCESS status."
openai_gpt-5.5,simulation_integration,task_003_turtlebot3_gazebo,test_burger_base_link_mesh,FAILED,A1,"No code was generated, so the required URDF file does not exist, causing the test to fail with FileNotFoundError."
openai_gpt-5.5,simulation_integration,task_003_turtlebot3_gazebo,test_burger_collision_geometry,FAILED,E2,"No code was generated, so the required URDF file does not exist, causing a FileNotFoundError which represents a hard failure to produce any migration output."
openai_gpt-5.5,simulation_integration,task_003_turtlebot3_gazebo,test_burger_inertial_properties,FAILED,A1,"No code was generated, so the required URDF file does not exist, causing a FileNotFoundError when the test attempts to read it."
openai_gpt-5.5,simulation_integration,task_003_turtlebot3_gazebo,test_waffle_dual_caster_structure,FAILED,A1,"No code was generated, so the expected URDF/launch files do not exist, causing FileNotFoundError."
openai_gpt-5.5,simulation_integration,task_003_turtlebot3_gazebo,test_waffle_base_link_mesh,FAILED,E2,"No code was generated, so the required URDF file is missing, causing a FileNotFoundError which is a critical hard failure."
openai_gpt-5.5,simulation_integration,task_003_turtlebot3_gazebo,test_launch_server_client_separation,FAILED,C3,"The generated launch file does not include the expected '-r -s -v2' server arguments format, indicating a semantic/behavioral difference in how gzserver and gzclient separation was implemented compared to the oracle's expectation."
openai_gpt-5.5,simulation_integration,task_003_turtlebot3_gazebo,OVERALL_HIDDEN_ERROR_CHECK,FAILED,E2,"No code was generated or parsing failed, yet the oracle reported SUCCESS, indicating a missed hard error."
openai_gpt-5.5,simulation_integration,task_004_industrial_robot_simulator,test_launch_system_migration_check,FAILED,A1,"No code was generated, so the migrated launch file does not exist, causing a FileNotFoundError."
openai_gpt-5.5,simulation_integration,task_004_industrial_robot_simulator,OVERALL_HIDDEN_ERROR_CHECK,FAILED,E2,"No code was generated or parse failed, which is a critical hard error that should not be considered a success."
openai_gpt-5.5,simulation_integration,task_005_Allegro_Hand_V5_ROS1_Task,test_cmake_ros2_ament_integrity,FAILED,A1,"No code was generated, so the CMakeLists.txt file is empty and fails all integrity checks."
openai_gpt-5.5,simulation_integration,task_005_Allegro_Hand_V5_ROS1_Task,test_imu_physics_frequency_scaling_semantics,FAILED,C3,"The generated code is missing the 1/sqrt(dt) white noise scaling required for correct IMU physics semantics, which is a behavioral/semantic error."
openai_gpt-5.5,simulation_integration,task_005_Allegro_Hand_V5_ROS1_Task,test_ros2_api_usage,FAILED,B1,"The generated code still uses legacy ROS 1 / old Gazebo APIs (e.g., imu_pub_->Publish) and lacks rclcpp::init, rclcpp::Node::make_shared, and create_publisher<sensor_msgs::msg::Imu>, indicating the ROS 1 API was not replaced with ROS 2 equivalents."
openai_gpt-5.5,simulation_integration,task_005_Allegro_Hand_V5_ROS1_Task,test_no_legacy_remnants,FAILED,B1,The migrated code still uses legacy Gazebo Protobuf API calls (set_allocated_*) and imu_pub_->Publish instead of converting to ROS 2 sensor_msgs::msg::Imu publishing.
openai_gpt-5.5,simulation_integration,task_005_Allegro_Hand_V5_ROS1_Task,test_msgbuffer_memory_logic,FAILED,A1,"No code was generated, so the msgbuffer.h file is empty and fails all content assertions."
openai_gpt-5.5,simulation_integration,task_005_Allegro_Hand_V5_ROS1_Task,test_msgbuffer_safety_assertions,FAILED,A1,"No code was generated or parsing failed, resulting in empty files that cannot satisfy any test assertions."
openai_gpt-5.5,simulation_integration,task_005_Allegro_Hand_V5_ROS1_Task,test_header_inclusion_semantics,FAILED,E2,"No code was generated, resulting in empty files that fail the test; this is a critical hard failure missed by generation."
openai_gpt-5.5,simulation_integration,task_005_Allegro_Hand_V5_ROS1_Task,OVERALL_HIDDEN_ERROR_CHECK,FAILED,E2,"No code was generated or parse failed, yet the oracle reported SUCCESS, indicating a critical missed hard error."
openai_gpt-5.5,simulation_integration,task_006-ardupilot-gazebo,test_socket_pollin_logic,FAILED,A1,"No code was generated, so the SocketUDP.cc file is empty and fails all content checks."
openai_gpt-5.5,simulation_integration,task_006-ardupilot-gazebo,test_socket_recv_semantics,FAILED,A1,"No code was generated or parsing failed, resulting in empty file content that cannot satisfy the MSG_DONTWAIT requirement."
openai_gpt-5.5,simulation_integration,task_006-ardupilot-gazebo,test_preupdate_protocol_parsing,FAILED,A1,"No code was generated or parsing failed, resulting in empty content that cannot satisfy any test assertions."
openai_gpt-5.5,simulation_integration,task_006-ardupilot-gazebo,test_lockstep_logic,FAILED,A1,"No code was generated or parsing failed, resulting in empty file content that cannot satisfy the lockstep logic assertion."
openai_gpt-5.5,simulation_integration,task_006-ardupilot-gazebo,test_pwm_normalization_logic,FAILED,E2,"No code was generated, so the file is empty and fails the test for PWM normalization logic, indicating a critical missing implementation."
openai_gpt-5.5,simulation_integration,task_006-ardupilot-gazebo,test_joint_command_application,FAILED,E2,"No code was generated, so all tests fail by default including this one which requires Gazebo Sim Joint Command component usage."
openai_gpt-5.5,simulation_integration,task_006-ardupilot-gazebo,test_failsafe_handling,FAILED,A1,"No code was generated or parsing failed, resulting in empty file content and test failure."
openai_gpt-5.5,simulation_integration,task_006-ardupilot-gazebo,OVERALL_HIDDEN_ERROR_CHECK,FAILED,E2,"No code was generated or parsing failed, so all tests trivially pass against empty content, masking a complete failure to produce output."
openai_gpt-5.5,simulation_integration,task_007_carla_ros_bridge,test_bridge_update_trigger_with_timestamp,FAILED,E2,"The generated code is missing entirely (parse failure), which is a critical hard error preventing any functionality."
openai_gpt-5.5,simulation_integration,task_007_carla_ros_bridge,test_actor_factory_pre_tick_update,FAILED,E2,"No code was generated, so all tests fail including this one which expects specific actor factory update logic before world tick."
openai_gpt-5.5,simulation_integration,task_007_carla_ros_bridge,OVERALL_HIDDEN_ERROR_CHECK,FAILED,E2,"The generated code is empty ('NO CODE GENERATED OR PARSE FAILED'), which is a critical hard error that the oracle failed to catch as SUCCESS."
openai_gpt-5.5,simulation_integration,task_008_navigation_recovery_action,OVERALL_CODE_CHECK,SUCCESS,E2,"The generated code is empty ('NO CODE GENERATED OR PARSE FAILED'), which would fail compilation entirely, but the oracle reportedly passed—indicating a missed hard error."
openai_gpt-5.5,multi_node,task_001_rosserial_python_integration,test_node_logger_usage,FAILED,E2,"The generated code was empty or failed to parse, meaning no migration occurred, which is a critical hard error that prevents any functionality."
openai_gpt-5.5,multi_node,task_001_rosserial_python_integration,OVERALL_HIDDEN_ERROR_CHECK,FAILED,E2,"No code was generated or parsing failed, so the oracle could not have legitimately passed; this is a missed hard error."
openai_gpt-5.5,multi_node,task_002_sm_rosbag_recorder,test_recorder_qos_awareness,FAILED,C2,The generated recorder.cpp lacks QoS compatibility logic (BestEffort/SensorDataQoS) needed for subscribing to sensor topics in ROS 2.
openai_gpt-5.5,multi_node,task_002_sm_rosbag_recorder,test_absence_of_legacy_ros1,FAILED,B1,The generated recorder.cpp retains legacy ROS 1 API 'ros::NodeHandle' instead of replacing it with ROS 2 equivalents.
openai_gpt-5.5,multi_node,task_002_sm_rosbag_recorder,OVERALL_HIDDEN_ERROR_CHECK,FAILED,E2,"No code was generated or parsing failed, which is a critical hard error that should not have resulted in a SUCCESS oracle status."
openai_gpt-5.5,multi_node,task_004_talker_relay_listener,OVERALL_CODE_CHECK,SUCCESS,E2,"The generated code is empty ('NO CODE GENERATED OR PARSE FAILED'), so all files are missing and read_file returns empty strings, causing the negative/cleanliness tests to trivially pass while the positive assertions should have failed—indicating the oracle missed a hard error."
openai_gpt-5.5,multi_node,task_005_KIE_multiagent_model,test_if_no_xmlrpc_usage,FAILED,B1,The generated code retains legacy xmlrpc imports and usage instead of replacing them with ROS 2 graph API calls.
openai_gpt-5.5,multi_node,task_005_KIE_multiagent_model,OVERALL_HIDDEN_ERROR_CHECK,FAILED,E2,"No code was generated, so the files cannot exist and all tests should fail or skip; reporting SUCCESS is a missed hard error."
openai_gpt-5.5,multi_node,task_006_swarm_ros_bridge,test_hpp_ros2_interface_migration,FAILED,B1,The generated header retains ROS 1 Subscriber/Publisher types instead of migrating to rclcpp::Subscription/Publisher::SharedPtr.
openai_gpt-5.5,multi_node,task_006_swarm_ros_bridge,test_cpp_node_inheritance_usage,FAILED,C3,"The generated code does not use the expected ROS 2 node creation pattern (this->create_publisher or node->create_publisher), indicating a semantic migration error where publisher/subscription creation was not properly converted to ROS 2 idioms."
openai_gpt-5.5,multi_node,task_006_swarm_ros_bridge,test_system_callback_consistency,FAILED,C3,"The generated code's callback signature does not match the expected ROS 2 SharedPtr pattern 'sub_cb(const T::SharedPtr msg)', indicating a semantic migration error in the callback signature."
openai_gpt-5.5,multi_node,task_006_swarm_ros_bridge,OVERALL_HIDDEN_ERROR_CHECK,FAILED,E2,"No code was generated at all, yet the oracle reported SUCCESS, which is a clear missed hard error."
openai_gpt-5.5,multi_node,task_007_aws_les,test_member_variable_consistency,FAILED,A1,"No code was generated or parsing failed, resulting in missing files that the test cannot locate."
openai_gpt-5.5,multi_node,task_007_aws_les,test_callback_signature_sync,FAILED,A1,"No code was generated, so the required source files do not exist, causing all tests including test_callback_signature_sync to fail with FileNotFoundError."
openai_gpt-5.5,multi_node,task_007_aws_les,test_inheritance_pattern,FAILED,A1,"No code was generated, so the required files don't exist, causing the test to fail with FileNotFoundError."
openai_gpt-5.5,multi_node,task_007_aws_les,test_message_namespace_migration,FAILED,A1,"No code was generated, causing all tests to fail due to missing source files."
openai_gpt-5.5,multi_node,task_007_aws_les,test_ros1_leakage_cleanup,FAILED,A1,"No code was generated or parsing failed, so the required source files do not exist, causing all tests including this one to fail with FileNotFoundError."
openai_gpt-5.5,multi_node,task_007_aws_les,OVERALL_HIDDEN_ERROR_CHECK,FAILED,E2,"The generated code is empty ('NO CODE GENERATED OR PARSE FAILED'), which is a critical hard error that the oracle test failed to catch as SUCCESS."
openai_gpt-5.5,multi_node,task_009_fleet_system,test_time_struct_field_sync,FAILED,A1,"No code was generated, so required files like schema.fbs and msg2fbs.py do not exist, causing FileNotFoundError."
openai_gpt-5.5,multi_node,task_009_fleet_system,test_header_schema_no_seq,FAILED,A1,"No code was generated, so required files like schema.fbs are missing causing FileNotFoundError."
openai_gpt-5.5,multi_node,task_009_fleet_system,test_namespace_conversion_logic,FAILED,C3,"The generated code lacks the explicit string replacement logic to convert ROS 2 '/' separators to FBS '.' namespaces, indicating a missed semantic conversion requirement for ROS 2 type paths."
openai_gpt-5.5,multi_node,task_009_fleet_system,test_no_ros1_naming_leakage,FAILED,A1,"No code was generated, so required files (msg2fbs.py and schema.fbs) are missing, causing FileNotFoundError."
openai_gpt-5.5,multi_node,task_009_fleet_system,OVERALL_HIDDEN_ERROR_CHECK,FAILED,E2,"No code was generated or parsing failed, yet the oracle reported SUCCESS, indicating the tests failed to catch the absence of any implementation."
openai_gpt-5.5,multi_node,task_011_amr_interop,test_py_ros_to_mqtt_orchestration,FAILED,C3,"The generated code's subscription for VDAOrderState was not linked to the _publish_state callback as required, indicating a semantic/behavioral error in the ROS-to-MQTT orchestration wiring."
openai_gpt-5.5,multi_node,task_011_amr_interop,test_no_ros1_terminology_leakage,FAILED,E1,"The test itself has a regex error (unterminated subpattern from 'Publisher(' being interpolated into the pattern), causing it to fail regardless of generated code content."
openai_gpt-5.5,multi_node,task_011_amr_interop,OVERALL_HIDDEN_ERROR_CHECK,FAILED,E2,"No code was generated or parsing failed, which is a critical hard error that the oracle test failed to catch as SUCCESS."
openai_gpt-5.5,multi_node,task_012_multimaster_flie,test_absence_of_hardcoded_names,FAILED,C3,"The generated code contains a hardcoded '/master_discovery' string instead of using dynamic node name retrieval, which is a semantic/behavioral error in the migration."
openai_gpt-5.5,multi_node,task_012_multimaster_flie,OVERALL_HIDDEN_ERROR_CHECK,FAILED,E2,"No code was generated or parsing failed, which is a critical hard error that should not be considered a success."
deepseek_deepseek-v4-pro,manipulation,task_001_pick_and_place,test_detector_async_non_blocking_pattern,FAILED,B1,The detector file retains the ROS 1 'wait_for_service' pattern which the oracle flagged as a leakage failure; legacy API was not fully replaced in the migration.
deepseek_deepseek-v4-pro,manipulation,task_001_pick_and_place,test_static_interface_linkage_consistency,FAILED,C3,"The state machine file does not contain the '/object_detection' topic string, causing the linkage consistency check to fail as the topic naming isn't synchronized across components."
deepseek_deepseek-v4-pro,manipulation,task_001_pick_and_place,OVERALL_HIDDEN_ERROR_CHECK,FAILED,P1,"The generated code properly uses ROS 2 patterns including MultiThreadedExecutor, spin_until_future_complete, and rclpy lifecycle management, with no residual ROS 1 artifacts visible in this file."
deepseek_deepseek-v4-pro,manipulation,task_002_ur5_pick_and_place,test_controller_move_to_logic,FAILED,C3,"The generated controller.py lacks the Slerp orientation interpolation logic required for safe arm movement, representing a semantic/behavioral migration error."
deepseek_deepseek-v4-pro,manipulation,task_002_ur5_pick_and_place,test_trajectory_interpolation_integrity,FAILED,C3,"The generated controller.py contains a loop but lacks Slerp orientation interpolation, failing to implement the required smooth trajectory interpolation behavior."
deepseek_deepseek-v4-pro,manipulation,task_002_ur5_pick_and_place,OVERALL_HIDDEN_ERROR_CHECK,FAILED,E2,"The generated code is empty ('NO CODE GENERATED OR PARSE FAILED'), which is a critical hard error that the oracle failed to catch as SUCCESS."
deepseek_deepseek-v4-pro,manipulation,task_003_ur5_red_box,test_cmakelists_rosidl_integrity,FAILED,C3,"The generated output only includes the Python service node and does not provide a CMakeLists.txt with rosidl_generate_interfaces, so the build system migration is incomplete."
deepseek_deepseek-v4-pro,manipulation,task_003_ur5_red_box,test_package_xml_modern_format,FAILED,C3,"The generated migration did not produce a package.xml file, so the test for modern format 3 failed because the file content was empty."
deepseek_deepseek-v4-pro,manipulation,task_003_ur5_red_box,OVERALL_HIDDEN_ERROR_CHECK,FAILED,E2,"The code imports moveit_commander and calls moveit_commander.roscpp_initialize(sys.argv), which is a ROS 1 API not available in ROS 2 (MoveIt 2 uses pymoveit2 or moveit_py instead), causing a runtime ImportError that the oracle tests failed to catch."
deepseek_deepseek-v4-pro,manipulation,task_004_simplified_pick_place,test_migration_tf2_logic,FAILED,B1,"The generated ez_tools.py still uses legacy 'import tf' instead of migrating to tf2_ros.Buffer/TransformListener, indicating ROS 1 TF API was not replaced."
deepseek_deepseek-v4-pro,manipulation,task_004_simplified_pick_place,test_migration_async_handling,FAILED,E2,"The generated code retains legacy ROS 1 synchronous service calls instead of using ROS 2's call_async/spin_until_future_complete pattern, indicating an unmigrated API."
deepseek_deepseek-v4-pro,manipulation,task_004_simplified_pick_place,OVERALL_HIDDEN_ERROR_CHECK,FAILED,E2,"No code was generated or parsing failed, which means the migration is entirely missing, yet the oracle reported SUCCESS — a critical hard error was not caught."
deepseek_deepseek-v4-pro,manipulation,task_005_interbotix_demo,test_shared_node_instance,FAILED,A1,"The generated code is empty ('NO CODE GENERATED OR PARSE FAILED'), so no rclpy.create_node() exists, causing the test to fail at the most basic level."
deepseek_deepseek-v4-pro,manipulation,task_005_interbotix_demo,test_cluster_position_destructuring,FAILED,C3,"The generated code is missing the cluster position destructuring pattern (x, y, z = cluster['position']), indicating a semantic/behavioral error where the perception data handling logic was not properly migrated."
deepseek_deepseek-v4-pro,manipulation,task_005_interbotix_demo,OVERALL_HIDDEN_ERROR_CHECK,FAILED,E2,"The generated code is empty ('NO CODE GENERATED OR PARSE FAILED'), which is a critical hard error, but the oracle test suite reported SUCCESS, failing to catch this complete absence of migration."
deepseek_deepseek-v4-pro,manipulation,task_006_pick_up_objects,test_service_interface_alignment,FAILED,A1,"No code was generated or parsing failed, so the test cannot find any service definitions, causing the assertion to fail."
deepseek_deepseek-v4-pro,manipulation,task_006_pick_up_objects,test_no_leading_slashes_in_topics,FAILED,C3,"The generated manager code retained a leading slash on '/gazebo' topic/service name, violating ROS 2 naming conventions and causing the static consistency test to fail."
deepseek_deepseek-v4-pro,manipulation,task_006_pick_up_objects,test_no_nested_spin,FAILED,C1,"The generated manager code contains a method that calls rclpy.spin inside it, which is a nested spin anti-pattern indicating a node/lifecycle logic issue."
deepseek_deepseek-v4-pro,manipulation,task_006_pick_up_objects,OVERALL_HIDDEN_ERROR_CHECK,FAILED,E2,"The generated code is empty ('NO CODE GENERATED OR PARSE FAILED'), which is a critical hard error, but the oracle reported SUCCESS, indicating the tests failed to catch the missing code."
deepseek_deepseek-v4-pro,manipulation,task_007_tm_robot_arms,test_demo_blocking_call,FAILED,C3,"The generated demo script calls ask_item without a wait_time > 0 argument, failing to implement the required blocking service call behavior."
deepseek_deepseek-v4-pro,manipulation,task_007_tm_robot_arms,test_svr_callback_notification,FAILED,C3,"The generated code is missing the condition variable notification (svr_cond_.notify_all/one) in the SVR callback, which is a semantic/behavioral error causing the service to always timeout."
deepseek_deepseek-v4-pro,manipulation,task_007_tm_robot_arms,OVERALL_HIDDEN_ERROR_CHECK,FAILED,E2,"No code was generated or parsing failed, so the files don't exist; the oracle reports SUCCESS but the migration is clearly a hard failure."
deepseek_deepseek-v4-pro,manipulation,task_008_allegro_hand,test_emergency_stop_logic,FAILED,C3,"The generated code lacks the emergency stop check (lEmergencyStop < 0) that triggers a shutdown, representing a missing semantic/behavioral safety feature in the control loop."
deepseek_deepseek-v4-pro,manipulation,task_008_allegro_hand,test_variable_naming_consistency,FAILED,E2,"No code was generated or parsing failed, which is a critical hard error preventing any functional output."
deepseek_deepseek-v4-pro,manipulation,task_008_allegro_hand,OVERALL_HIDDEN_ERROR_CHECK,FAILED,E2,"No code was generated or parse failed, which is a critical hard error that the oracle marked as SUCCESS."
deepseek_deepseek-v4-pro,manipulation,task_009_urdf,test_urdf_kinematics,FAILED,C3,"The generated code is a package.xml for a Husky controller, completely unrelated to the required URDF/SRDF/joint_limits files the test expects, so the required files don't exist."
deepseek_deepseek-v4-pro,manipulation,task_009_urdf,test_srdf_semantic_logic,FAILED,C3,"The generated code is a package.xml for a Husky controller, completely unrelated to the required URDF/SRDF/joint_limits files for a manipulator arm, so the SRDF file does not exist."
deepseek_deepseek-v4-pro,manipulation,task_009_urdf,test_joint_limits_overrides,FAILED,C3,The generated code is for an unrelated husky controller package and does not produce the required joint_limits.yaml file expected by the test.
deepseek_deepseek-v4-pro,manipulation,task_009_urdf,OVERALL_HIDDEN_ERROR_CHECK,FAILED,P1,"The generated package.xml is a valid ROS 2 manifest with correct format, dependencies, and build type declarations, with no hidden errors."
deepseek_deepseek-v4-pro,manipulation,task_010_reach_study,test_ros1_remnants_check,FAILED,B1,"The generated code still contains ROS 1 'ros::' namespace references in the transformed_point_cloud_target_pose_generator.cpp file, indicating incomplete migration of legacy ROS 1 APIs."
deepseek_deepseek-v4-pro,manipulation,task_010_reach_study,OVERALL_HIDDEN_ERROR_CHECK,FAILED,E2,"No code was generated or parsing failed, which means the migration is entirely missing yet the oracle reported SUCCESS, indicating a critical hard error was not caught."
deepseek_deepseek-v4-pro,navigation,task_001_simple_map_navigation_2d,OVERALL_HIDDEN_ERROR_CHECK,FAILED,E2,"No code was generated, so there is nothing for the oracle to validate; this is a critical missed error rather than a true success."
deepseek_deepseek-v4-pro,navigation,task_002_husky_sim_navigation,test_pkg_format_and_buildtool,FAILED,A1,"No code was generated, so package.xml is empty and fails all checks including the format 3 requirement."
deepseek_deepseek-v4-pro,navigation,task_002_husky_sim_navigation,test_nav_stack_replacement,FAILED,E2,"No code was generated, so the package.xml is empty and missing all required Nav2 dependencies, representing a critical hard failure."
deepseek_deepseek-v4-pro,navigation,task_002_husky_sim_navigation,test_cmake_asset_installation,FAILED,A1,"No code was generated or parsing failed, resulting in empty files that cannot satisfy the CMakeLists.txt asset installation requirements."
deepseek_deepseek-v4-pro,navigation,task_002_husky_sim_navigation,test_cmake_ament_registration,FAILED,A1,"No code was generated, so the CMakeLists.txt is empty and missing the required ament_package() call."
deepseek_deepseek-v4-pro,navigation,task_002_husky_sim_navigation,test_launch_path_resolution,FAILED,A1,"No code was generated or parsing failed, resulting in empty files that cannot satisfy the launch path resolution requirements."
deepseek_deepseek-v4-pro,navigation,task_002_husky_sim_navigation,test_launch_conditional_logic,FAILED,A1,"No code was generated or parsing failed, resulting in empty files that cannot satisfy any test requirements."
deepseek_deepseek-v4-pro,navigation,task_002_husky_sim_navigation,OVERALL_HIDDEN_ERROR_CHECK,FAILED,E2,"No code was generated or parsing failed, which is a critical hard error that the oracle test failed to catch."
deepseek_deepseek-v4-pro,navigation,task_003_waypoint_following,test_dependency_sync_xml_and_cmake,FAILED,A1,"No code was generated or parsing failed, resulting in empty files that cannot satisfy the dependency synchronization check."
deepseek_deepseek-v4-pro,navigation,task_003_waypoint_following,test_interface_sync_cmake_and_cpp,FAILED,A1,"No code was generated or parsing failed, resulting in empty files that cannot satisfy the CMake linking requirements."
deepseek_deepseek-v4-pro,navigation,task_003_waypoint_following,test_cpp_action_server_logic,FAILED,C3,The generated C++ code is missing the core arithmetic logic 'a + b' required for functional parity with the original action server.
deepseek_deepseek-v4-pro,navigation,task_003_waypoint_following,test_build_system_migration,FAILED,A1,"No code was generated or parsing failed, so package.xml is empty and lacks ament_cmake references."
deepseek_deepseek-v4-pro,navigation,task_003_waypoint_following,OVERALL_HIDDEN_ERROR_CHECK,FAILED,E2,"No code was generated or parsing failed, which is a critical hard error that should have caused test failure but the oracle reported SUCCESS."
deepseek_deepseek-v4-pro,navigation,task_004_obstacle_avoidance,test_cmake_integration,FAILED,A1,"No code was generated or parsing failed, resulting in empty files that cannot satisfy CMake integration requirements."
deepseek_deepseek-v4-pro,navigation,task_004_obstacle_avoidance,test_package_xml_deps,FAILED,E2,"No code was generated, so all files including package.xml are empty, which is a critical hard failure that the test correctly caught."
deepseek_deepseek-v4-pro,navigation,task_004_obstacle_avoidance,OVERALL_HIDDEN_ERROR_CHECK,FAILED,E2,"The generated code is empty ('NO CODE GENERATED OR PARSE FAILED'), which is a critical hard error that should not pass any meaningful migration test."
deepseek_deepseek-v4-pro,navigation,task_005_plugin_replacement,test_interface_signature_consistency,FAILED,E2,"No code was generated, so the required header file is missing entirely, which is a critical hard error preventing compilation."
deepseek_deepseek-v4-pro,navigation,task_005_plugin_replacement,test_implementation_semantic_flow,FAILED,E2,"No code was generated/parsed, so this is a critical hard failure that the oracle correctly detected via missing required patterns."
deepseek_deepseek-v4-pro,navigation,task_005_plugin_replacement,test_build_system_bridge,FAILED,A1,"No code was generated, so the CMakeLists.txt file is empty, causing the build system test to fail on missing plugin installation directive."
deepseek_deepseek-v4-pro,navigation,task_005_plugin_replacement,OVERALL_HIDDEN_ERROR_CHECK,FAILED,E2,"No code was generated or parsing failed, which is a critical hard error that the oracle test failed to catch as a failure."
deepseek_deepseek-v4-pro,navigation,task_007_navigation_sensor_failure,test_service_binding_logic,FAILED,C3,"The generated code's create_service call does not match the expected std::bind pattern with two placeholders, indicating an incorrect or alternative service binding implementation."
deepseek_deepseek-v4-pro,navigation,task_007_navigation_sensor_failure,OVERALL_HIDDEN_ERROR_CHECK,FAILED,E2,"The generated code is empty ('NO CODE GENERATED OR PARSE FAILED'), which is a critical hard error, yet the oracle reported SUCCESS."
deepseek_deepseek-v4-pro,navigation,task_008_exploration_mapping,test_architecture_transformation,FAILED,B1,The generated code retained the ROS 1 standalone Node pattern with main() and did not refactor to the ROS 2 hardware_interface::SystemInterface plugin architecture.
deepseek_deepseek-v4-pro,navigation,task_008_exploration_mapping,test_interface_matching_logic,FAILED,C3,"The generated code retains a standalone Node architecture with main() and lacks the SystemInterface plugin structure including joint names like left_wheel_joint, indicating a semantic migration failure rather than a syntax or false positive issue."
deepseek_deepseek-v4-pro,navigation,task_008_exploration_mapping,test_yaml_structure_and_sync,FAILED,A1,"No code was generated, so the required controllers.yaml file does not exist, causing a FileNotFoundError."
deepseek_deepseek-v4-pro,navigation,task_008_exploration_mapping,OVERALL_HIDDEN_ERROR_CHECK,FAILED,E2,"No code was generated or parsing failed, which is a critical hard error that should have failed all tests but the oracle status reports SUCCESS."
deepseek_deepseek-v4-pro,simulation_integration,task_001_urdf,test_urdf_base_link_consistency,FAILED,C3,"The generated code only produced a package.xml file but did not create the required macroed.urdf.xacro file, causing the test to fail due to missing file."
deepseek_deepseek-v4-pro,simulation_integration,task_001_urdf,test_urdf_inertial_integration,FAILED,C3,"The generated code only contains a package.xml for an unrelated package, completely missing the required URDF/Xacro file and launch file that the test expects."
deepseek_deepseek-v4-pro,simulation_integration,task_001_urdf,test_launch_xacro_command_api,FAILED,C3,"The generated code only provides a package.xml but does not include the required display.launch file or the URDF xacro file, causing the test to fail due to missing artifacts."
deepseek_deepseek-v4-pro,simulation_integration,task_001_urdf,test_launch_resource_indexing,FAILED,C3,The generated code only contains a package.xml for an unrelated husky_highlevel_controller package and is missing the required display.launch and urdf xacro files that the test expects.
deepseek_deepseek-v4-pro,simulation_integration,task_001_urdf,test_launch_parameter_wrapping,FAILED,C3,"The generated code only provides a package.xml for an unrelated package (husky_highlevel_controller), completely missing the required display.launch and macroed.urdf.xacro files that the test expects."
deepseek_deepseek-v4-pro,simulation_integration,task_001_urdf,test_anti_leakage_ros1_substitution,FAILED,C3,"The generated code only provides a package.xml for an unrelated husky_highlevel_controller package and completely omits the required display.launch and macroed.urdf.xacro files, causing the test to fail due to missing files."
deepseek_deepseek-v4-pro,simulation_integration,task_001_urdf,test_launch_integration_completeness,FAILED,C3,"The generated code only provides a package.xml but is missing the required display.launch file and macroed.urdf.xacro entirely, causing the test to fail because the file does not exist."
deepseek_deepseek-v4-pro,simulation_integration,task_001_urdf,OVERALL_HIDDEN_ERROR_CHECK,FAILED,E2,"The generated code only contains a package.xml for a completely different package (husky_highlevel_controller) and is missing the required URDF xacro file and launch file that the oracle tests expect, which would cause all tests to fail."
deepseek_deepseek-v4-pro,simulation_integration,task_002_gazebo_plugin,test_cpp_load_function_signature,FAILED,C3,"The generated code's Load function signature does not match the required pattern with physics::WorldPtr and sdf::ElementPtr arguments, indicating a semantic/behavioral error in the migration."
deepseek_deepseek-v4-pro,simulation_integration,task_002_gazebo_plugin,test_launch_empty_world_inclusion,FAILED,E2,"No code was generated, so the required launch file was never produced, causing the test to fail due to a missing file (a hard error)."
deepseek_deepseek-v4-pro,simulation_integration,task_002_gazebo_plugin,test_launch_world_parameter_passing,FAILED,A1,"No code was generated or parsing failed, so the required launch file does not exist, causing the file-not-found failure."
deepseek_deepseek-v4-pro,simulation_integration,task_002_gazebo_plugin,test_launch_xml_structure,FAILED,A1,"No code was generated, so the required launch file does not exist, causing the test to fail at file lookup."
deepseek_deepseek-v4-pro,simulation_integration,task_002_gazebo_plugin,test_anti_leakage_ros2_substitution,FAILED,A1,"No code was generated, so the required hello.launch file does not exist, causing the test to fail at file lookup."
deepseek_deepseek-v4-pro,simulation_integration,task_002_gazebo_plugin,OVERALL_HIDDEN_ERROR_CHECK,FAILED,E2,"No code was generated or parsing failed, which is a critical hard error that should have caused all tests to fail, but the oracle reported SUCCESS."
deepseek_deepseek-v4-pro,simulation_integration,task_003_turtlebot3_gazebo,test_burger_base_link_mesh,FAILED,A1,"No code was generated or parsing failed, so the required URDF file does not exist, causing a FileNotFoundError."
deepseek_deepseek-v4-pro,simulation_integration,task_003_turtlebot3_gazebo,test_burger_collision_geometry,FAILED,A1,"No code was generated, so the required URDF file does not exist, causing the test to fail with FileNotFoundError."
deepseek_deepseek-v4-pro,simulation_integration,task_003_turtlebot3_gazebo,test_burger_inertial_properties,FAILED,A1,"No code was generated or parsing failed, so the required URDF file does not exist, causing the test to fail with FileNotFoundError."
deepseek_deepseek-v4-pro,simulation_integration,task_003_turtlebot3_gazebo,test_waffle_dual_caster_structure,FAILED,A1,"No code was generated, so the required URDF files do not exist, causing FileNotFoundError."
deepseek_deepseek-v4-pro,simulation_integration,task_003_turtlebot3_gazebo,test_waffle_base_link_mesh,FAILED,A1,"No code was generated, so the required URDF file does not exist, causing the test to fail with FileNotFoundError."
deepseek_deepseek-v4-pro,simulation_integration,task_003_turtlebot3_gazebo,test_launch_uses_modern_gz_sim,FAILED,C3,"The generated launch file does not reference the modern gz_sim.launch.py from ros_gz_sim package, indicating incomplete migration from Gazebo Classic to modern Gazebo (semantic/behavioral error)."
deepseek_deepseek-v4-pro,simulation_integration,task_003_turtlebot3_gazebo,test_launch_server_client_separation,FAILED,C3,"The generated launch file does not include the separated gzserver/gzclient command structure with the expected '-r -s -v2' arguments, indicating a semantic/behavioral migration error."
deepseek_deepseek-v4-pro,simulation_integration,task_003_turtlebot3_gazebo,OVERALL_HIDDEN_ERROR_CHECK,FAILED,E2,"No code was generated or parse failed, yet the oracle reported SUCCESS, indicating a missed hard error."
deepseek_deepseek-v4-pro,simulation_integration,task_004_industrial_robot_simulator,test_launch_system_migration_check,FAILED,A1,"No code was generated, so the launch file does not exist, causing FileNotFoundError."
deepseek_deepseek-v4-pro,simulation_integration,task_004_industrial_robot_simulator,OVERALL_HIDDEN_ERROR_CHECK,FAILED,E2,"No code was generated or parsing failed, which is a critical hard error, yet the oracle marked it as SUCCESS."
deepseek_deepseek-v4-pro,simulation_integration,task_005_Allegro_Hand_V5_ROS1_Task,test_cmake_ros2_ament_integrity,FAILED,A1,"No code was generated, so the CMakeLists.txt file is empty and fails the basic ament_cmake integration check."
deepseek_deepseek-v4-pro,simulation_integration,task_005_Allegro_Hand_V5_ROS1_Task,test_imu_physics_frequency_scaling_semantics,FAILED,B1,"The generated code retains legacy ROS 1/old Gazebo API patterns and lacks the required 1/sqrt(dt) noise scaling expression, indicating the migration logic was not properly applied."
deepseek_deepseek-v4-pro,simulation_integration,task_005_Allegro_Hand_V5_ROS1_Task,test_ros2_api_usage,FAILED,B1,"The generated code still uses legacy ROS 1 / old Gazebo APIs (e.g., imu_pub_->Publish) and lacks rclcpp::init and ROS 2 publisher creation, indicating the ROS 1 API was not replaced."
deepseek_deepseek-v4-pro,simulation_integration,task_005_Allegro_Hand_V5_ROS1_Task,test_no_legacy_remnants,FAILED,B1,The generated code retains legacy Gazebo Protobuf 'set_allocated_' calls and the old Publish pattern instead of migrating to ROS 2 sensor_msgs::msg::Imu publishing.
deepseek_deepseek-v4-pro,simulation_integration,task_005_Allegro_Hand_V5_ROS1_Task,test_msgbuffer_memory_logic,FAILED,A1,"No code was generated, so the msgbuffer.h file is empty and lacks all required MAVLink buffer definitions."
deepseek_deepseek-v4-pro,simulation_integration,task_005_Allegro_Hand_V5_ROS1_Task,test_msgbuffer_safety_assertions,FAILED,A1,"No code was generated or parsing failed, resulting in empty file content that fails all assertions including the buffer safety check."
deepseek_deepseek-v4-pro,simulation_integration,task_005_Allegro_Hand_V5_ROS1_Task,test_header_inclusion_semantics,FAILED,A1,"No code was generated or parsing failed, resulting in empty files that cannot satisfy any content assertions."
deepseek_deepseek-v4-pro,simulation_integration,task_005_Allegro_Hand_V5_ROS1_Task,OVERALL_HIDDEN_ERROR_CHECK,FAILED,E2,"No code was generated, which is a critical failure that should not have resulted in a SUCCESS oracle status."
deepseek_deepseek-v4-pro,simulation_integration,task_006-ardupilot-gazebo,test_socket_pollin_logic,FAILED,A1,"No code was generated or parsing failed, so the SocketUDP.cc file is empty and lacks all required select() implementation."
deepseek_deepseek-v4-pro,simulation_integration,task_006-ardupilot-gazebo,test_socket_recv_semantics,FAILED,A1,"No code was generated or parsing failed, resulting in empty file content that cannot satisfy any test assertions."
deepseek_deepseek-v4-pro,simulation_integration,task_006-ardupilot-gazebo,test_preupdate_protocol_parsing,FAILED,A1,"No code was generated or parsing failed, resulting in empty content that cannot satisfy the test's required patterns."
deepseek_deepseek-v4-pro,simulation_integration,task_006-ardupilot-gazebo,test_lockstep_logic,FAILED,A1,"No code was generated or parsing failed, resulting in empty file content that cannot satisfy any test assertions."
deepseek_deepseek-v4-pro,simulation_integration,task_006-ardupilot-gazebo,test_pwm_normalization_logic,FAILED,A1,"No code was generated or parsing failed, resulting in empty file content that cannot satisfy the PWM normalization pattern check."
deepseek_deepseek-v4-pro,simulation_integration,task_006-ardupilot-gazebo,test_joint_command_application,FAILED,E2,"No code was generated or parsing failed, which is a critical hard error preventing any functionality including joint command application."
deepseek_deepseek-v4-pro,simulation_integration,task_006-ardupilot-gazebo,test_failsafe_handling,FAILED,A1,"No code was generated or parsing failed, resulting in empty content that cannot satisfy the failsafe handling check."
deepseek_deepseek-v4-pro,simulation_integration,task_006-ardupilot-gazebo,OVERALL_HIDDEN_ERROR_CHECK,FAILED,E2,"No code was generated or parsing failed, yet the oracle reported SUCCESS, indicating the tests failed to catch this critical absence of code."
deepseek_deepseek-v4-pro,simulation_integration,task_007_carla_ros_bridge,test_twist_linear_rotation_logic,FAILED,C3,"The generated transforms.py lacks the rotation-aware linear velocity transformation logic (missing 'if carla_rotation' branch with carla_vector_to_ros_vector_rotated), indicating a semantic/behavioral omission in the migration."
deepseek_deepseek-v4-pro,simulation_integration,task_007_carla_ros_bridge,test_bridge_sync_tick_order,FAILED,A1,"No code was generated or parsing failed, so the bridge.py file lacks the required get_snapshot() call, causing the test to fail."
deepseek_deepseek-v4-pro,simulation_integration,task_007_carla_ros_bridge,test_bridge_update_trigger_with_timestamp,FAILED,E2,"No code was generated or parsing failed, which is a critical hard error that should prevent any test from passing."
deepseek_deepseek-v4-pro,simulation_integration,task_007_carla_ros_bridge,test_actor_factory_pre_tick_update,FAILED,A1,"No code was generated or parsing failed, so the bridge.py file lacks the required actor_factory.update_available_objects() call, causing the test to fail."
deepseek_deepseek-v4-pro,simulation_integration,task_007_carla_ros_bridge,OVERALL_HIDDEN_ERROR_CHECK,FAILED,E2,"No code was generated or parsing failed, which is a critical hard error that the oracle test failed to catch."
deepseek_deepseek-v4-pro,simulation_integration,task_008_navigation_recovery_action,OVERALL_CODE_CHECK,SUCCESS,E2,"The generated code is empty ('NO CODE GENERATED OR PARSE FAILED'), which cannot possibly pass the oracle tests that check for specific ROS 2 API patterns; this indicates the oracle failed to catch a critical hard error."
deepseek_deepseek-v4-pro,multi_node,task_001_rosserial_python_integration,test_absence_of_global_node_init,FAILED,C3,"The generated SerialClient.py calls rclpy.create_node internally instead of using the injected node, violating the dependency injection pattern required for proper ROS 2 migration."
deepseek_deepseek-v4-pro,multi_node,task_001_rosserial_python_integration,OVERALL_HIDDEN_ERROR_CHECK,FAILED,E2,"No code was generated or parsing failed, so the files cannot exist or function; the oracle reporting SUCCESS is a false negative missing this critical hard error."
deepseek_deepseek-v4-pro,multi_node,task_002_sm_rosbag_recorder,test_recorder_qos_awareness,FAILED,C2,"The generated recorder.cpp lacks QoS compatibility logic (BestEffort/SensorDataQoS) needed for sensor topic support, causing the QoS awareness test to fail."
deepseek_deepseek-v4-pro,multi_node,task_002_sm_rosbag_recorder,OVERALL_HIDDEN_ERROR_CHECK,FAILED,E2,"No code was generated or parsing failed, which is a critical hard error that the oracle should have caught but reported as SUCCESS."
deepseek_deepseek-v4-pro,multi_node,task_004_talker_relay_listener,OVERALL_CODE_CHECK,SUCCESS,E2,"The generated code is empty ('NO CODE GENERATED OR PARSE FAILED'), which means no files exist; the oracle's read_file returns empty strings and assertions should fail, indicating a missed hard error if reported as success."
deepseek_deepseek-v4-pro,multi_node,task_005_KIE_multiagent_model,OVERALL_CODE_CHECK,SUCCESS,E2,"The generated code is empty ('NO CODE GENERATED OR PARSE FAILED'), which means the oracle tests should have failed since the required files don't exist, but the tests likely skipped due to missing files rather than failing, resulting in a false success."
deepseek_deepseek-v4-pro,multi_node,task_006_swarm_ros_bridge,test_hpp_ros2_interface_migration,FAILED,E2,"The generated code output indicates no code was generated or parsing failed, yet the test was run against existing files showing the header still uses ROS 1 style declarations instead of ROS 2 SharedPtr vectors."
deepseek_deepseek-v4-pro,multi_node,task_006_swarm_ros_bridge,test_cpp_node_inheritance_usage,FAILED,C3,"The generated code does not use 'this->' or 'node->' prefix for create_publisher/create_subscription calls, failing the ROS 2 node creation pattern check."
deepseek_deepseek-v4-pro,multi_node,task_006_swarm_ros_bridge,test_cpp_qos_usage,FAILED,C2,"The generated code failed to include explicit ROS 2 QoS profiles (rclcpp::QoS/SystemDefaultsQoS/SensorDataQoS), which is a QoS Profile Mismatch issue critical for the bridge migration."
deepseek_deepseek-v4-pro,multi_node,task_006_swarm_ros_bridge,test_system_callback_consistency,FAILED,C3,"The generated code migrated most APIs but failed to update the sub_cb callback signature to use the ROS 2 SharedPtr pattern, representing a semantic/behavioral migration error."
deepseek_deepseek-v4-pro,multi_node,task_006_swarm_ros_bridge,OVERALL_HIDDEN_ERROR_CHECK,FAILED,E2,"No code was generated or parse failed, yet the oracle reported SUCCESS, indicating a critical missed hard error."
deepseek_deepseek-v4-pro,multi_node,task_007_aws_les,test_member_variable_consistency,FAILED,A1,"No code was generated, so the required header and source files do not exist, causing the file read to fail."
deepseek_deepseek-v4-pro,multi_node,task_007_aws_les,test_callback_signature_sync,FAILED,A1,"No code was generated or parsing failed, so the required source files do not exist, causing all file-based tests to fail."
deepseek_deepseek-v4-pro,multi_node,task_007_aws_les,test_inheritance_pattern,FAILED,A1,"No code was generated, causing the test to fail with FileNotFoundError when trying to read the header file."
deepseek_deepseek-v4-pro,multi_node,task_007_aws_les,test_message_namespace_migration,FAILED,A1,"No code was generated, causing the test to fail due to missing source files required for analysis."
deepseek_deepseek-v4-pro,multi_node,task_007_aws_les,test_ros1_leakage_cleanup,FAILED,A1,"No code was generated or parsing failed, so the required header and source files do not exist, causing FileNotFoundError."
deepseek_deepseek-v4-pro,multi_node,task_007_aws_les,OVERALL_HIDDEN_ERROR_CHECK,FAILED,E2,"No code was generated or parsing failed, which is a critical hard error that the oracle test failed to catch as SUCCESS."
deepseek_deepseek-v4-pro,multi_node,task_009_fleet_system,test_time_struct_field_sync,FAILED,A1,"No code was generated, so required files like schema.fbs and msg2fbs.py do not exist, causing the test to fail with FileNotFoundError."
deepseek_deepseek-v4-pro,multi_node,task_009_fleet_system,test_header_schema_no_seq,FAILED,A1,"No code was generated, so the required schema.fbs file does not exist, causing the test to fail with FileNotFoundError."
deepseek_deepseek-v4-pro,multi_node,task_009_fleet_system,test_no_ros1_naming_leakage,FAILED,A1,"No code was generated, so required files (msg2fbs.py and schema.fbs) are missing, causing FileNotFoundError."
deepseek_deepseek-v4-pro,multi_node,task_009_fleet_system,OVERALL_HIDDEN_ERROR_CHECK,FAILED,E2,"No code was generated or parsing failed, yet the oracle reported SUCCESS, meaning it failed to catch this critical absence of output."
deepseek_deepseek-v4-pro,multi_node,task_011_amr_interop,test_no_ros1_terminology_leakage,FAILED,E1,"The test failure is due to a regex syntax error in the oracle test itself (using \b with 'Publisher(' creates an invalid pattern), not due to any issue with the generated code."
deepseek_deepseek-v4-pro,multi_node,task_011_amr_interop,OVERALL_HIDDEN_ERROR_CHECK,FAILED,E2,"No code was generated or parse failed, which is a critical hard error that the oracle test failed to catch as a success."
deepseek_deepseek-v4-pro,multi_node,task_012_multimaster_flie,test_monitor_uses_succeed_helper,FAILED,C3,"No code was generated, so the required '_succeed' helper usage is missing from the (nonexistent) MasterMonitor file."
deepseek_deepseek-v4-pro,multi_node,task_012_multimaster_flie,test_sync_loop_prevention,FAILED,E2,"No code was generated, which is a critical failure causing all tests to fail."
deepseek_deepseek-v4-pro,multi_node,task_012_multimaster_flie,test_absence_of_hardcoded_names,FAILED,C3,"The generated code contains hardcoded node name strings like '/master_discovery' instead of using dynamic node name retrieval, which is a semantic/behavioral issue in the migration."
deepseek_deepseek-v4-pro,multi_node,task_012_multimaster_flie,OVERALL_HIDDEN_ERROR_CHECK,FAILED,E2,"No code was generated or parsing failed, which is a critical hard error that the oracle test suite failed to catch as a success."
